A0_V0.1_V0.3.4.1;France;;;;;;;;;;;;;;;;;;;;;;;;;;;;;;;;;;;;;;;;;;;;;;;;;;;;;;;;;;;;;;;;;;;;;;;;;;;;;;;;;;;
;;;;;;;;;;;;;;;;;;;;;;;;;;;;;;;;;;;;;;;;;;;;;;;;;;;;;;;;;;;;;;;;;;;;;;;;;;;;;taux pour 1000;ratio;ratio;ratio;ratio;ratio;ratio;ratio
;;;;;;;;;;;;;;;;;;;;;;;;;;;;;;;;;;;;;;;;;;;;;;;;;;;;;Mis en cause;Mis en cause;Mis en cause;Mis en cause;Mis en cause;Mis en cause;Mis en cause;;;;;;;;;;;;;;;;;;;taux pour 1000 habitants;taux pour 1000 habitants;taux pour 1000 habitants;taux pour 1000 habitants;taux pour 1000 habitants;taux pour 1000 habitants;taux pour 1000 habitants
Source;Lien;Niveau;Niv 1;Niv 1 id;Niv 2;Niv 2 id;Niv 3;Niv 3 id;Niv 4;Niv 4 id;Niv 5;Niv 5 id;Niv 6;Niv 6 id;Niv 7;Niv 7 id;Niv 8;Niv 8 id;Niv 9;Niv 9 id;Niv 10;Niv 10 id;Niv 11;Niv 11 id;;Niv 1 geo;Niv 1 geo id;Niv 2 geo;Niv 2 geo id;Niv 3 geo;Niv 3 geo id;Niv 4 geo;Niv 4 geo id;Niv 5 geo;Niv 5 geo id;Niv 6 geo;Niv 6 geo id;Niv 7 geo;Niv 7 geo id;Niv 8 geo;Niv 8 geo id;Niv 9 geo;Niv 9 geo id;Niv 10 geo;Niv 10 geo id;Niv 11 geo;Niv 11 geo id;Niv 12 geo;Niv 12 geo id;Niv 13 geo;Niv 13 geo id;Data / ventil;2016;2017;2018;2019;2020;2021;2022;;;;;;;;;;;;;;;;;;;2016;2017;2018;2019;2020;2021;2022
;;;;;;;;;;;;;;;;;;;;;;;;;;;;;;;;;;;;;;;;;;;;;;;;;;;;;;;;;;;;;;;;;;;;;;;;;;;;;;;;;;;;
data.gouv.fr;https://www.data.gouv.fr/fr/datasets/bases-statistiques-communale-et-departementale-de-la-delinquance-enregistree-par-la-police-et-la-gendarmerie-nationales/;;Trafic de stupéfiants;V0;;;;;;;;;;;;;;;;;;;;;;France;G0;;;;;;;;;;;;;;;;;;;;;;;;;;40938;44117;45636;47275;41366;46930;49183;;;;;;;;;;;;;;;;;;;0,614516975;0,660623448;0,681245605;0,703027073;0,613568894;0,696097959;0,729516001
;;;;;;;;;;;;;;;;;;;;;;;;;;;;;;;;;;;;;;;;;;;;;;;;;;;;;;;;;;;;;;;;;;;;;;;;;;;;;;;;;;;;
data.gouv.fr;https://www.data.gouv.fr/fr/datasets/bases-statistiques-communale-et-departementale-de-la-delinquance-enregistree-par-la-police-et-la-gendarmerie-nationales/;;Trafic de stupéfiants;V0;;;;;;;;;;;;;;;;;;;;;;France;G0;Métropole;G0.1;;;;;;;;;;;;;;;;;;;;;;;;39508;42724;43941;45790;40174;45367;47363;;;;;;;;;;;;;;;;;;;0,612823643;0,660961836;0,677641338;0,703414338;0,615512804;0,695075655;0,725656717
data.gouv.fr;https://www.data.gouv.fr/fr/datasets/bases-statistiques-communale-et-departementale-de-la-delinquance-enregistree-par-la-police-et-la-gendarmerie-nationales/;;Trafic de stupéfiants;V0;;;;;;;;;;;;;;;;;;;;;;France;G0;Outre-mer;G0.2;;;;;;;;;;;;;;;;;;;;;;;;1430;1393;1695;1485;1192;1563;1820;;;;;;;;;;;;;;;;;;;0,665306897;0,650410604;0,790202791;0,691291542;0,554542925;0,727139759;0,846701447
;;;;;;;;;;;;;;;;;;;;;;;;;;;;;;;;;;;;;;;;;;;;;;;;;;;;;;;;;;;;;;;;;;;;;;;;;;;;;;;;;;;;
data.gouv.fr;https://www.data.gouv.fr/fr/datasets/bases-statistiques-communale-et-departementale-de-la-delinquance-enregistree-par-la-police-et-la-gendarmerie-nationales/;;Trafic de stupéfiants;V0;;;;;;;;;;;;;;;;;;;;;;France;G0;Métropole;G0.1;Moitié nord;G0.1.1;;;;;;;;;;;;;;;;;;;;;;24916;26701;28780;29196;25061;27914;29230;;;;;;;;;;;;;;;;;;;0,631496531;0,675582367;0,726897674;0,735622833;0,63062066;0,70241192;0,73552699
data.gouv.fr;https://www.data.gouv.fr/fr/datasets/bases-statistiques-communale-et-departementale-de-la-delinquance-enregistree-par-la-police-et-la-gendarmerie-nationales/;;Trafic de stupéfiants;V0;;;;;;;;;;;;;;;;;;;;;;France;G0;Métropole;G0.1;Moitié sud;G0.1.2;;;;;;;;;;;;;;;;;;;;;;14592;16023;15161;16594;15113;17453;18133;;;;;;;;;;;;;;;;;;;0,583369414;0,637954913;0,600409035;0,653102645;0,591994811;0,683655491;0,710291928
;;;;;;;;;;;;;;;;;;;;;;;;;;;;;;;;;;;;;;;;;;;;;;;;;;;;;;;;;;;;;;;;;;;;;;;;;;;;;;;;;;;;
data.gouv.fr;https://www.data.gouv.fr/fr/datasets/bases-statistiques-communale-et-departementale-de-la-delinquance-enregistree-par-la-police-et-la-gendarmerie-nationales/;;Trafic de stupéfiants;V0;;;;;;;;;;;;;;;;;;;;;;France;G0;Métropole;G0.1;Moitié nord;G0.1.1;ILE DE FRANCE;G0.1.1.1;;;;;;;;;;;;;;;;;;;;11562;13518;14799;15492;13102;14592;16299;;;;;;;;;;;;;;;;;;;0,954186189;1,110318952;1,211697238;1,263359381;1,067651559;1,1890682;1,328167666
data.gouv.fr;https://www.data.gouv.fr/fr/datasets/bases-statistiques-communale-et-departementale-de-la-delinquance-enregistree-par-la-police-et-la-gendarmerie-nationales/;;Trafic de stupéfiants;V0;;;;;;;;;;;;;;;;;;;;;;France;G0;Métropole;G0.1;Moitié nord;G0.1.1;CENTRE VAL DE LOIRE;G0.1.1.2;;;;;;;;;;;;;;;;;;;;996;966;1194;1039;1048;1128;928;;;;;;;;;;;;;;;;;;;0,386366087;0,374963319;0,464076261;0,403780536;0,407011946;0,43808156;0,360407525
data.gouv.fr;https://www.data.gouv.fr/fr/datasets/bases-statistiques-communale-et-departementale-de-la-delinquance-enregistree-par-la-police-et-la-gendarmerie-nationales/;;Trafic de stupéfiants;V0;;;;;;;;;;;;;;;;;;;;;;France;G0;Métropole;G0.1;Moitié nord;G0.1.1;BOURGOGNE FRANCHE COMTE;G0.1.1.3;;;;;;;;;;;;;;;;;;;;1598;1510;1812;1616;1350;1505;1585;;;;;;;;;;;;;;;;;;;0,567000835;0,53709456;0,645343501;0,575994981;0,481851165;0,537174817;0,565728961
data.gouv.fr;https://www.data.gouv.fr/fr/datasets/bases-statistiques-communale-et-departementale-de-la-delinquance-enregistree-par-la-police-et-la-gendarmerie-nationales/;;Trafic de stupéfiants;V0;;;;;;;;;;;;;;;;;;;;;;France;G0;Métropole;G0.1;Moitié nord;G0.1.1;NORMANDIE;G0.1.1.4;;;;;;;;;;;;;;;;;;;;1656;1565;1725;1476;1322;1297;1307;;;;;;;;;;;;;;;;;;;0,496413443;0,469902518;0,518410796;0,443905502;0,397531575;0,390013959;0,393021005
data.gouv.fr;https://www.data.gouv.fr/fr/datasets/bases-statistiques-communale-et-departementale-de-la-delinquance-enregistree-par-la-police-et-la-gendarmerie-nationales/;;Trafic de stupéfiants;V0;;;;;;;;;;;;;;;;;;;;;;France;G0;Métropole;G0.1;Moitié nord;G0.1.1;HAUTS DE FRANCE;G0.1.1.5;;;;;;;;;;;;;;;;;;;;3147;3222;3288;3298;2861;3312;3257;;;;;;;;;;;;;;;;;;;0,523900134;0,536658774;0,547625059;0,54921384;0,477013485;0,552208551;0,543038421
data.gouv.fr;https://www.data.gouv.fr/fr/datasets/bases-statistiques-communale-et-departementale-de-la-delinquance-enregistree-par-la-police-et-la-gendarmerie-nationales/;;Trafic de stupéfiants;V0;;;;;;;;;;;;;;;;;;;;;;France;G0;Métropole;G0.1;Moitié nord;G0.1.1;GRAND EST;G0.1.1.6;;;;;;;;;;;;;;;;;;;;3138;3070;2939;2848;2546;2625;2688;;;;;;;;;;;;;;;;;;;0,564877576;0,553194418;0,529512436;0,512578788;0,457695441;0,471897302;0,483222837
data.gouv.fr;https://www.data.gouv.fr/fr/datasets/bases-statistiques-communale-et-departementale-de-la-delinquance-enregistree-par-la-police-et-la-gendarmerie-nationales/;;Trafic de stupéfiants;V0;;;;;;;;;;;;;;;;;;;;;;France;G0;Métropole;G0.1;Moitié nord;G0.1.1;PAYS DE LA LOIRE;G0.1.1.7;;;;;;;;;;;;;;;;;;;;1517;1319;1487;1646;1245;1570;1556;;;;;;;;;;;;;;;;;;;0,405871953;0,351021929;0,393238207;0,432422662;0,324885442;0,409694895;0,406041564
data.gouv.fr;https://www.data.gouv.fr/fr/datasets/bases-statistiques-communale-et-departementale-de-la-delinquance-enregistree-par-la-police-et-la-gendarmerie-nationales/;;Trafic de stupéfiants;V0;;;;;;;;;;;;;;;;;;;;;;France;G0;Métropole;G0.1;Moitié nord;G0.1.1;BRETAGNE;G0.1.1.8;;;;;;;;;;;;;;;;;;;;1302;1531;1536;1781;1587;1885;1610;;;;;;;;;;;;;;;;;;;0,393766394;0,461296862;0,460512548;0,53087258;0,470384592;0,558711377;0,47720176
;;;;;;;;;;;;;;;;;;;;;;;;;;;;;;;;;;;;;;;;;;;;;;;;;;;;;;;;;;;;;;;;;;;;;;;;;;;;;;;;;;;;
data.gouv.fr;https://www.data.gouv.fr/fr/datasets/bases-statistiques-communale-et-departementale-de-la-delinquance-enregistree-par-la-police-et-la-gendarmerie-nationales/;;Trafic de stupéfiants;V0;;;;;;;;;;;;;;;;;;;;;;France;G0;Métropole;G0.1;Moitié nord;G0.1.1;ILE DE FRANCE;G0.1.1.1;PARIS;G0.1.1.1.1;;;;;;;;;;;;;;;;;;3280;3619;4197;3777;3248;3598;4442;;;;;;;;;;;;;;;;;;;1,497493297;1,654380337;1,929122114;1,744231958;1,513579812;1,676681085;2,069988154
data.gouv.fr;https://www.data.gouv.fr/fr/datasets/bases-statistiques-communale-et-departementale-de-la-delinquance-enregistree-par-la-police-et-la-gendarmerie-nationales/;;Trafic de stupéfiants;V0;;;;;;;;;;;;;;;;;;;;;;France;G0;Métropole;G0.1;Moitié nord;G0.1.1;ILE DE FRANCE;G0.1.1.1;SEINE ET MARNE;G0.1.1.1.2;;;;;;;;;;;;;;;;;;680;802;881;806;830;869;910;;;;;;;;;;;;;;;;;;;0,486525741;0,571226292;0,623709749;0,567127569;0,58097374;0,608272506;0,636971209
data.gouv.fr;https://www.data.gouv.fr/fr/datasets/bases-statistiques-communale-et-departementale-de-la-delinquance-enregistree-par-la-police-et-la-gendarmerie-nationales/;;Trafic de stupéfiants;V0;;;;;;;;;;;;;;;;;;;;;;France;G0;Métropole;G0.1;Moitié nord;G0.1.1;ILE DE FRANCE;G0.1.1.1;YVELINES;G0.1.1.1.3;;;;;;;;;;;;;;;;;;672;778;702;833;696;726;795;;;;;;;;;;;;;;;;;;;0,469336671;0,540929147;0,487027178;0,575194016;0,480091714;0,500785322;0,548380622
data.gouv.fr;https://www.data.gouv.fr/fr/datasets/bases-statistiques-communale-et-departementale-de-la-delinquance-enregistree-par-la-police-et-la-gendarmerie-nationales/;;Trafic de stupéfiants;V0;;;;;;;;;;;;;;;;;;;;;;France;G0;Métropole;G0.1;Moitié nord;G0.1.1;ILE DE FRANCE;G0.1.1.1;ESSONNE;G0.1.1.1.4;;;;;;;;;;;;;;;;;;752;1019;1166;1411;1072;930;1306;;;;;;;;;;;;;;;;;;;0,584154801;0,786186571;0,899246592;1,084001263;0,820752796;0,712033675;0,999909656
data.gouv.fr;https://www.data.gouv.fr/fr/datasets/bases-statistiques-communale-et-departementale-de-la-delinquance-enregistree-par-la-police-et-la-gendarmerie-nationales/;;Trafic de stupéfiants;V0;;;;;;;;;;;;;;;;;;;;;;France;G0;Métropole;G0.1;Moitié nord;G0.1.1;ILE DE FRANCE;G0.1.1.1;HAUTS DE SEINE;G0.1.1.1.5;;;;;;;;;;;;;;;;;;971;1077;1222;1340;1153;1315;1228;;;;;;;;;;;;;;;;;;;0,605637984;0,669232576;0,754730965;0,824941808;0,709009213;0,80862716;0,755128633
data.gouv.fr;https://www.data.gouv.fr/fr/datasets/bases-statistiques-communale-et-departementale-de-la-delinquance-enregistree-par-la-police-et-la-gendarmerie-nationales/;;Trafic de stupéfiants;V0;;;;;;;;;;;;;;;;;;;;;;France;G0;Métropole;G0.1;Moitié nord;G0.1.1;ILE DE FRANCE;G0.1.1.1;SEINE SAINT DENIS;G0.1.1.1.6;;;;;;;;;;;;;;;;;;2723;3397;3517;3984;3385;4345;4259;;;;;;;;;;;;;;;;;;;1,69482031;2,092894448;2,154130915;2,422027317;2,044795828;2,624708383;2,572757883
data.gouv.fr;https://www.data.gouv.fr/fr/datasets/bases-statistiques-communale-et-departementale-de-la-delinquance-enregistree-par-la-police-et-la-gendarmerie-nationales/;;Trafic de stupéfiants;V0;;;;;;;;;;;;;;;;;;;;;;France;G0;Métropole;G0.1;Moitié nord;G0.1.1;ILE DE FRANCE;G0.1.1.1;VAL DE MARNE;G0.1.1.1.7;;;;;;;;;;;;;;;;;;1478;1683;1955;2161;1832;1926;2164;;;;;;;;;;;;;;;;;;;1,072451422;1,212600672;1,399514501;1,535756621;1,301162239;1,36792493;1,536962383
data.gouv.fr;https://www.data.gouv.fr/fr/datasets/bases-statistiques-communale-et-departementale-de-la-delinquance-enregistree-par-la-police-et-la-gendarmerie-nationales/;;Trafic de stupéfiants;V0;;;;;;;;;;;;;;;;;;;;;;France;G0;Métropole;G0.1;Moitié nord;G0.1.1;ILE DE FRANCE;G0.1.1.1;VAL D OISE;G0.1.1.1.8;;;;;;;;;;;;;;;;;;1006;1143;1159;1180;886;883;1195;;;;;;;;;;;;;;;;;;;0,823292466;0,930313572;0,935748247;0,944246259;0,707778534;0,705381993;0,954622289
;;;;;;;;;;;;;;;;;;;;;;;;;;;;;;;;;;;;;;;;;;;;;;;;;;;;;;;;;;;;;;;;;;;;;;;;;;;;;;;;;;;;
data.gouv.fr;https://www.data.gouv.fr/fr/datasets/bases-statistiques-communale-et-departementale-de-la-delinquance-enregistree-par-la-police-et-la-gendarmerie-nationales/;;Trafic de stupéfiants;V0;;;;;;;;;;;;;;;;;;;;;;France;G0;Métropole;G0.1;Moitié nord;G0.1.1;CENTRE VAL DE LOIRE;G0.1.1.2;CHER;G0.1.1.2.1;;;;;;;;;;;;;;;;;;71;64;118;93;99;116;82;;;;;;;;;;;;;;;;;;;0,231187522;0,21034918;0,388915256;0,30763531;0,328976882;0,385467862;0,272485902
data.gouv.fr;https://www.data.gouv.fr/fr/datasets/bases-statistiques-communale-et-departementale-de-la-delinquance-enregistree-par-la-police-et-la-gendarmerie-nationales/;;Trafic de stupéfiants;V0;;;;;;;;;;;;;;;;;;;;;;France;G0;Métropole;G0.1;Moitié nord;G0.1.1;CENTRE VAL DE LOIRE;G0.1.1.2;EURE ET LOIR;G0.1.1.2.2;;;;;;;;;;;;;;;;;;279;264;366;298;253;236;211;;;;;;;;;;;;;;;;;;;0,642962328;0,609371862;0,847228106;0,69049412;0,58640423;0,547001574;0,489056492
data.gouv.fr;https://www.data.gouv.fr/fr/datasets/bases-statistiques-communale-et-departementale-de-la-delinquance-enregistree-par-la-police-et-la-gendarmerie-nationales/;;Trafic de stupéfiants;V0;;;;;;;;;;;;;;;;;;;;;;France;G0;Métropole;G0.1;Moitié nord;G0.1.1;CENTRE VAL DE LOIRE;G0.1.1.2;INDRE;G0.1.1.2.3;;;;;;;;;;;;;;;;;;79;92;88;88;58;67;53;;;;;;;;;;;;;;;;;;;0,353459654;0,413981785;0,3989211;0,401247515;0,265194987;0,306345933;0,24233335
data.gouv.fr;https://www.data.gouv.fr/fr/datasets/bases-statistiques-communale-et-departementale-de-la-delinquance-enregistree-par-la-police-et-la-gendarmerie-nationales/;;Trafic de stupéfiants;V0;;;;;;;;;;;;;;;;;;;;;;France;G0;Métropole;G0.1;Moitié nord;G0.1.1;CENTRE VAL DE LOIRE;G0.1.1.2;INDRE ET LOIRE;G0.1.1.2.4;;;;;;;;;;;;;;;;;;251;263;220;216;216;283;270;;;;;;;;;;;;;;;;;;;0,414039058;0,43362775;0,361984994;0,354052508;0,352872562;0,462328403;0,441090703
data.gouv.fr;https://www.data.gouv.fr/fr/datasets/bases-statistiques-communale-et-departementale-de-la-delinquance-enregistree-par-la-police-et-la-gendarmerie-nationales/;;Trafic de stupéfiants;V0;;;;;;;;;;;;;;;;;;;;;;France;G0;Métropole;G0.1;Moitié nord;G0.1.1;CENTRE VAL DE LOIRE;G0.1.1.2;LOIR ET CHER;G0.1.1.2.5;;;;;;;;;;;;;;;;;;84;99;91;96;78;83;84;;;;;;;;;;;;;;;;;;;0,25242736;0,298269135;0,275550495;0,29137706;0,236825086;0,252006182;0,255042401
data.gouv.fr;https://www.data.gouv.fr/fr/datasets/bases-statistiques-communale-et-departementale-de-la-delinquance-enregistree-par-la-police-et-la-gendarmerie-nationales/;;Trafic de stupéfiants;V0;;;;;;;;;;;;;;;;;;;;;;France;G0;Métropole;G0.1;Moitié nord;G0.1.1;CENTRE VAL DE LOIRE;G0.1.1.2;LOIRET;G0.1.1.2.6;;;;;;;;;;;;;;;;;;232;184;311;248;344;343;228;;;;;;;;;;;;;;;;;;;0,3440452;0,271344408;0,45813109;0,364473263;0,504174092;0,50270847;0,334161899
;;;;;;;;;;;;;;;;;;;;;;;;;;;;;;;;;;;;;;;;;;;;;;;;;;;;;;;;;;;;;;;;;;;;;;;;;;;;;;;;;;;;
data.gouv.fr;https://www.data.gouv.fr/fr/datasets/bases-statistiques-communale-et-departementale-de-la-delinquance-enregistree-par-la-police-et-la-gendarmerie-nationales/;;Trafic de stupéfiants;V0;;;;;;;;;;;;;;;;;;;;;;France;G0;Métropole;G0.1;Moitié nord;G0.1.1;BOURGOGNE FRANCHE COMTE;G0.1.1.3;COTE D OR;G0.1.1.3.1;;;;;;;;;;;;;;;;;;391;366;499;374;303;356;368;;;;;;;;;;;;;;;;;;;0,733290449;0,685625652;0,935823863;0,700211936;0,566272581;0,66532356;0,687750197
data.gouv.fr;https://www.data.gouv.fr/fr/datasets/bases-statistiques-communale-et-departementale-de-la-delinquance-enregistree-par-la-police-et-la-gendarmerie-nationales/;;Trafic de stupéfiants;V0;;;;;;;;;;;;;;;;;;;;;;France;G0;Métropole;G0.1;Moitié nord;G0.1.1;BOURGOGNE FRANCHE COMTE;G0.1.1.3;DOUBS;G0.1.1.3.2;;;;;;;;;;;;;;;;;;319;269;449;400;369;439;478;;;;;;;;;;;;;;;;;;;0,59233236;0,499010327;0,829248653;0,735329262;0,676804675;0,805195806;0,876728007
data.gouv.fr;https://www.data.gouv.fr/fr/datasets/bases-statistiques-communale-et-departementale-de-la-delinquance-enregistree-par-la-police-et-la-gendarmerie-nationales/;;Trafic de stupéfiants;V0;;;;;;;;;;;;;;;;;;;;;;France;G0;Métropole;G0.1;Moitié nord;G0.1.1;BOURGOGNE FRANCHE COMTE;G0.1.1.3;JURA;G0.1.1.3.3;;;;;;;;;;;;;;;;;;146;77;170;142;177;105;98;;;;;;;;;;;;;;;;;;;0,56042408;0,295939859;0,654485536;0,54784162;0,683931097;0,405721837;0,378673715
data.gouv.fr;https://www.data.gouv.fr/fr/datasets/bases-statistiques-communale-et-departementale-de-la-delinquance-enregistree-par-la-police-et-la-gendarmerie-nationales/;;Trafic de stupéfiants;V0;;;;;;;;;;;;;;;;;;;;;;France;G0;Métropole;G0.1;Moitié nord;G0.1.1;BOURGOGNE FRANCHE COMTE;G0.1.1.3;NIEVRE;G0.1.1.3.4;;;;;;;;;;;;;;;;;;58;60;62;33;56;66;72;;;;;;;;;;;;;;;;;;;0,277298349;0,289600448;0,30122238;0,161407078;0,276311245;0,325652539;0,355257315
data.gouv.fr;https://www.data.gouv.fr/fr/datasets/bases-statistiques-communale-et-departementale-de-la-delinquance-enregistree-par-la-police-et-la-gendarmerie-nationales/;;Trafic de stupéfiants;V0;;;;;;;;;;;;;;;;;;;;;;France;G0;Métropole;G0.1;Moitié nord;G0.1.1;BOURGOGNE FRANCHE COMTE;G0.1.1.3;HAUTE SAONE;G0.1.1.3.5;;;;;;;;;;;;;;;;;;100;127;108;97;66;74;119;;;;;;;;;;;;;;;;;;;0,421510525;0,536637102;0,457592218;0,41221692;0,281328724;0,315429175;0,507244215
data.gouv.fr;https://www.data.gouv.fr/fr/datasets/bases-statistiques-communale-et-departementale-de-la-delinquance-enregistree-par-la-police-et-la-gendarmerie-nationales/;;Trafic de stupéfiants;V0;;;;;;;;;;;;;;;;;;;;;;France;G0;Métropole;G0.1;Moitié nord;G0.1.1;BOURGOGNE FRANCHE COMTE;G0.1.1.3;SAONE ET LOIRE;G0.1.1.3.6;;;;;;;;;;;;;;;;;;290;258;242;269;192;244;258;;;;;;;;;;;;;;;;;;;0,522500869;0,466044672;0,438258917;0,487766844;0,348417513;0,44278059;0,468186033
data.gouv.fr;https://www.data.gouv.fr/fr/datasets/bases-statistiques-communale-et-departementale-de-la-delinquance-enregistree-par-la-police-et-la-gendarmerie-nationales/;;Trafic de stupéfiants;V0;;;;;;;;;;;;;;;;;;;;;;France;G0;Métropole;G0.1;Moitié nord;G0.1.1;BOURGOGNE FRANCHE COMTE;G0.1.1.3;YONNE;G0.1.1.3.7;;;;;;;;;;;;;;;;;;210;237;196;221;113;159;106;;;;;;;;;;;;;;;;;;;0,616660402;0,70058027;0,580733858;0,658312159;0,338165408;0,475825662;0,317217108
data.gouv.fr;https://www.data.gouv.fr/fr/datasets/bases-statistiques-communale-et-departementale-de-la-delinquance-enregistree-par-la-police-et-la-gendarmerie-nationales/;;Trafic de stupéfiants;V0;;;;;;;;;;;;;;;;;;;;;;France;G0;Métropole;G0.1;Moitié nord;G0.1.1;BOURGOGNE FRANCHE COMTE;G0.1.1.3;TERRITOIRE DE BELFORT;G0.1.1.3.8;;;;;;;;;;;;;;;;;;84;116;86;80;74;62;86;;;;;;;;;;;;;;;;;;;0,582973024;0,813338756;0,606265685;0,566099152;0,528118755;0,442477876;0,613759635
;;;;;;;;;;;;;;;;;;;;;;;;;;;;;;;;;;;;;;;;;;;;;;;;;;;;;;;;;;;;;;;;;;;;;;;;;;;;;;;;;;;;
data.gouv.fr;https://www.data.gouv.fr/fr/datasets/bases-statistiques-communale-et-departementale-de-la-delinquance-enregistree-par-la-police-et-la-gendarmerie-nationales/;;Trafic de stupéfiants;V0;;;;;;;;;;;;;;;;;;;;;;France;G0;Métropole;G0.1;Moitié nord;G0.1.1;NORMANDIE;G0.1.1.4;CALVADOS;G0.1.1.4.1;;;;;;;;;;;;;;;;;;364;368;384;257;303;288;251;;;;;;;;;;;;;;;;;;;0,524738388;0,530257838;0,553269477;0,369834726;0,434379332;0,412875405;0,359832384
data.gouv.fr;https://www.data.gouv.fr/fr/datasets/bases-statistiques-communale-et-departementale-de-la-delinquance-enregistree-par-la-police-et-la-gendarmerie-nationales/;;Trafic de stupéfiants;V0;;;;;;;;;;;;;;;;;;;;;;France;G0;Métropole;G0.1;Moitié nord;G0.1.1;NORMANDIE;G0.1.1.4;EURE;G0.1.1.4.2;;;;;;;;;;;;;;;;;;264;259;290;240;252;209;250;;;;;;;;;;;;;;;;;;;0,437938042;0,430344791;0,483363946;0,400328937;0,420232529;0,348526184;0,41689735
data.gouv.fr;https://www.data.gouv.fr/fr/datasets/bases-statistiques-communale-et-departementale-de-la-delinquance-enregistree-par-la-police-et-la-gendarmerie-nationales/;;Trafic de stupéfiants;V0;;;;;;;;;;;;;;;;;;;;;;France;G0;Métropole;G0.1;Moitié nord;G0.1.1;NORMANDIE;G0.1.1.4;MANCHE;G0.1.1.4.3;;;;;;;;;;;;;;;;;;277;324;253;220;185;130;76;;;;;;;;;;;;;;;;;;;0,555820869;0,652064973;0,510098128;0,444404044;0,37366717;0,26257693;0,153506513
data.gouv.fr;https://www.data.gouv.fr/fr/datasets/bases-statistiques-communale-et-departementale-de-la-delinquance-enregistree-par-la-police-et-la-gendarmerie-nationales/;;Trafic de stupéfiants;V0;;;;;;;;;;;;;;;;;;;;;;France;G0;Métropole;G0.1;Moitié nord;G0.1.1;NORMANDIE;G0.1.1.4;ORNE;G0.1.1.4.4;;;;;;;;;;;;;;;;;;103;50;120;93;101;144;119;;;;;;;;;;;;;;;;;;;0,361013361;0,176446508;0,426146957;0,332211672;0,362689649;0,517102074;0,427327408
data.gouv.fr;https://www.data.gouv.fr/fr/datasets/bases-statistiques-communale-et-departementale-de-la-delinquance-enregistree-par-la-police-et-la-gendarmerie-nationales/;;Trafic de stupéfiants;V0;;;;;;;;;;;;;;;;;;;;;;France;G0;Métropole;G0.1;Moitié nord;G0.1.1;NORMANDIE;G0.1.1.4;SEINE MARITIME;G0.1.1.4.5;;;;;;;;;;;;;;;;;;648;564;678;666;481;526;611;;;;;;;;;;;;;;;;;;;0,516024224;0,449625233;0,539859207;0,530409761;0,383346656;0,419210688;0,486953861
;;;;;;;;;;;;;;;;;;;;;;;;;;;;;;;;;;;;;;;;;;;;;;;;;;;;;;;;;;;;;;;;;;;;;;;;;;;;;;;;;;;;
data.gouv.fr;https://www.data.gouv.fr/fr/datasets/bases-statistiques-communale-et-departementale-de-la-delinquance-enregistree-par-la-police-et-la-gendarmerie-nationales/;;Trafic de stupéfiants;V0;;;;;;;;;;;;;;;;;;;;;;France;G0;Métropole;G0.1;Moitié nord;G0.1.1;HAUTS DE FRANCE;G0.1.1.5;AISNE;G0.1.1.5.1;;;;;;;;;;;;;;;;;;203;129;178;198;201;228;225;;;;;;;;;;;;;;;;;;;0,378635272;0,241351569;0,333760847;0,372639246;0,379693751;0,43069739;0,425030319
data.gouv.fr;https://www.data.gouv.fr/fr/datasets/bases-statistiques-communale-et-departementale-de-la-delinquance-enregistree-par-la-police-et-la-gendarmerie-nationales/;;Trafic de stupéfiants;V0;;;;;;;;;;;;;;;;;;;;;;France;G0;Métropole;G0.1;Moitié nord;G0.1.1;HAUTS DE FRANCE;G0.1.1.5;NORD;G0.1.1.5.2;;;;;;;;;;;;;;;;;;1685;1667;1888;1801;1534;1875;1783;;;;;;;;;;;;;;;;;;;0,647150254;0,640080235;0,724416917;0,69047588;0,588247475;0,719011744;0,683732235
data.gouv.fr;https://www.data.gouv.fr/fr/datasets/bases-statistiques-communale-et-departementale-de-la-delinquance-enregistree-par-la-police-et-la-gendarmerie-nationales/;;Trafic de stupéfiants;V0;;;;;;;;;;;;;;;;;;;;;;France;G0;Métropole;G0.1;Moitié nord;G0.1.1;HAUTS DE FRANCE;G0.1.1.5;OISE;G0.1.1.5.3;;;;;;;;;;;;;;;;;;331;495;416;409;359;423;459;;;;;;;;;;;;;;;;;;;0,401922428;0,600361672;0,50292993;0,493116266;0,432687035;0,509823442;0,553212671
data.gouv.fr;https://www.data.gouv.fr/fr/datasets/bases-statistiques-communale-et-departementale-de-la-delinquance-enregistree-par-la-police-et-la-gendarmerie-nationales/;;Trafic de stupéfiants;V0;;;;;;;;;;;;;;;;;;;;;;France;G0;Métropole;G0.1;Moitié nord;G0.1.1;HAUTS DE FRANCE;G0.1.1.5;PAS DE CALAIS;G0.1.1.5.4;;;;;;;;;;;;;;;;;;637;666;543;661;561;608;554;;;;;;;;;;;;;;;;;;;0,43311972;0,453672911;0,370208005;0,451108936;0,383677104;0,415821175;0,378889689
data.gouv.fr;https://www.data.gouv.fr/fr/datasets/bases-statistiques-communale-et-departementale-de-la-delinquance-enregistree-par-la-police-et-la-gendarmerie-nationales/;;Trafic de stupéfiants;V0;;;;;;;;;;;;;;;;;;;;;;France;G0;Métropole;G0.1;Moitié nord;G0.1.1;HAUTS DE FRANCE;G0.1.1.5;SOMME;G0.1.1.5.5;;;;;;;;;;;;;;;;;;291;265;263;229;206;178;236;;;;;;;;;;;;;;;;;;;0,508080399;0,462928187;0,460868255;0,401360771;0,362199076;0,312968134;0,414946514
;;;;;;;;;;;;;;;;;;;;;;;;;;;;;;;;;;;;;;;;;;;;;;;;;;;;;;;;;;;;;;;;;;;;;;;;;;;;;;;;;;;;
data.gouv.fr;https://www.data.gouv.fr/fr/datasets/bases-statistiques-communale-et-departementale-de-la-delinquance-enregistree-par-la-police-et-la-gendarmerie-nationales/;;Trafic de stupéfiants;V0;;;;;;;;;;;;;;;;;;;;;;France;G0;Métropole;G0.1;Moitié nord;G0.1.1;GRAND EST;G0.1.1.6;ARDENNES;G0.1.1.6.1;;;;;;;;;;;;;;;;;;158;140;85;136;130;76;81;;;;;;;;;;;;;;;;;;;0,573771385;0,511735184;0,312678181;0,502620278;0,482015269;0,281793542;0,300332591
data.gouv.fr;https://www.data.gouv.fr/fr/datasets/bases-statistiques-communale-et-departementale-de-la-delinquance-enregistree-par-la-police-et-la-gendarmerie-nationales/;;Trafic de stupéfiants;V0;;;;;;;;;;;;;;;;;;;;;;France;G0;Métropole;G0.1;Moitié nord;G0.1.1;GRAND EST;G0.1.1.6;AUBE;G0.1.1.6.2;;;;;;;;;;;;;;;;;;186;202;163;152;138;88;118;;;;;;;;;;;;;;;;;;;0,602117121;0,651570866;0,525772531;0,489940111;0,443110119;0,282562975;0,378891261
data.gouv.fr;https://www.data.gouv.fr/fr/datasets/bases-statistiques-communale-et-departementale-de-la-delinquance-enregistree-par-la-police-et-la-gendarmerie-nationales/;;Trafic de stupéfiants;V0;;;;;;;;;;;;;;;;;;;;;;France;G0;Métropole;G0.1;Moitié nord;G0.1.1;GRAND EST;G0.1.1.6;MARNE;G0.1.1.6.3;;;;;;;;;;;;;;;;;;201;178;166;205;179;274;214;;;;;;;;;;;;;;;;;;;0,352086154;0,312887264;0,292530601;0,361644512;0,315886627;0,483535954;0,377652168
data.gouv.fr;https://www.data.gouv.fr/fr/datasets/bases-statistiques-communale-et-departementale-de-la-delinquance-enregistree-par-la-police-et-la-gendarmerie-nationales/;;Trafic de stupéfiants;V0;;;;;;;;;;;;;;;;;;;;;;France;G0;Métropole;G0.1;Moitié nord;G0.1.1;GRAND EST;G0.1.1.6;HAUTE MARNE;G0.1.1.6.4;;;;;;;;;;;;;;;;;;88;95;75;65;74;70;44;;;;;;;;;;;;;;;;;;;0,494148829;0,540879071;0,430863623;0,376785383;0,430738425;0,407455267;0,256114739
data.gouv.fr;https://www.data.gouv.fr/fr/datasets/bases-statistiques-communale-et-departementale-de-la-delinquance-enregistree-par-la-police-et-la-gendarmerie-nationales/;;Trafic de stupéfiants;V0;;;;;;;;;;;;;;;;;;;;;;France;G0;Métropole;G0.1;Moitié nord;G0.1.1;GRAND EST;G0.1.1.6;MEURTHE ET MOSELLE;G0.1.1.6.5;;;;;;;;;;;;;;;;;;492;410;355;383;334;436;457;;;;;;;;;;;;;;;;;;;0,670463233;0,558978351;0,484001369;0,521969036;0,455916679;0,595148719;0,623814139
data.gouv.fr;https://www.data.gouv.fr/fr/datasets/bases-statistiques-communale-et-departementale-de-la-delinquance-enregistree-par-la-police-et-la-gendarmerie-nationales/;;Trafic de stupéfiants;V0;;;;;;;;;;;;;;;;;;;;;;France;G0;Métropole;G0.1;Moitié nord;G0.1.1;GRAND EST;G0.1.1.6;MEUSE;G0.1.1.6.6;;;;;;;;;;;;;;;;;;135;123;119;127;99;108;188;;;;;;;;;;;;;;;;;;;0,714077914;0,657096914;0,642011276;0,689906184;0,54098065;0,59016071;1,027316791
data.gouv.fr;https://www.data.gouv.fr/fr/datasets/bases-statistiques-communale-et-departementale-de-la-delinquance-enregistree-par-la-police-et-la-gendarmerie-nationales/;;Trafic de stupéfiants;V0;;;;;;;;;;;;;;;;;;;;;;France;G0;Métropole;G0.1;Moitié nord;G0.1.1;GRAND EST;G0.1.1.6;MOSELLE;G0.1.1.6.7;;;;;;;;;;;;;;;;;;562;590;590;548;476;482;430;;;;;;;;;;;;;;;;;;;0,537659612;0,565392967;0,565391884;0,523628747;0,453698453;0,459417341;0,409853644
data.gouv.fr;https://www.data.gouv.fr/fr/datasets/bases-statistiques-communale-et-departementale-de-la-delinquance-enregistree-par-la-police-et-la-gendarmerie-nationales/;;Trafic de stupéfiants;V0;;;;;;;;;;;;;;;;;;;;;;France;G0;Métropole;G0.1;Moitié nord;G0.1.1;GRAND EST;G0.1.1.6;BAS RHIN;G0.1.1.6.8;;;;;;;;;;;;;;;;;;670;682;771;616;488;559;530;;;;;;;;;;;;;;;;;;;0,597463722;0,605921147;0,680162886;0,540323861;0,425060079;0,486902836;0,461643119
data.gouv.fr;https://www.data.gouv.fr/fr/datasets/bases-statistiques-communale-et-departementale-de-la-delinquance-enregistree-par-la-police-et-la-gendarmerie-nationales/;;Trafic de stupéfiants;V0;;;;;;;;;;;;;;;;;;;;;;France;G0;Métropole;G0.1;Moitié nord;G0.1.1;GRAND EST;G0.1.1.6;HAUT RHIN;G0.1.1.6.9;;;;;;;;;;;;;;;;;;379;391;361;344;391;351;436;;;;;;;;;;;;;;;;;;;0,496890827;0,511760009;0,471907145;0,448450369;0,509219345;0,457125294;0,567825152
data.gouv.fr;https://www.data.gouv.fr/fr/datasets/bases-statistiques-communale-et-departementale-de-la-delinquance-enregistree-par-la-police-et-la-gendarmerie-nationales/;;Trafic de stupéfiants;V0;;;;;;;;;;;;;;;;;;;;;;France;G0;Métropole;G0.1;Moitié nord;G0.1.1;GRAND EST;G0.1.1.6;VOSGES;G0.1.1.6.10;;;;;;;;;;;;;;;;;;267;259;254;272;237;181;190;;;;;;;;;;;;;;;;;;;0,72232247;0,704430295;0,693776768;0,746229756;0,653978924;0,499452258;0,524286901
;;;;;;;;;;;;;;;;;;;;;;;;;;;;;;;;;;;;;;;;;;;;;;;;;;;;;;;;;;;;;;;;;;;;;;;;;;;;;;;;;;;;
data.gouv.fr;https://www.data.gouv.fr/fr/datasets/bases-statistiques-communale-et-departementale-de-la-delinquance-enregistree-par-la-police-et-la-gendarmerie-nationales/;;Trafic de stupéfiants;V0;;;;;;;;;;;;;;;;;;;;;;France;G0;Métropole;G0.1;Moitié nord;G0.1.1;PAYS DE LA LOIRE;G0.1.1.7;LOIRE ATLANTIQUE;G0.1.1.7.1;;;;;;;;;;;;;;;;;;568;547;634;786;666;774;750;;;;;;;;;;;;;;;;;;;0,411340245;0,392140276;0,448848922;0,549930314;0,460845118;0,535576759;0,518969727
data.gouv.fr;https://www.data.gouv.fr/fr/datasets/bases-statistiques-communale-et-departementale-de-la-delinquance-enregistree-par-la-police-et-la-gendarmerie-nationales/;;Trafic de stupéfiants;V0;;;;;;;;;;;;;;;;;;;;;;France;G0;Métropole;G0.1;Moitié nord;G0.1.1;PAYS DE LA LOIRE;G0.1.1.7;MAINE ET LOIRE;G0.1.1.7.2;;;;;;;;;;;;;;;;;;361;294;294;311;175;287;278;;;;;;;;;;;;;;;;;;;0,445165698;0,361404462;0,360345785;0,380068755;0,213229229;0,349695935;0,33872986
data.gouv.fr;https://www.data.gouv.fr/fr/datasets/bases-statistiques-communale-et-departementale-de-la-delinquance-enregistree-par-la-police-et-la-gendarmerie-nationales/;;Trafic de stupéfiants;V0;;;;;;;;;;;;;;;;;;;;;;France;G0;Métropole;G0.1;Moitié nord;G0.1.1;PAYS DE LA LOIRE;G0.1.1.7;MAYENNE;G0.1.1.7.3;;;;;;;;;;;;;;;;;;150;121;113;140;79;102;84;;;;;;;;;;;;;;;;;;;0,487506825;0,393566329;0,367977492;0,455933981;0,257716825;0,332748305;0,274028016
data.gouv.fr;https://www.data.gouv.fr/fr/datasets/bases-statistiques-communale-et-departementale-de-la-delinquance-enregistree-par-la-police-et-la-gendarmerie-nationales/;;Trafic de stupéfiants;V0;;;;;;;;;;;;;;;;;;;;;;France;G0;Métropole;G0.1;Moitié nord;G0.1.1;PAYS DE LA LOIRE;G0.1.1.7;SARTHE;G0.1.1.7.4;;;;;;;;;;;;;;;;;;230;140;151;159;150;219;246;;;;;;;;;;;;;;;;;;;0,405242784;0,247128892;0,266801893;0,280714392;0,264553531;0,386248155;0,43386779
data.gouv.fr;https://www.data.gouv.fr/fr/datasets/bases-statistiques-communale-et-departementale-de-la-delinquance-enregistree-par-la-police-et-la-gendarmerie-nationales/;;Trafic de stupéfiants;V0;;;;;;;;;;;;;;;;;;;;;;France;G0;Métropole;G0.1;Moitié nord;G0.1.1;PAYS DE LA LOIRE;G0.1.1.7;VENDEE;G0.1.1.7.5;;;;;;;;;;;;;;;;;;208;217;295;250;175;188;198;;;;;;;;;;;;;;;;;;;0,310171385;0,321363886;0,433829271;0,364728161;0,252632795;0,271399802;0,285835962
;;;;;;;;;;;;;;;;;;;;;;;;;;;;;;;;;;;;;;;;;;;;;;;;;;;;;;;;;;;;;;;;;;;;;;;;;;;;;;;;;;;;
data.gouv.fr;https://www.data.gouv.fr/fr/datasets/bases-statistiques-communale-et-departementale-de-la-delinquance-enregistree-par-la-police-et-la-gendarmerie-nationales/;;Trafic de stupéfiants;V0;;;;;;;;;;;;;;;;;;;;;;France;G0;Métropole;G0.1;Moitié nord;G0.1.1;BRETAGNE;G0.1.1.8;COTES D ARMOR;G0.1.1.8.1;;;;;;;;;;;;;;;;;;198;304;264;323;237;249;200;;;;;;;;;;;;;;;;;;;0,330576857;0,507670161;0,440305278;0,537811656;0,392618117;0,412497515;0,331323305
data.gouv.fr;https://www.data.gouv.fr/fr/datasets/bases-statistiques-communale-et-departementale-de-la-delinquance-enregistree-par-la-police-et-la-gendarmerie-nationales/;;Trafic de stupéfiants;V0;;;;;;;;;;;;;;;;;;;;;;France;G0;Métropole;G0.1;Moitié nord;G0.1.1;BRETAGNE;G0.1.1.8;FINISTERE;G0.1.1.8.2;;;;;;;;;;;;;;;;;;402;417;423;470;350;375;315;;;;;;;;;;;;;;;;;;;0,442609901;0,458731744;0,4639506;0,513610683;0,381604899;0,408862392;0,343444409
data.gouv.fr;https://www.data.gouv.fr/fr/datasets/bases-statistiques-communale-et-departementale-de-la-delinquance-enregistree-par-la-police-et-la-gendarmerie-nationales/;;Trafic de stupéfiants;V0;;;;;;;;;;;;;;;;;;;;;;France;G0;Métropole;G0.1;Moitié nord;G0.1.1;BRETAGNE;G0.1.1.8;ILLE ET VILAINE;G0.1.1.8.3;;;;;;;;;;;;;;;;;;428;541;590;580;556;765;709;;;;;;;;;;;;;;;;;;;0,406929593;0,51028156;0,55179999;0,537286776;0,510628137;0,702572886;0,651142714
data.gouv.fr;https://www.data.gouv.fr/fr/datasets/bases-statistiques-communale-et-departementale-de-la-delinquance-enregistree-par-la-police-et-la-gendarmerie-nationales/;;Trafic de stupéfiants;V0;;;;;;;;;;;;;;;;;;;;;;France;G0;Métropole;G0.1;Moitié nord;G0.1.1;BRETAGNE;G0.1.1.8;MORBIHAN;G0.1.1.8.4;;;;;;;;;;;;;;;;;;274;269;259;408;444;496;386;;;;;;;;;;;;;;;;;;;0,366531647;0,358254435;0,343106799;0,537065411;0,58102939;0,649077878;0,505129155
;;;;;;;;;;;;;;;;;;;;;;;;;;;;;;;;;;;;;;;;;;;;;;;;;;;;;;;;;;;;;;;;;;;;;;;;;;;;;;;;;;;;
data.gouv.fr;https://www.data.gouv.fr/fr/datasets/bases-statistiques-communale-et-departementale-de-la-delinquance-enregistree-par-la-police-et-la-gendarmerie-nationales/;;Trafic de stupéfiants;V0;;;;;;;;;;;;;;;;;;;;;;France;G0;Métropole;G0.1;Moitié sud;G0.1.2;NOUVELLE AQUITAINE;G0.1.2.1;;;;;;;;;;;;;;;;;;;;3290;3716;3060;3025;2548;2862;2795;;;;;;;;;;;;;;;;;;;0,554282353;0,623806232;0,511724683;0,503303585;0,422277141;0,474316004;0,46321217
data.gouv.fr;https://www.data.gouv.fr/fr/datasets/bases-statistiques-communale-et-departementale-de-la-delinquance-enregistree-par-la-police-et-la-gendarmerie-nationales/;;Trafic de stupéfiants;V0;;;;;;;;;;;;;;;;;;;;;;France;G0;Métropole;G0.1;Moitié sud;G0.1.2;OCCITANIE;G0.1.2.2;;;;;;;;;;;;;;;;;;;;3017;3398;3570;3901;3390;4072;4371;;;;;;;;;;;;;;;;;;;0,51941702;0,581341438;0,606575894;0,657488347;0,567461934;0,681623892;0,731674369
data.gouv.fr;https://www.data.gouv.fr/fr/datasets/bases-statistiques-communale-et-departementale-de-la-delinquance-enregistree-par-la-police-et-la-gendarmerie-nationales/;;Trafic de stupéfiants;V0;;;;;;;;;;;;;;;;;;;;;;France;G0;Métropole;G0.1;Moitié sud;G0.1.2;AUVERGNE RHONE ALPES;G0.1.2.3;;;;;;;;;;;;;;;;;;;;4213;4447;4292;4660;4518;4622;4659;;;;;;;;;;;;;;;;;;;0,532153476;0,559491624;0,536871851;0,579390412;0,559251717;0,572125152;0,576705124
data.gouv.fr;https://www.data.gouv.fr/fr/datasets/bases-statistiques-communale-et-departementale-de-la-delinquance-enregistree-par-la-police-et-la-gendarmerie-nationales/;;Trafic de stupéfiants;V0;;;;;;;;;;;;;;;;;;;;;;France;G0;Métropole;G0.1;Moitié sud;G0.1.2;PROVENCE ALPES COTE D AZUR;G0.1.2.4;;;;;;;;;;;;;;;;;;;;3948;4253;4079;4904;4503;5673;6056;;;;;;;;;;;;;;;;;;;0,786152251;0,845377259;0,807270062;0,965145153;0,883172187;1,112643974;1,187761662
data.gouv.fr;https://www.data.gouv.fr/fr/datasets/bases-statistiques-communale-et-departementale-de-la-delinquance-enregistree-par-la-police-et-la-gendarmerie-nationales/;;Trafic de stupéfiants;V0;;;;;;;;;;;;;;;;;;;;;;France;G0;Métropole;G0.1;Moitié sud;G0.1.2;CORSE;G0.1.2.5;;;;;;;;;;;;;;;;;;;;124;209;160;104;154;224;252;;;;;;;;;;;;;;;;;;;0,375240199;0,623996083;0,472598168;0,305487017;0,448063869;0,651729265;0,733195423
;;;;;;;;;;;;;;;;;;;;;;;;;;;;;;;;;;;;;;;;;;;;;;;;;;;;;;;;;;;;;;;;;;;;;;;;;;;;;;;;;;;;
data.gouv.fr;https://www.data.gouv.fr/fr/datasets/bases-statistiques-communale-et-departementale-de-la-delinquance-enregistree-par-la-police-et-la-gendarmerie-nationales/;;Trafic de stupéfiants;V0;;;;;;;;;;;;;;;;;;;;;;France;G0;Métropole;G0.1;Moitié sud;G0.1.2;NOUVELLE AQUITAINE;G0.1.2.1;CHARENTE;G0.1.2.1.1;;;;;;;;;;;;;;;;;;135;132;162;174;212;194;229;;;;;;;;;;;;;;;;;;;0,382124499;0,37464345;0,460517713;0,494297118;0,602755617;0,551578253;0,651089794
data.gouv.fr;https://www.data.gouv.fr/fr/datasets/bases-statistiques-communale-et-departementale-de-la-delinquance-enregistree-par-la-police-et-la-gendarmerie-nationales/;;Trafic de stupéfiants;V0;;;;;;;;;;;;;;;;;;;;;;France;G0;Métropole;G0.1;Moitié sud;G0.1.2;NOUVELLE AQUITAINE;G0.1.2.1;CHARENTE MARITIME;G0.1.2.1.2;;;;;;;;;;;;;;;;;;307;299;266;364;302;246;283;;;;;;;;;;;;;;;;;;;0,478050923;0,464067372;0,411171499;0,55883247;0,460570161;0,375166423;0,431593893
data.gouv.fr;https://www.data.gouv.fr/fr/datasets/bases-statistiques-communale-et-departementale-de-la-delinquance-enregistree-par-la-police-et-la-gendarmerie-nationales/;;Trafic de stupéfiants;V0;;;;;;;;;;;;;;;;;;;;;;France;G0;Métropole;G0.1;Moitié sud;G0.1.2;NOUVELLE AQUITAINE;G0.1.2.1;CORREZE;G0.1.2.1.3;;;;;;;;;;;;;;;;;;140;176;115;131;93;127;83;;;;;;;;;;;;;;;;;;;0,579626141;0,728887122;0,478005512;0,54566736;0,388812241;0,530958652;0,347004473
data.gouv.fr;https://www.data.gouv.fr/fr/datasets/bases-statistiques-communale-et-departementale-de-la-delinquance-enregistree-par-la-police-et-la-gendarmerie-nationales/;;Trafic de stupéfiants;V0;;;;;;;;;;;;;;;;;;;;;;France;G0;Métropole;G0.1;Moitié sud;G0.1.2;NOUVELLE AQUITAINE;G0.1.2.1;CREUSE;G0.1.2.1.4;;;;;;;;;;;;;;;;;;26;42;44;88;63;42;33;;;;;;;;;;;;;;;;;;;0,21756958;0,354018105;0,374458524;0,754606961;0,543126859;0,362084573;0,284495021
data.gouv.fr;https://www.data.gouv.fr/fr/datasets/bases-statistiques-communale-et-departementale-de-la-delinquance-enregistree-par-la-police-et-la-gendarmerie-nationales/;;Trafic de stupéfiants;V0;;;;;;;;;;;;;;;;;;;;;;France;G0;Métropole;G0.1;Moitié sud;G0.1.2;NOUVELLE AQUITAINE;G0.1.2.1;DORDOGNE;G0.1.2.1.5;;;;;;;;;;;;;;;;;;255;207;186;210;208;178;177;;;;;;;;;;;;;;;;;;;0,614770401;0,500476299;0,449907841;0,508200173;0,503867425;0,431194238;0,428771799
data.gouv.fr;https://www.data.gouv.fr/fr/datasets/bases-statistiques-communale-et-departementale-de-la-delinquance-enregistree-par-la-police-et-la-gendarmerie-nationales/;;Trafic de stupéfiants;V0;;;;;;;;;;;;;;;;;;;;;;France;G0;Métropole;G0.1;Moitié sud;G0.1.2;NOUVELLE AQUITAINE;G0.1.2.1;GIRONDE;G0.1.2.1.6;;;;;;;;;;;;;;;;;;945;1213;803;687;531;882;806;;;;;;;;;;;;;;;;;;;0,603186741;0,766080749;0,501296942;0,423094949;0,324494574;0,538990987;0,492547319
data.gouv.fr;https://www.data.gouv.fr/fr/datasets/bases-statistiques-communale-et-departementale-de-la-delinquance-enregistree-par-la-police-et-la-gendarmerie-nationales/;;Trafic de stupéfiants;V0;;;;;;;;;;;;;;;;;;;;;;France;G0;Métropole;G0.1;Moitié sud;G0.1.2;NOUVELLE AQUITAINE;G0.1.2.1;LANDES;G0.1.2.1.7;;;;;;;;;;;;;;;;;;609;586;385;345;279;276;251;;;;;;;;;;;;;;;;;;;1,503666576;1,438234457;0,938212036;0,833957794;0,667269362;0,660094422;0,600303261
data.gouv.fr;https://www.data.gouv.fr/fr/datasets/bases-statistiques-communale-et-departementale-de-la-delinquance-enregistree-par-la-police-et-la-gendarmerie-nationales/;;Trafic de stupéfiants;V0;;;;;;;;;;;;;;;;;;;;;;France;G0;Métropole;G0.1;Moitié sud;G0.1.2;NOUVELLE AQUITAINE;G0.1.2.1;LOT ET GARONNE;G0.1.2.1.8;;;;;;;;;;;;;;;;;;69;113;107;140;86;156;119;;;;;;;;;;;;;;;;;;;0,207311174;0,339500424;0,322318282;0,422614717;0,259941241;0,471521321;0,359686136
data.gouv.fr;https://www.data.gouv.fr/fr/datasets/bases-statistiques-communale-et-departementale-de-la-delinquance-enregistree-par-la-police-et-la-gendarmerie-nationales/;;Trafic de stupéfiants;V0;;;;;;;;;;;;;;;;;;;;;;France;G0;Métropole;G0.1;Moitié sud;G0.1.2;NOUVELLE AQUITAINE;G0.1.2.1;PYRENEES ATLANTIQUES;G0.1.2.1.9;;;;;;;;;;;;;;;;;;310;308;289;290;274;321;314;;;;;;;;;;;;;;;;;;;0,459950207;0,454740746;0,425118783;0,424833107;0,398696234;0,467085734;0,456900064
data.gouv.fr;https://www.data.gouv.fr/fr/datasets/bases-statistiques-communale-et-departementale-de-la-delinquance-enregistree-par-la-police-et-la-gendarmerie-nationales/;;Trafic de stupéfiants;V0;;;;;;;;;;;;;;;;;;;;;;France;G0;Métropole;G0.1;Moitié sud;G0.1.2;NOUVELLE AQUITAINE;G0.1.2.1;DEUX SEVRES;G0.1.2.1.10;;;;;;;;;;;;;;;;;;68;200;223;189;150;144;178;;;;;;;;;;;;;;;;;;;0,181457692;0,534257956;0,594985579;0,504164021;0,400554367;0,384532193;0,475324516
data.gouv.fr;https://www.data.gouv.fr/fr/datasets/bases-statistiques-communale-et-departementale-de-la-delinquance-enregistree-par-la-police-et-la-gendarmerie-nationales/;;Trafic de stupéfiants;V0;;;;;;;;;;;;;;;;;;;;;;France;G0;Métropole;G0.1;Moitié sud;G0.1.2;NOUVELLE AQUITAINE;G0.1.2.1;VIENNE;G0.1.2.1.11;;;;;;;;;;;;;;;;;;280;221;303;221;185;181;203;;;;;;;;;;;;;;;;;;;0,642100218;0,505864364;0,692435316;0,504065597;0,421093842;0,411989111;0,462065135
data.gouv.fr;https://www.data.gouv.fr/fr/datasets/bases-statistiques-communale-et-departementale-de-la-delinquance-enregistree-par-la-police-et-la-gendarmerie-nationales/;;Trafic de stupéfiants;V0;;;;;;;;;;;;;;;;;;;;;;France;G0;Métropole;G0.1;Moitié sud;G0.1.2;NOUVELLE AQUITAINE;G0.1.2.1;HAUTE VIENNE;G0.1.2.1.12;;;;;;;;;;;;;;;;;;146;219;177;186;165;115;119;;;;;;;;;;;;;;;;;;;0,389356176;0,58489528;0,474277798;0,499517938;0,443401778;0,309037603;0,319786737
;;;;;;;;;;;;;;;;;;;;;;;;;;;;;;;;;;;;;;;;;;;;;;;;;;;;;;;;;;;;;;;;;;;;;;;;;;;;;;;;;;;;
data.gouv.fr;https://www.data.gouv.fr/fr/datasets/bases-statistiques-communale-et-departementale-de-la-delinquance-enregistree-par-la-police-et-la-gendarmerie-nationales/;;Trafic de stupéfiants;V0;;;;;;;;;;;;;;;;;;;;;;France;G0;Métropole;G0.1;Moitié sud;G0.1.2;OCCITANIE;G0.1.2.2;ARIEGE;G0.1.2.2.1;;;;;;;;;;;;;;;;;;48;48;50;79;82;97;95;;;;;;;;;;;;;;;;;;;0,313588167;0,313412078;0,326656475;0,515373124;0,532626629;0,630058329;0,617067436
data.gouv.fr;https://www.data.gouv.fr/fr/datasets/bases-statistiques-communale-et-departementale-de-la-delinquance-enregistree-par-la-police-et-la-gendarmerie-nationales/;;Trafic de stupéfiants;V0;;;;;;;;;;;;;;;;;;;;;;France;G0;Métropole;G0.1;Moitié sud;G0.1.2;OCCITANIE;G0.1.2.2;AUDE;G0.1.2.2.2;;;;;;;;;;;;;;;;;;139;183;167;167;226;175;177;;;;;;;;;;;;;;;;;;;0,377691733;0,494247286;0,447954164;0,446440506;0,602318125;0,466396778;0,471727027
data.gouv.fr;https://www.data.gouv.fr/fr/datasets/bases-statistiques-communale-et-departementale-de-la-delinquance-enregistree-par-la-police-et-la-gendarmerie-nationales/;;Trafic de stupéfiants;V0;;;;;;;;;;;;;;;;;;;;;;France;G0;Métropole;G0.1;Moitié sud;G0.1.2;OCCITANIE;G0.1.2.2;AVEYRON;G0.1.2.2.3;;;;;;;;;;;;;;;;;;112;154;99;141;136;136;105;;;;;;;;;;;;;;;;;;;0,401870131;0,551564078;0,354490572;0,504300864;0,486489194;0,486489194;0,375598274
data.gouv.fr;https://www.data.gouv.fr/fr/datasets/bases-statistiques-communale-et-departementale-de-la-delinquance-enregistree-par-la-police-et-la-gendarmerie-nationales/;;Trafic de stupéfiants;V0;;;;;;;;;;;;;;;;;;;;;;France;G0;Métropole;G0.1;Moitié sud;G0.1.2;OCCITANIE;G0.1.2.2;GARD;G0.1.2.2.4;;;;;;;;;;;;;;;;;;309;348;272;344;312;450;424;;;;;;;;;;;;;;;;;;;0,416438681;0,467630056;0,364876358;0,459624524;0,415193418;0,59883666;0,564237209
data.gouv.fr;https://www.data.gouv.fr/fr/datasets/bases-statistiques-communale-et-departementale-de-la-delinquance-enregistree-par-la-police-et-la-gendarmerie-nationales/;;Trafic de stupéfiants;V0;;;;;;;;;;;;;;;;;;;;;;France;G0;Métropole;G0.1;Moitié sud;G0.1.2;OCCITANIE;G0.1.2.2;HAUTE GARONNE;G0.1.2.2.5;;;;;;;;;;;;;;;;;;728;1082;1315;1453;1106;1523;1523;;;;;;;;;;;;;;;;;;;0,53998604;0,794028203;0,952434756;1,037828232;0,781207509;1,075749581;1,075749581
data.gouv.fr;https://www.data.gouv.fr/fr/datasets/bases-statistiques-communale-et-departementale-de-la-delinquance-enregistree-par-la-police-et-la-gendarmerie-nationales/;;Trafic de stupéfiants;V0;;;;;;;;;;;;;;;;;;;;;;France;G0;Métropole;G0.1;Moitié sud;G0.1.2;OCCITANIE;G0.1.2.2;GERS;G0.1.2.2.6;;;;;;;;;;;;;;;;;;65;55;37;28;42;65;80;;;;;;;;;;;;;;;;;;;0,340913859;0,287820986;0,193430676;0,146308073;0,218956412;0,338861114;0,417059832
data.gouv.fr;https://www.data.gouv.fr/fr/datasets/bases-statistiques-communale-et-departementale-de-la-delinquance-enregistree-par-la-police-et-la-gendarmerie-nationales/;;Trafic de stupéfiants;V0;;;;;;;;;;;;;;;;;;;;;;France;G0;Métropole;G0.1;Moitié sud;G0.1.2;OCCITANIE;G0.1.2.2;HERAULT;G0.1.2.2.7;;;;;;;;;;;;;;;;;;771;798;855;815;656;709;804;;;;;;;;;;;;;;;;;;;0,680806124;0,697008976;0,737564914;0,693249452;0,551736667;0,596312952;0,676213842
data.gouv.fr;https://www.data.gouv.fr/fr/datasets/bases-statistiques-communale-et-departementale-de-la-delinquance-enregistree-par-la-police-et-la-gendarmerie-nationales/;;Trafic de stupéfiants;V0;;;;;;;;;;;;;;;;;;;;;;France;G0;Métropole;G0.1;Moitié sud;G0.1.2;OCCITANIE;G0.1.2.2;LOT;G0.1.2.2.8;;;;;;;;;;;;;;;;;;38;64;77;78;61;63;81;;;;;;;;;;;;;;;;;;;0,219213485;0,36818004;0,442709381;0,448033821;0,349229977;0,36068014;0,463731608
data.gouv.fr;https://www.data.gouv.fr/fr/datasets/bases-statistiques-communale-et-departementale-de-la-delinquance-enregistree-par-la-police-et-la-gendarmerie-nationales/;;Trafic de stupéfiants;V0;;;;;;;;;;;;;;;;;;;;;;France;G0;Métropole;G0.1;Moitié sud;G0.1.2;OCCITANIE;G0.1.2.2;LOZERE;G0.1.2.2.9;;;;;;;;;;;;;;;;;;29;37;23;48;25;21;12;;;;;;;;;;;;;;;;;;;0,37947188;0,483022415;0,300575013;0,626599133;0,326230214;0,27403338;0,156590503
data.gouv.fr;https://www.data.gouv.fr/fr/datasets/bases-statistiques-communale-et-departementale-de-la-delinquance-enregistree-par-la-police-et-la-gendarmerie-nationales/;;Trafic de stupéfiants;V0;;;;;;;;;;;;;;;;;;;;;;France;G0;Métropole;G0.1;Moitié sud;G0.1.2;OCCITANIE;G0.1.2.2;HAUTES PYRENEES;G0.1.2.2.10;;;;;;;;;;;;;;;;;;155;164;118;115;96;118;112;;;;;;;;;;;;;;;;;;;0,680334813;0,71763007;0,514854423;0,50094308;0,417776385;0,513516807;0,487405783
data.gouv.fr;https://www.data.gouv.fr/fr/datasets/bases-statistiques-communale-et-departementale-de-la-delinquance-enregistree-par-la-police-et-la-gendarmerie-nationales/;;Trafic de stupéfiants;V0;;;;;;;;;;;;;;;;;;;;;;France;G0;Métropole;G0.1;Moitié sud;G0.1.2;OCCITANIE;G0.1.2.2;PYRENEES ORIENTALES;G0.1.2.2.11;;;;;;;;;;;;;;;;;;406;303;382;471;457;482;636;;;;;;;;;;;;;;;;;;;0,855873803;0,638631516;0,801919569;0,981292932;0,946630348;0,998415378;1,317411163
data.gouv.fr;https://www.data.gouv.fr/fr/datasets/bases-statistiques-communale-et-departementale-de-la-delinquance-enregistree-par-la-police-et-la-gendarmerie-nationales/;;Trafic de stupéfiants;V0;;;;;;;;;;;;;;;;;;;;;;France;G0;Métropole;G0.1;Moitié sud;G0.1.2;OCCITANIE;G0.1.2.2;TARN;G0.1.2.2.12;;;;;;;;;;;;;;;;;;154;106;108;106;112;152;259;;;;;;;;;;;;;;;;;;;0,398501221;0,273273351;0,277923602;0,271903633;0,28639667;0,388681194;0,662292298
data.gouv.fr;https://www.data.gouv.fr/fr/datasets/bases-statistiques-communale-et-departementale-de-la-delinquance-enregistree-par-la-police-et-la-gendarmerie-nationales/;;Trafic de stupéfiants;V0;;;;;;;;;;;;;;;;;;;;;;France;G0;Métropole;G0.1;Moitié sud;G0.1.2;OCCITANIE;G0.1.2.2;TARN ET GARONNE;G0.1.2.2.13;;;;;;;;;;;;;;;;;;63;56;67;56;79;81;63;;;;;;;;;;;;;;;;;;;0,245234471;0,216761048;0,258563468;0,214831837;0,301163482;0,308787874;0,240168347
;;;;;;;;;;;;;;;;;;;;;;;;;;;;;;;;;;;;;;;;;;;;;;;;;;;;;;;;;;;;;;;;;;;;;;;;;;;;;;;;;;;;
data.gouv.fr;https://www.data.gouv.fr/fr/datasets/bases-statistiques-communale-et-departementale-de-la-delinquance-enregistree-par-la-police-et-la-gendarmerie-nationales/;;Trafic de stupéfiants;V0;;;;;;;;;;;;;;;;;;;;;;France;G0;Métropole;G0.1;Moitié sud;G0.1.2;AUVERGNE RHONE ALPES;G0.1.2.3;AIN;G0.1.2.3.1;;;;;;;;;;;;;;;;;;445;270;198;186;212;264;215;;;;;;;;;;;;;;;;;;;0,697027842;0,419678247;0,305728235;0,285087181;0,322258975;0,401303629;0,326819243
data.gouv.fr;https://www.data.gouv.fr/fr/datasets/bases-statistiques-communale-et-departementale-de-la-delinquance-enregistree-par-la-police-et-la-gendarmerie-nationales/;;Trafic de stupéfiants;V0;;;;;;;;;;;;;;;;;;;;;;France;G0;Métropole;G0.1;Moitié sud;G0.1.2;AUVERGNE RHONE ALPES;G0.1.2.3;ALLIER;G0.1.2.3.2;;;;;;;;;;;;;;;;;;213;169;166;138;155;137;154;;;;;;;;;;;;;;;;;;;0,627607666;0,500017752;0,492331784;0,410744847;0,461820825;0,40819002;0,458841336
data.gouv.fr;https://www.data.gouv.fr/fr/datasets/bases-statistiques-communale-et-departementale-de-la-delinquance-enregistree-par-la-police-et-la-gendarmerie-nationales/;;Trafic de stupéfiants;V0;;;;;;;;;;;;;;;;;;;;;;France;G0;Métropole;G0.1;Moitié sud;G0.1.2;AUVERGNE RHONE ALPES;G0.1.2.3;ARDECHE;G0.1.2.3.3;;;;;;;;;;;;;;;;;;77;82;65;90;68;84;56;;;;;;;;;;;;;;;;;;;0,23680868;0,251756153;0,199016552;0,274157878;0,206482958;0,255067183;0,170044789
data.gouv.fr;https://www.data.gouv.fr/fr/datasets/bases-statistiques-communale-et-departementale-de-la-delinquance-enregistree-par-la-police-et-la-gendarmerie-nationales/;;Trafic de stupéfiants;V0;;;;;;;;;;;;;;;;;;;;;;France;G0;Métropole;G0.1;Moitié sud;G0.1.2;AUVERGNE RHONE ALPES;G0.1.2.3;CANTAL;G0.1.2.3.4;;;;;;;;;;;;;;;;;;18;64;57;44;81;44;46;;;;;;;;;;;;;;;;;;;0,123313854;0,440944448;0,393741581;0,304094214;0,561023418;0,304753461;0,318605891
data.gouv.fr;https://www.data.gouv.fr/fr/datasets/bases-statistiques-communale-et-departementale-de-la-delinquance-enregistree-par-la-police-et-la-gendarmerie-nationales/;;Trafic de stupéfiants;V0;;;;;;;;;;;;;;;;;;;;;;France;G0;Métropole;G0.1;Moitié sud;G0.1.2;AUVERGNE RHONE ALPES;G0.1.2.3;DROME;G0.1.2.3.5;;;;;;;;;;;;;;;;;;203;241;243;197;381;440;299;;;;;;;;;;;;;;;;;;;0,39960158;0,47111443;0,472090331;0,381219981;0,735934666;0,849898302;0,577544528
data.gouv.fr;https://www.data.gouv.fr/fr/datasets/bases-statistiques-communale-et-departementale-de-la-delinquance-enregistree-par-la-police-et-la-gendarmerie-nationales/;;Trafic de stupéfiants;V0;;;;;;;;;;;;;;;;;;;;;;France;G0;Métropole;G0.1;Moitié sud;G0.1.2;AUVERGNE RHONE ALPES;G0.1.2.3;ISERE;G0.1.2.3.6;;;;;;;;;;;;;;;;;;544;561;555;638;487;478;554;;;;;;;;;;;;;;;;;;;0,434188514;0,445690152;0,439234134;0,501901404;0,381209428;0,37416449;0,433655078
data.gouv.fr;https://www.data.gouv.fr/fr/datasets/bases-statistiques-communale-et-departementale-de-la-delinquance-enregistree-par-la-police-et-la-gendarmerie-nationales/;;Trafic de stupéfiants;V0;;;;;;;;;;;;;;;;;;;;;;France;G0;Métropole;G0.1;Moitié sud;G0.1.2;AUVERGNE RHONE ALPES;G0.1.2.3;LOIRE;G0.1.2.3.7;;;;;;;;;;;;;;;;;;291;348;195;368;267;380;258;;;;;;;;;;;;;;;;;;;0,381891267;0,456129635;0,255422488;0,480647411;0,347426442;0,494464599;0,335715438
data.gouv.fr;https://www.data.gouv.fr/fr/datasets/bases-statistiques-communale-et-departementale-de-la-delinquance-enregistree-par-la-police-et-la-gendarmerie-nationales/;;Trafic de stupéfiants;V0;;;;;;;;;;;;;;;;;;;;;;France;G0;Métropole;G0.1;Moitié sud;G0.1.2;AUVERGNE RHONE ALPES;G0.1.2.3;HAUTE LOIRE;G0.1.2.3.8;;;;;;;;;;;;;;;;;;102;86;159;193;112;87;68;;;;;;;;;;;;;;;;;;;0,448669168;0,378382897;0,698741387;0,848090697;0,492331497;0,382436074;0,298915552
data.gouv.fr;https://www.data.gouv.fr/fr/datasets/bases-statistiques-communale-et-departementale-de-la-delinquance-enregistree-par-la-police-et-la-gendarmerie-nationales/;;Trafic de stupéfiants;V0;;;;;;;;;;;;;;;;;;;;;;France;G0;Métropole;G0.1;Moitié sud;G0.1.2;AUVERGNE RHONE ALPES;G0.1.2.3;PUY DE DOME;G0.1.2.3.9;;;;;;;;;;;;;;;;;;282;285;321;265;354;364;360;;;;;;;;;;;;;;;;;;;0,433379438;0,435951797;0,487066192;0,400210224;0,534862779;0,549971897;0,54392825
data.gouv.fr;https://www.data.gouv.fr/fr/datasets/bases-statistiques-communale-et-departementale-de-la-delinquance-enregistree-par-la-police-et-la-gendarmerie-nationales/;;Trafic de stupéfiants;V0;;;;;;;;;;;;;;;;;;;;;;France;G0;Métropole;G0.1;Moitié sud;G0.1.2;AUVERGNE RHONE ALPES;G0.1.2.3;RHONE;G0.1.2.3.10;;;;;;;;;;;;;;;;;;925;1059;988;1138;1145;1190;1568;;;;;;;;;;;;;;;;;;;0,503839255;0,57450718;0,531318768;0,606691627;0,607931139;0,631823629;0,832520546
data.gouv.fr;https://www.data.gouv.fr/fr/datasets/bases-statistiques-communale-et-departementale-de-la-delinquance-enregistree-par-la-police-et-la-gendarmerie-nationales/;;Trafic de stupéfiants;V0;;;;;;;;;;;;;;;;;;;;;;France;G0;Métropole;G0.1;Moitié sud;G0.1.2;AUVERGNE RHONE ALPES;G0.1.2.3;SAVOIE;G0.1.2.3.11;;;;;;;;;;;;;;;;;;221;232;285;216;238;241;286;;;;;;;;;;;;;;;;;;;0,514335053;0,538065839;0,657099907;0,494920194;0,5412166;0,548038658;0,650369528
data.gouv.fr;https://www.data.gouv.fr/fr/datasets/bases-statistiques-communale-et-departementale-de-la-delinquance-enregistree-par-la-police-et-la-gendarmerie-nationales/;;Trafic de stupéfiants;V0;;;;;;;;;;;;;;;;;;;;;;France;G0;Métropole;G0.1;Moitié sud;G0.1.2;AUVERGNE RHONE ALPES;G0.1.2.3;HAUTE SAVOIE;G0.1.2.3.12;;;;;;;;;;;;;;;;;;892;1050;1060;1187;1018;913;795;;;;;;;;;;;;;;;;;;;1,113029937;1,300535077;1,297907797;1,436882486;1,218860976;1,093143488;0,951860978
;;;;;;;;;;;;;;;;;;;;;;;;;;;;;;;;;;;;;;;;;;;;;;;;;;;;;;;;;;;;;;;;;;;;;;;;;;;;;;;;;;;;
data.gouv.fr;https://www.data.gouv.fr/fr/datasets/bases-statistiques-communale-et-departementale-de-la-delinquance-enregistree-par-la-police-et-la-gendarmerie-nationales/;;Trafic de stupéfiants;V0;;;;;;;;;;;;;;;;;;;;;;France;G0;Métropole;G0.1;Moitié sud;G0.1.2;PROVENCE ALPES COTE D AZUR;G0.1.2.4;ALPES DE HAUTE PROVENCE;G0.1.2.4.1;;;;;;;;;;;;;;;;;;101;71;75;84;39;36;63;;;;;;;;;;;;;;;;;;;0,621289946;0,433151328;0,457127532;0,511234998;0,235719337;0,21758708;0,38077739
data.gouv.fr;https://www.data.gouv.fr/fr/datasets/bases-statistiques-communale-et-departementale-de-la-delinquance-enregistree-par-la-police-et-la-gendarmerie-nationales/;;Trafic de stupéfiants;V0;;;;;;;;;;;;;;;;;;;;;;France;G0;Métropole;G0.1;Moitié sud;G0.1.2;PROVENCE ALPES COTE D AZUR;G0.1.2.4;HAUTES ALPES;G0.1.2.4.2;;;;;;;;;;;;;;;;;;65;80;61;70;82;101;64;;;;;;;;;;;;;;;;;;;0,460643342;0,566235384;0,433552716;0,495680499;0,583194054;0,718324384;0,455175847
data.gouv.fr;https://www.data.gouv.fr/fr/datasets/bases-statistiques-communale-et-departementale-de-la-delinquance-enregistree-par-la-police-et-la-gendarmerie-nationales/;;Trafic de stupéfiants;V0;;;;;;;;;;;;;;;;;;;;;;France;G0;Métropole;G0.1;Moitié sud;G0.1.2;PROVENCE ALPES COTE D AZUR;G0.1.2.4;ALPES MARITIMES;G0.1.2.4.3;;;;;;;;;;;;;;;;;;754;740;912;1010;811;962;894;;;;;;;;;;;;;;;;;;;0,695761942;0,683091636;0,839609692;0,922978791;0,739012766;0,876609471;0,814645392
data.gouv.fr;https://www.data.gouv.fr/fr/datasets/bases-statistiques-communale-et-departementale-de-la-delinquance-enregistree-par-la-police-et-la-gendarmerie-nationales/;;Trafic de stupéfiants;V0;;;;;;;;;;;;;;;;;;;;;;France;G0;Métropole;G0.1;Moitié sud;G0.1.2;PROVENCE ALPES COTE D AZUR;G0.1.2.4;BOUCHES DU RHONE;G0.1.2.4.4;;;;;;;;;;;;;;;;;;1835;2161;1903;2250;2227;2927;3193;;;;;;;;;;;;;;;;;;;0,908543128;1,067602297;0,935430704;1,101262291;1,087365178;1,429150371;1,559028744
data.gouv.fr;https://www.data.gouv.fr/fr/datasets/bases-statistiques-communale-et-departementale-de-la-delinquance-enregistree-par-la-police-et-la-gendarmerie-nationales/;;Trafic de stupéfiants;V0;;;;;;;;;;;;;;;;;;;;;;France;G0;Métropole;G0.1;Moitié sud;G0.1.2;PROVENCE ALPES COTE D AZUR;G0.1.2.4;VAR;G0.1.2.4.5;;;;;;;;;;;;;;;;;;733;793;741;956;817;926;1119;;;;;;;;;;;;;;;;;;;0,694246468;0,749003533;0,694017123;0,887889136;0,752864248;0,853307581;1,031156785
data.gouv.fr;https://www.data.gouv.fr/fr/datasets/bases-statistiques-communale-et-departementale-de-la-delinquance-enregistree-par-la-police-et-la-gendarmerie-nationales/;;Trafic de stupéfiants;V0;;;;;;;;;;;;;;;;;;;;;;France;G0;Métropole;G0.1;Moitié sud;G0.1.2;PROVENCE ALPES COTE D AZUR;G0.1.2.4;VAUCLUSE;G0.1.2.4.6;;;;;;;;;;;;;;;;;;460;408;387;534;527;721;723;;;;;;;;;;;;;;;;;;;0,822877423;0,729249891;0,691326973;0,951076551;0,937820874;1,283052847;1,28661194
;;;;;;;;;;;;;;;;;;;;;;;;;;;;;;;;;;;;;;;;;;;;;;;;;;;;;;;;;;;;;;;;;;;;;;;;;;;;;;;;;;;;
data.gouv.fr;https://www.data.gouv.fr/fr/datasets/bases-statistiques-communale-et-departementale-de-la-delinquance-enregistree-par-la-police-et-la-gendarmerie-nationales/;;Trafic de stupéfiants;V0;;;;;;;;;;;;;;;;;;;;;;France;G0;Métropole;G0.1;Moitié sud;G0.1.2;CORSE;G0.1.2.5;CORSE DU SUD;G0.1.2.5.1;;;;;;;;;;;;;;;;;;48;71;93;30;58;87;178;;;;;;;;;;;;;;;;;;;0,311076259;0,451513205;0,589155733;0,189266089;0,360665116;0,540997674;1,106868805
data.gouv.fr;https://www.data.gouv.fr/fr/datasets/bases-statistiques-communale-et-departementale-de-la-delinquance-enregistree-par-la-police-et-la-gendarmerie-nationales/;;Trafic de stupéfiants;V0;;;;;;;;;;;;;;;;;;;;;;France;G0;Métropole;G0.1;Moitié sud;G0.1.2;CORSE;G0.1.2.5;HAUTE CORSE;G0.1.2.5.2;;;;;;;;;;;;;;;;;;76;138;67;74;96;137;74;;;;;;;;;;;;;;;;;;;0,43144557;0,776637834;0,370778247;0,406743142;0,524914291;0,749096437;0,404621433
;;;;;;;;;;;;;;;;;;;;;;;;;;;;;;;;;;;;;;;;;;;;;;;;;;;;;;;;;;;;;;;;;;;;;;;;;;;;;;;;;;;;
;;;;;;;;;;;;;;;;;;;;;;;;;;;;;;;;;;;;;;;;;;;;;;;;;;;;;;;;;;;;;;;;;;;;;;;;;;;;;;;;;;;;
data.gouv.fr;https://www.data.gouv.fr/fr/datasets/bases-statistiques-communale-et-departementale-de-la-delinquance-enregistree-par-la-police-et-la-gendarmerie-nationales/;;Trafic de stupéfiants;V0;;;;;;;;;;;;;;;;;;;;;;France;G0;Outre-mer;G0.2;GUADELOUPE;G0.2.1;;;;;;;;;;;;;;;;;;;;;;197;193;318;323;247;298;306;;;;;;;;;;;;;;;;;;;0,499860445;0,494550971;0,820372057;0,840622633;0,643968724;0,776933927;0,797791213
data.gouv.fr;https://www.data.gouv.fr/fr/datasets/bases-statistiques-communale-et-departementale-de-la-delinquance-enregistree-par-la-police-et-la-gendarmerie-nationales/;;Trafic de stupéfiants;V0;;;;;;;;;;;;;;;;;;;;;;France;G0;Outre-mer;G0.2;MARTINIQUE;G0.2.2;;;;;;;;;;;;;;;;;;;;;;391;324;302;255;266;396;389;;;;;;;;;;;;;;;;;;;1,038567786;0,86957922;0,818909765;0,699573123;0,736383141;1,096269638;1,076891134
data.gouv.fr;https://www.data.gouv.fr/fr/datasets/bases-statistiques-communale-et-departementale-de-la-delinquance-enregistree-par-la-police-et-la-gendarmerie-nationales/;;Trafic de stupéfiants;V0;;;;;;;;;;;;;;;;;;;;;;France;G0;Outre-mer;G0.2;GUYANE;G0.2.3;;;;;;;;;;;;;;;;;;;;;;580;620;775;577;416;531;838;;;;;;;;;;;;;;;;;;;2,153316107;2,307406029;2,806669371;2,048438288;1,458968271;1,862288827;2,938979353
data.gouv.fr;https://www.data.gouv.fr/fr/datasets/bases-statistiques-communale-et-departementale-de-la-delinquance-enregistree-par-la-police-et-la-gendarmerie-nationales/;;Trafic de stupéfiants;V0;;;;;;;;;;;;;;;;;;;;;;France;G0;Outre-mer;G0.2;LA REUNION;G0.2.4;;;;;;;;;;;;;;;;;;;;;;171;175;234;263;202;270;217;;;;;;;;;;;;;;;;;;;0,200486796;0,204999889;0,273376941;0,305384285;0,234044698;0,312832022;0,251424255
data.gouv.fr;https://www.data.gouv.fr/fr/datasets/bases-statistiques-communale-et-departementale-de-la-delinquance-enregistree-par-la-police-et-la-gendarmerie-nationales/;;Trafic de stupéfiants;V0;;;;;;;;;;;;;;;;;;;;;;France;G0;Outre-mer;G0.2;MAYOTTE;G0.2.5;;;;;;;;;;;;;;;;;;;;;;91;81;66;67;61;68;70;;;;;;;;;;;;;;;;;;;0,354750934;0,315767315;0,257291886;0,261190248;0,237800076;0,26508861;0,272885334
