A0_V0.1_V0.3.3;France;;;;;;;;;;;;;;;;;;;;;;;;;;;;;;;;;;;;;;;;;;;;;;;;;;;;;;;;;;;;;;;;;;;;;;;;;;;;;;;;;;;
;;;;;;;;;;;;;;;;;;;;;;;;;;;;;;;;;;;;;;;;;;;;;;;;;;;;;;;;;;;;;;;;;;;;;;;;;;;;;taux pour 1000;ratio;ratio;ratio;ratio;ratio;ratio;ratio
;;;;;;;;;;;;;;;;;;;;;;;;;;;;;;;;;;;;;;;;;;;;;;;;;;;;;infractions;infractions;infractions;infractions;infractions;infractions;infractions;;;;;;;;;;;;;;;;;;;taux pour 1000 habitants;taux pour 1000 habitants;taux pour 1000 habitants;taux pour 1000 habitants;taux pour 1000 habitants;taux pour 1000 habitants;taux pour 1000 habitants
Source;Lien;Niveau;Niv 1;Niv 1 id;Niv 2;Niv 2 id;Niv 3;Niv 3 id;Niv 4;Niv 4 id;Niv 5;Niv 5 id;Niv 6;Niv 6 id;Niv 7;Niv 7 id;Niv 8;Niv 8 id;Niv 9;Niv 9 id;Niv 10;Niv 10 id;Niv 11;Niv 11 id;;Niv 1 geo;Niv 1 geo id;Niv 2 geo;Niv 2 geo id;Niv 3 geo;Niv 3 geo id;Niv 4 geo;Niv 4 geo id;Niv 5 geo;Niv 5 geo id;Niv 6 geo;Niv 6 geo id;Niv 7 geo;Niv 7 geo id;Niv 8 geo;Niv 8 geo id;Niv 9 geo;Niv 9 geo id;Niv 10 geo;Niv 10 geo id;Niv 11 geo;Niv 11 geo id;Niv 12 geo;Niv 12 geo id;Niv 13 geo;Niv 13 geo id;Data / ventil;2016;2017;2018;2019;2020;2021;2022;;;;;;;;;;;;;;;;;;;2016;2017;2018;2019;2020;2021;2022
;;;;;;;;;;;;;;;;;;;;;;;;;;;;;;;;;;;;;;;;;;;;;;;;;;;;;;;;;;;;;;;;;;;;;;;;;;;;;;;;;;;;
data.gouv.fr;https://www.data.gouv.fr/fr/datasets/bases-statistiques-communale-et-departementale-de-la-delinquance-enregistree-par-la-police-et-la-gendarmerie-nationales/;;Destructions et dégradations volontaires;V0;;;;;;;;;;;;;;;;;;;;;;France;G0;;;;;;;;;;;;;;;;;;;;;;;;;;637899;630954;620549;616033;536486;544481;550648;;;;;;;;;;;;;;;;;;;9,575449799;9,448126729;9,263438494;9,161033887;7,957528443;8,076115768;8,167588943
;;;;;;;;;;;;;;;;;;;;;;;;;;;;;;;;;;;;;;;;;;;;;;;;;;;;;;;;;;;;;;;;;;;;;;;;;;;;;;;;;;;;
data.gouv.fr;https://www.data.gouv.fr/fr/datasets/bases-statistiques-communale-et-departementale-de-la-delinquance-enregistree-par-la-police-et-la-gendarmerie-nationales/;;Destructions et dégradations volontaires;V0;;;;;;;;;;;;;;;;;;;;;;France;G0;Métropole;G0.1;;;;;;;;;;;;;;;;;;;;;;;;624050;617870;608023;603394;524094;531278;537028;;;;;;;;;;;;;;;;;;;9,679877358;9,558760635;9,376698739;9,269185223;8,029734842;8,139802149;8,227898894
data.gouv.fr;https://www.data.gouv.fr/fr/datasets/bases-statistiques-communale-et-departementale-de-la-delinquance-enregistree-par-la-police-et-la-gendarmerie-nationales/;;Destructions et dégradations volontaires;V0;;;;;;;;;;;;;;;;;;;;;;France;G0;Outre-mer;G0.2;;;;;;;;;;;;;;;;;;;;;;;;13849;13084;12526;12639;12392;13203;13620;;;;;;;;;;;;;;;;;;;6,443241412;6,109097157;5,839575314;5,883659125;5,765013366;6,142307252;6,336304232
;;;;;;;;;;;;;;;;;;;;;;;;;;;;;;;;;;;;;;;;;;;;;;;;;;;;;;;;;;;;;;;;;;;;;;;;;;;;;;;;;;;;
data.gouv.fr;https://www.data.gouv.fr/fr/datasets/bases-statistiques-communale-et-departementale-de-la-delinquance-enregistree-par-la-police-et-la-gendarmerie-nationales/;;Destructions et dégradations volontaires;V0;;;;;;;;;;;;;;;;;;;;;;France;G0;Métropole;G0.1;Moitié nord;G0.1.1;;;;;;;;;;;;;;;;;;;;;;382009;373823;367192;363784;314548;314207;318642;;;;;;;;;;;;;;;;;;;9,682025935;9,458380852;9,274183833;9,16590686;7,915105842;7,906525113;8,018124915
data.gouv.fr;https://www.data.gouv.fr/fr/datasets/bases-statistiques-communale-et-departementale-de-la-delinquance-enregistree-par-la-police-et-la-gendarmerie-nationales/;;Destructions et dégradations volontaires;V0;;;;;;;;;;;;;;;;;;;;;;France;G0;Métropole;G0.1;Moitié sud;G0.1.2;;;;;;;;;;;;;;;;;;;;;;242041;244047;240831;239610;209546;217071;218386;;;;;;;;;;;;;;;;;;;9,676488238;9,716718635;9,537438717;9,430512519;8,208174722;8,502938234;8,554448402
;;;;;;;;;;;;;;;;;;;;;;;;;;;;;;;;;;;;;;;;;;;;;;;;;;;;;;;;;;;;;;;;;;;;;;;;;;;;;;;;;;;;
data.gouv.fr;https://www.data.gouv.fr/fr/datasets/bases-statistiques-communale-et-departementale-de-la-delinquance-enregistree-par-la-police-et-la-gendarmerie-nationales/;;Destructions et dégradations volontaires;V0;;;;;;;;;;;;;;;;;;;;;;France;G0;Métropole;G0.1;Moitié nord;G0.1.1;ILE DE FRANCE;G0.1.1.1;;;;;;;;;;;;;;;;;;;;131351;126987;122777;124122;108869;106820;107672;;;;;;;;;;;;;;;;;;;10,84010639;10,43024654;10,05260841;10,12204319;8,871482034;8,704513782;8,773941284
data.gouv.fr;https://www.data.gouv.fr/fr/datasets/bases-statistiques-communale-et-departementale-de-la-delinquance-enregistree-par-la-police-et-la-gendarmerie-nationales/;;Destructions et dégradations volontaires;V0;;;;;;;;;;;;;;;;;;;;;;France;G0;Métropole;G0.1;Moitié nord;G0.1.1;CENTRE VAL DE LOIRE;G0.1.1.2;;;;;;;;;;;;;;;;;;;;21105;20573;20890;20035;16766;17325;17836;;;;;;;;;;;;;;;;;;;8,18700429;7,98563184;8,119391197;7,786085699;6,511414394;6,728513323;6,926970483
data.gouv.fr;https://www.data.gouv.fr/fr/datasets/bases-statistiques-communale-et-departementale-de-la-delinquance-enregistree-par-la-police-et-la-gendarmerie-nationales/;;Destructions et dégradations volontaires;V0;;;;;;;;;;;;;;;;;;;;;;France;G0;Métropole;G0.1;Moitié nord;G0.1.1;BOURGOGNE FRANCHE COMTE;G0.1.1.3;;;;;;;;;;;;;;;;;;;;23054;23191;23666;22743;19747;19778;20107;;;;;;;;;;;;;;;;;;;8,179998283;8,248847648;8,428641997;8,106345212;7,048233302;7,059298032;7,176726946
data.gouv.fr;https://www.data.gouv.fr/fr/datasets/bases-statistiques-communale-et-departementale-de-la-delinquance-enregistree-par-la-police-et-la-gendarmerie-nationales/;;Destructions et dégradations volontaires;V0;;;;;;;;;;;;;;;;;;;;;;France;G0;Métropole;G0.1;Moitié nord;G0.1.1;NORMANDIE;G0.1.1.4;;;;;;;;;;;;;;;;;;;;27434;28325;27672;27696;23091;23273;24850;;;;;;;;;;;;;;;;;;;8,22379613;8,504785199;8,316210751;8,329543896;6,943571566;6,998299816;7,472511082
data.gouv.fr;https://www.data.gouv.fr/fr/datasets/bases-statistiques-communale-et-departementale-de-la-delinquance-enregistree-par-la-police-et-la-gendarmerie-nationales/;;Destructions et dégradations volontaires;V0;;;;;;;;;;;;;;;;;;;;;;France;G0;Métropole;G0.1;Moitié nord;G0.1.1;HAUTS DE FRANCE;G0.1.1.5;;;;;;;;;;;;;;;;;;;;72988;68938;66065;64326;55177;54322;54229;;;;;;;;;;;;;;;;;;;12,15075405;11,4823658;11,00329974;10,71216782;9,199641064;9,057087227;9,041581371
data.gouv.fr;https://www.data.gouv.fr/fr/datasets/bases-statistiques-communale-et-departementale-de-la-delinquance-enregistree-par-la-police-et-la-gendarmerie-nationales/;;Destructions et dégradations volontaires;V0;;;;;;;;;;;;;;;;;;;;;;France;G0;Métropole;G0.1;Moitié nord;G0.1.1;GRAND EST;G0.1.1.6;;;;;;;;;;;;;;;;;;;;48338;48122;48731;47564;41304;41481;42078;;;;;;;;;;;;;;;;;;;8,701418818;8,671277461;8,779744987;8,560497705;7,425236636;7,457055997;7,564378927
data.gouv.fr;https://www.data.gouv.fr/fr/datasets/bases-statistiques-communale-et-departementale-de-la-delinquance-enregistree-par-la-police-et-la-gendarmerie-nationales/;;Destructions et dégradations volontaires;V0;;;;;;;;;;;;;;;;;;;;;;France;G0;Métropole;G0.1;Moitié nord;G0.1.1;PAYS DE LA LOIRE;G0.1.1.7;;;;;;;;;;;;;;;;;;;;31822;31302;31772;31728;27135;27919;27293;;;;;;;;;;;;;;;;;;;8,513946798;8,330317224;8,402127982;8,335301478;7,080936923;7,285523418;7,122167364
data.gouv.fr;https://www.data.gouv.fr/fr/datasets/bases-statistiques-communale-et-departementale-de-la-delinquance-enregistree-par-la-police-et-la-gendarmerie-nationales/;;Destructions et dégradations volontaires;V0;;;;;;;;;;;;;;;;;;;;;;France;G0;Métropole;G0.1;Moitié nord;G0.1.1;BRETAGNE;G0.1.1.8;;;;;;;;;;;;;;;;;;;;25917;26385;25619;25570;22459;23289;24577;;;;;;;;;;;;;;;;;;;7,838128745;7,949913586;7,680905579;7,621792185;6,656816353;6,902827198;7,284588606
;;;;;;;;;;;;;;;;;;;;;;;;;;;;;;;;;;;;;;;;;;;;;;;;;;;;;;;;;;;;;;;;;;;;;;;;;;;;;;;;;;;;
data.gouv.fr;https://www.data.gouv.fr/fr/datasets/bases-statistiques-communale-et-departementale-de-la-delinquance-enregistree-par-la-police-et-la-gendarmerie-nationales/;;Destructions et dégradations volontaires;V0;;;;;;;;;;;;;;;;;;;;;;France;G0;Métropole;G0.1;Moitié nord;G0.1.1;ILE DE FRANCE;G0.1.1.1;PARIS;G0.1.1.1.1;;;;;;;;;;;;;;;;;;28056;26707;28283;28595;23822;23212;22422;;;;;;;;;;;;;;;;;;;12,80904632;12,20876918;13,00008595;13,20527213;11,10113863;10,81687641;10,44873354
data.gouv.fr;https://www.data.gouv.fr/fr/datasets/bases-statistiques-communale-et-departementale-de-la-delinquance-enregistree-par-la-police-et-la-gendarmerie-nationales/;;Destructions et dégradations volontaires;V0;;;;;;;;;;;;;;;;;;;;;;France;G0;Métropole;G0.1;Moitié nord;G0.1.1;ILE DE FRANCE;G0.1.1.1;SEINE ET MARNE;G0.1.1.1.2;;;;;;;;;;;;;;;;;;13702;12992;12825;12699;10497;10820;10873;;;;;;;;;;;;;;;;;;;9,803493684;9,253581026;9,07954317;8,93542556;7,34756789;7,573657671;7,610755994
data.gouv.fr;https://www.data.gouv.fr/fr/datasets/bases-statistiques-communale-et-departementale-de-la-delinquance-enregistree-par-la-police-et-la-gendarmerie-nationales/;;Destructions et dégradations volontaires;V0;;;;;;;;;;;;;;;;;;;;;;France;G0;Métropole;G0.1;Moitié nord;G0.1.1;ILE DE FRANCE;G0.1.1.1;YVELINES;G0.1.1.1.3;;;;;;;;;;;;;;;;;;12828;12212;11639;11614;10732;9772;9825;;;;;;;;;;;;;;;;;;;8,959301806;8,49077987;8,074799604;8,019571788;7,402793499;6,740598031;6,77715674
data.gouv.fr;https://www.data.gouv.fr/fr/datasets/bases-statistiques-communale-et-departementale-de-la-delinquance-enregistree-par-la-police-et-la-gendarmerie-nationales/;;Destructions et dégradations volontaires;V0;;;;;;;;;;;;;;;;;;;;;;France;G0;Métropole;G0.1;Moitié nord;G0.1.1;ILE DE FRANCE;G0.1.1.1;ESSONNE;G0.1.1.1.4;;;;;;;;;;;;;;;;;;13312;12815;12183;11568;10237;10390;10307;;;;;;;;;;;;;;;;;;;10,34078286;9,88712552;9,395815804;8,887120206;7,837729822;7,954870846;7,891323755
data.gouv.fr;https://www.data.gouv.fr/fr/datasets/bases-statistiques-communale-et-departementale-de-la-delinquance-enregistree-par-la-police-et-la-gendarmerie-nationales/;;Destructions et dégradations volontaires;V0;;;;;;;;;;;;;;;;;;;;;;France;G0;Métropole;G0.1;Moitié nord;G0.1.1;ILE DE FRANCE;G0.1.1.1;HAUTS DE SEINE;G0.1.1.1.5;;;;;;;;;;;;;;;;;;16074;15307;14579;14728;12938;13119;13652;;;;;;;;;;;;;;;;;;;10,02577236;9,511553427;9,004273927;9,066972347;7,955907375;8,067208908;8,394964251
data.gouv.fr;https://www.data.gouv.fr/fr/datasets/bases-statistiques-communale-et-departementale-de-la-delinquance-enregistree-par-la-police-et-la-gendarmerie-nationales/;;Destructions et dégradations volontaires;V0;;;;;;;;;;;;;;;;;;;;;;France;G0;Métropole;G0.1;Moitié nord;G0.1.1;ILE DE FRANCE;G0.1.1.1;SEINE SAINT DENIS;G0.1.1.1.6;;;;;;;;;;;;;;;;;;19489;19885;17943;19215;17730;17406;17740;;;;;;;;;;;;;;;;;;;12,13013332;12,25116458;10,98992636;11,68153988;10,71025998;10,5145395;10,71630074
data.gouv.fr;https://www.data.gouv.fr/fr/datasets/bases-statistiques-communale-et-departementale-de-la-delinquance-enregistree-par-la-police-et-la-gendarmerie-nationales/;;Destructions et dégradations volontaires;V0;;;;;;;;;;;;;;;;;;;;;;France;G0;Métropole;G0.1;Moitié nord;G0.1.1;ILE DE FRANCE;G0.1.1.1;VAL DE MARNE;G0.1.1.1.7;;;;;;;;;;;;;;;;;;14558;14020;12855;13196;11862;11573;11601;;;;;;;;;;;;;;;;;;;10,56342883;10,1014031;9,202434225;9,377993695;8,424883449;8,219623686;8,239510445
data.gouv.fr;https://www.data.gouv.fr/fr/datasets/bases-statistiques-communale-et-departementale-de-la-delinquance-enregistree-par-la-police-et-la-gendarmerie-nationales/;;Destructions et dégradations volontaires;V0;;;;;;;;;;;;;;;;;;;;;;France;G0;Métropole;G0.1;Moitié nord;G0.1.1;ILE DE FRANCE;G0.1.1.1;VAL D OISE;G0.1.1.1.8;;;;;;;;;;;;;;;;;;13332;13049;12470;12507;11051;10528;11252;;;;;;;;;;;;;;;;;;;10,91067113;10,62087646;10,06797295;10,00821014;8,828059345;8,410262309;8,988627613
;;;;;;;;;;;;;;;;;;;;;;;;;;;;;;;;;;;;;;;;;;;;;;;;;;;;;;;;;;;;;;;;;;;;;;;;;;;;;;;;;;;;
data.gouv.fr;https://www.data.gouv.fr/fr/datasets/bases-statistiques-communale-et-departementale-de-la-delinquance-enregistree-par-la-police-et-la-gendarmerie-nationales/;;Destructions et dégradations volontaires;V0;;;;;;;;;;;;;;;;;;;;;;France;G0;Métropole;G0.1;Moitié nord;G0.1.1;CENTRE VAL DE LOIRE;G0.1.1.2;CHER;G0.1.1.2.1;;;;;;;;;;;;;;;;;;2952;2547;2655;2736;2114;2311;2119;;;;;;;;;;;;;;;;;;;9,612191072;8,371240008;8,750593261;9,050432343;7,024819478;7,679450243;7,041434472
data.gouv.fr;https://www.data.gouv.fr/fr/datasets/bases-statistiques-communale-et-departementale-de-la-delinquance-enregistree-par-la-police-et-la-gendarmerie-nationales/;;Destructions et dégradations volontaires;V0;;;;;;;;;;;;;;;;;;;;;;France;G0;Métropole;G0.1;Moitié nord;G0.1.1;CENTRE VAL DE LOIRE;G0.1.1.2;EURE ET LOIR;G0.1.1.2.2;;;;;;;;;;;;;;;;;;3546;3313;3376;3263;2899;3084;3269;;;;;;;;;;;;;;;;;;;8,171843781;7,647155226;7,814869085;7,560678909;6,719311705;7,148105312;7,576898918
data.gouv.fr;https://www.data.gouv.fr/fr/datasets/bases-statistiques-communale-et-departementale-de-la-delinquance-enregistree-par-la-police-et-la-gendarmerie-nationales/;;Destructions et dégradations volontaires;V0;;;;;;;;;;;;;;;;;;;;;;France;G0;Métropole;G0.1;Moitié nord;G0.1.1;CENTRE VAL DE LOIRE;G0.1.1.2;INDRE;G0.1.1.2.3;;;;;;;;;;;;;;;;;;1514;1678;1616;1600;1300;1494;1482;;;;;;;;;;;;;;;;;;;6,773897676;7,550667771;7,325642014;7,295409364;5,944025568;6,831057076;6,776189148
data.gouv.fr;https://www.data.gouv.fr/fr/datasets/bases-statistiques-communale-et-departementale-de-la-delinquance-enregistree-par-la-police-et-la-gendarmerie-nationales/;;Destructions et dégradations volontaires;V0;;;;;;;;;;;;;;;;;;;;;;France;G0;Métropole;G0.1;Moitié nord;G0.1.1;CENTRE VAL DE LOIRE;G0.1.1.2;INDRE ET LOIRE;G0.1.1.2.4;;;;;;;;;;;;;;;;;;4922;5288;5293;5181;4222;4302;4357;;;;;;;;;;;;;;;;;;;8,119124481;8,718720683;8,70902988;8,492342795;6,897351659;7,0280452;7,11789701
data.gouv.fr;https://www.data.gouv.fr/fr/datasets/bases-statistiques-communale-et-departementale-de-la-delinquance-enregistree-par-la-police-et-la-gendarmerie-nationales/;;Destructions et dégradations volontaires;V0;;;;;;;;;;;;;;;;;;;;;;France;G0;Métropole;G0.1;Moitié nord;G0.1.1;CENTRE VAL DE LOIRE;G0.1.1.2;LOIR ET CHER;G0.1.1.2.5;;;;;;;;;;;;;;;;;;2497;2554;2680;2501;1898;1968;2292;;;;;;;;;;;;;;;;;;;7,50370377;7,694741123;8,11511349;7,590979452;5,76274377;5,975279104;6,959014079
data.gouv.fr;https://www.data.gouv.fr/fr/datasets/bases-statistiques-communale-et-departementale-de-la-delinquance-enregistree-par-la-police-et-la-gendarmerie-nationales/;;Destructions et dégradations volontaires;V0;;;;;;;;;;;;;;;;;;;;;;France;G0;Métropole;G0.1;Moitié nord;G0.1.1;CENTRE VAL DE LOIRE;G0.1.1.2;LOIRET;G0.1.1.2.6;;;;;;;;;;;;;;;;;;5674;5193;5270;4754;4333;4166;4317;;;;;;;;;;;;;;;;;;;8,414277876;7,658106046;7,763186;6,986717301;6,350541694;6,10578276;6,327091736
;;;;;;;;;;;;;;;;;;;;;;;;;;;;;;;;;;;;;;;;;;;;;;;;;;;;;;;;;;;;;;;;;;;;;;;;;;;;;;;;;;;;
data.gouv.fr;https://www.data.gouv.fr/fr/datasets/bases-statistiques-communale-et-departementale-de-la-delinquance-enregistree-par-la-police-et-la-gendarmerie-nationales/;;Destructions et dégradations volontaires;V0;;;;;;;;;;;;;;;;;;;;;;France;G0;Métropole;G0.1;Moitié nord;G0.1.1;BOURGOGNE FRANCHE COMTE;G0.1.1.3;COTE D OR;G0.1.1.3.1;;;;;;;;;;;;;;;;;;4651;4575;4562;4862;4180;4041;4133;;;;;;;;;;;;;;;;;;;8,722593035;8,570320652;8,555568058;9,102755165;7,811945174;7,552169964;7,724107513
data.gouv.fr;https://www.data.gouv.fr/fr/datasets/bases-statistiques-communale-et-departementale-de-la-delinquance-enregistree-par-la-police-et-la-gendarmerie-nationales/;;Destructions et dégradations volontaires;V0;;;;;;;;;;;;;;;;;;;;;;France;G0;Métropole;G0.1;Moitié nord;G0.1.1;BOURGOGNE FRANCHE COMTE;G0.1.1.3;DOUBS;G0.1.1.3.2;;;;;;;;;;;;;;;;;;5111;4934;4643;4257;3737;3892;3781;;;;;;;;;;;;;;;;;;;9,490315644;9,15285113;8,575059008;7,825741671;6,854252223;7,138546869;6,934955219
data.gouv.fr;https://www.data.gouv.fr/fr/datasets/bases-statistiques-communale-et-departementale-de-la-delinquance-enregistree-par-la-police-et-la-gendarmerie-nationales/;;Destructions et dégradations volontaires;V0;;;;;;;;;;;;;;;;;;;;;;France;G0;Métropole;G0.1;Moitié nord;G0.1.1;BOURGOGNE FRANCHE COMTE;G0.1.1.3;JURA;G0.1.1.3.3;;;;;;;;;;;;;;;;;;1744;1926;2063;1935;1760;1674;1811;;;;;;;;;;;;;;;;;;;6,694380789;7,402339847;7,942374474;7,465306579;6,800670793;6,468365289;6,997735686
data.gouv.fr;https://www.data.gouv.fr/fr/datasets/bases-statistiques-communale-et-departementale-de-la-delinquance-enregistree-par-la-police-et-la-gendarmerie-nationales/;;Destructions et dégradations volontaires;V0;;;;;;;;;;;;;;;;;;;;;;France;G0;Métropole;G0.1;Moitié nord;G0.1.1;BOURGOGNE FRANCHE COMTE;G0.1.1.3;NIEVRE;G0.1.1.3.4;;;;;;;;;;;;;;;;;;1663;1675;1763;1752;1417;1476;1452;;;;;;;;;;;;;;;;;;;7,95081301;8,084679171;8,565404124;8,569248528;6,991661321;7,282774954;7,164355849
data.gouv.fr;https://www.data.gouv.fr/fr/datasets/bases-statistiques-communale-et-departementale-de-la-delinquance-enregistree-par-la-police-et-la-gendarmerie-nationales/;;Destructions et dégradations volontaires;V0;;;;;;;;;;;;;;;;;;;;;;France;G0;Métropole;G0.1;Moitié nord;G0.1.1;BOURGOGNE FRANCHE COMTE;G0.1.1.3;HAUTE SAONE;G0.1.1.3.5;;;;;;;;;;;;;;;;;;1871;1892;1931;1848;1624;1611;1634;;;;;;;;;;;;;;;;;;;7,886461925;7,994625178;8,181579371;7,853369767;6,922391635;6,866978402;6,965017199
data.gouv.fr;https://www.data.gouv.fr/fr/datasets/bases-statistiques-communale-et-departementale-de-la-delinquance-enregistree-par-la-police-et-la-gendarmerie-nationales/;;Destructions et dégradations volontaires;V0;;;;;;;;;;;;;;;;;;;;;;France;G0;Métropole;G0.1;Moitié nord;G0.1.1;BOURGOGNE FRANCHE COMTE;G0.1.1.3;SAONE ET LOIRE;G0.1.1.3.6;;;;;;;;;;;;;;;;;;3717;3743;4215;3967;3407;3529;3342;;;;;;;;;;;;;;;;;;;6,697019763;6,761260488;7,6333113;7,193201002;6,182596182;6,403986477;6,064642337
data.gouv.fr;https://www.data.gouv.fr/fr/datasets/bases-statistiques-communale-et-departementale-de-la-delinquance-enregistree-par-la-police-et-la-gendarmerie-nationales/;;Destructions et dégradations volontaires;V0;;;;;;;;;;;;;;;;;;;;;;France;G0;Métropole;G0.1;Moitié nord;G0.1.1;BOURGOGNE FRANCHE COMTE;G0.1.1.3;YONNE;G0.1.1.3.7;;;;;;;;;;;;;;;;;;2867;3065;3159;2848;2660;2510;2811;;;;;;;;;;;;;;;;;;;8,418882729;9,060246947;9,359889068;8,483588367;7,960353847;7,511461712;8,412238595
data.gouv.fr;https://www.data.gouv.fr/fr/datasets/bases-statistiques-communale-et-departementale-de-la-delinquance-enregistree-par-la-police-et-la-gendarmerie-nationales/;;Destructions et dégradations volontaires;V0;;;;;;;;;;;;;;;;;;;;;;France;G0;Métropole;G0.1;Moitié nord;G0.1.1;BOURGOGNE FRANCHE COMTE;G0.1.1.3;TERRITOIRE DE BELFORT;G0.1.1.3.8;;;;;;;;;;;;;;;;;;1430;1381;1330;1274;962;1045;1143;;;;;;;;;;;;;;;;;;;9,924421712;9,682938116;9,37596932;9,015129;6,86554382;7,457893234;8,157293748
;;;;;;;;;;;;;;;;;;;;;;;;;;;;;;;;;;;;;;;;;;;;;;;;;;;;;;;;;;;;;;;;;;;;;;;;;;;;;;;;;;;;
data.gouv.fr;https://www.data.gouv.fr/fr/datasets/bases-statistiques-communale-et-departementale-de-la-delinquance-enregistree-par-la-police-et-la-gendarmerie-nationales/;;Destructions et dégradations volontaires;V0;;;;;;;;;;;;;;;;;;;;;;France;G0;Métropole;G0.1;Moitié nord;G0.1.1;NORMANDIE;G0.1.1.4;CALVADOS;G0.1.1.4.1;;;;;;;;;;;;;;;;;;5728;6149;5768;6115;4930;4946;4988;;;;;;;;;;;;;;;;;;;8,25742166;8,860205014;8,3105686;8,799763997;7,067624117;7,09056164;7,150772636
data.gouv.fr;https://www.data.gouv.fr/fr/datasets/bases-statistiques-communale-et-departementale-de-la-delinquance-enregistree-par-la-police-et-la-gendarmerie-nationales/;;Destructions et dégradations volontaires;V0;;;;;;;;;;;;;;;;;;;;;;France;G0;Métropole;G0.1;Moitié nord;G0.1.1;NORMANDIE;G0.1.1.4;EURE;G0.1.1.4.2;;;;;;;;;;;;;;;;;;4496;4433;4723;4682;4050;3985;3984;;;;;;;;;;;;;;;;;;;7,458217559;7,365708333;7,872165237;7,809750345;6,753737068;6,645343757;6,643676167
data.gouv.fr;https://www.data.gouv.fr/fr/datasets/bases-statistiques-communale-et-departementale-de-la-delinquance-enregistree-par-la-police-et-la-gendarmerie-nationales/;;Destructions et dégradations volontaires;V0;;;;;;;;;;;;;;;;;;;;;;France;G0;Métropole;G0.1;Moitié nord;G0.1.1;NORMANDIE;G0.1.1.4;MANCHE;G0.1.1.4.3;;;;;;;;;;;;;;;;;;3341;3288;3279;3138;2771;2797;3021;;;;;;;;;;;;;;;;;;;6,70396218;6,617251949;6,611113687;6,338817683;5,596928254;5,64944364;6,101883888
data.gouv.fr;https://www.data.gouv.fr/fr/datasets/bases-statistiques-communale-et-departementale-de-la-delinquance-enregistree-par-la-police-et-la-gendarmerie-nationales/;;Destructions et dégradations volontaires;V0;;;;;;;;;;;;;;;;;;;;;;France;G0;Métropole;G0.1;Moitié nord;G0.1.1;NORMANDIE;G0.1.1.4;ORNE;G0.1.1.4.4;;;;;;;;;;;;;;;;;;1957;2179;2106;2002;1785;1855;2157;;;;;;;;;;;;;;;;;;;6,859253859;7,689538839;7,478879091;7,151481378;6,409911123;6,661280187;7,745758147
data.gouv.fr;https://www.data.gouv.fr/fr/datasets/bases-statistiques-communale-et-departementale-de-la-delinquance-enregistree-par-la-police-et-la-gendarmerie-nationales/;;Destructions et dégradations volontaires;V0;;;;;;;;;;;;;;;;;;;;;;France;G0;Métropole;G0.1;Moitié nord;G0.1.1;NORMANDIE;G0.1.1.4;SEINE MARITIME;G0.1.1.4.5;;;;;;;;;;;;;;;;;;11912;12276;11796;11759;9555;9690;10700;;;;;;;;;;;;;;;;;;;9,485926793;9,786523679;9,392594692;9,364997575;7,615129521;7,722721618;8,527669898
;;;;;;;;;;;;;;;;;;;;;;;;;;;;;;;;;;;;;;;;;;;;;;;;;;;;;;;;;;;;;;;;;;;;;;;;;;;;;;;;;;;;
data.gouv.fr;https://www.data.gouv.fr/fr/datasets/bases-statistiques-communale-et-departementale-de-la-delinquance-enregistree-par-la-police-et-la-gendarmerie-nationales/;;Destructions et dégradations volontaires;V0;;;;;;;;;;;;;;;;;;;;;;France;G0;Métropole;G0.1;Moitié nord;G0.1.1;HAUTS DE FRANCE;G0.1.1.5;AISNE;G0.1.1.5.1;;;;;;;;;;;;;;;;;;5094;5265;5235;5046;4656;4429;4457;;;;;;;;;;;;;;;;;;;9,50132056;9,850511703;9,815944018;9,496654716;8,795294064;8,366485698;8,41937836
data.gouv.fr;https://www.data.gouv.fr/fr/datasets/bases-statistiques-communale-et-departementale-de-la-delinquance-enregistree-par-la-police-et-la-gendarmerie-nationales/;;Destructions et dégradations volontaires;V0;;;;;;;;;;;;;;;;;;;;;;France;G0;Métropole;G0.1;Moitié nord;G0.1.1;HAUTS DE FRANCE;G0.1.1.5;NORD;G0.1.1.5.2;;;;;;;;;;;;;;;;;;33538;31271;29921;29896;25693;26425;25294;;;;;;;;;;;;;;;;;;;12,88078647;12,00716798;11,4805501;11,46166958;9,852569997;10,13327218;9,699564298
data.gouv.fr;https://www.data.gouv.fr/fr/datasets/bases-statistiques-communale-et-departementale-de-la-delinquance-enregistree-par-la-police-et-la-gendarmerie-nationales/;;Destructions et dégradations volontaires;V0;;;;;;;;;;;;;;;;;;;;;;France;G0;Métropole;G0.1;Moitié nord;G0.1.1;HAUTS DE FRANCE;G0.1.1.5;OISE;G0.1.1.5.3;;;;;;;;;;;;;;;;;;9003;8562;8000;7485;5957;5828;5832;;;;;;;;;;;;;;;;;;;10,93204718;10,38443766;9,671729414;9,024389362;7,179712161;7,02423409;7,029055115
data.gouv.fr;https://www.data.gouv.fr/fr/datasets/bases-statistiques-communale-et-departementale-de-la-delinquance-enregistree-par-la-police-et-la-gendarmerie-nationales/;;Destructions et dégradations volontaires;V0;;;;;;;;;;;;;;;;;;;;;;France;G0;Métropole;G0.1;Moitié nord;G0.1.1;HAUTS DE FRANCE;G0.1.1.5;PAS DE CALAIS;G0.1.1.5.4;;;;;;;;;;;;;;;;;;18767;17417;16882;16203;13701;12744;13225;;;;;;;;;;;;;;;;;;;12,76037329;11,86429594;11,50985551;11,05796989;9,370338682;8,715830681;9,044794473
data.gouv.fr;https://www.data.gouv.fr/fr/datasets/bases-statistiques-communale-et-departementale-de-la-delinquance-enregistree-par-la-police-et-la-gendarmerie-nationales/;;Destructions et dégradations volontaires;V0;;;;;;;;;;;;;;;;;;;;;;France;G0;Métropole;G0.1;Moitié nord;G0.1.1;HAUTS DE FRANCE;G0.1.1.5;SOMME;G0.1.1.5.5;;;;;;;;;;;;;;;;;;6586;6423;6027;5696;5170;4896;5421;;;;;;;;;;;;;;;;;;;11,49902923;11,22033111;10,56141814;9,983191922;9,090141855;8,60838192;9,531462089
;;;;;;;;;;;;;;;;;;;;;;;;;;;;;;;;;;;;;;;;;;;;;;;;;;;;;;;;;;;;;;;;;;;;;;;;;;;;;;;;;;;;
data.gouv.fr;https://www.data.gouv.fr/fr/datasets/bases-statistiques-communale-et-departementale-de-la-delinquance-enregistree-par-la-police-et-la-gendarmerie-nationales/;;Destructions et dégradations volontaires;V0;;;;;;;;;;;;;;;;;;;;;;France;G0;Métropole;G0.1;Moitié nord;G0.1.1;GRAND EST;G0.1.1.6;ARDENNES;G0.1.1.6.1;;;;;;;;;;;;;;;;;;2518;2461;2540;2590;2208;2316;2378;;;;;;;;;;;;;;;;;;;9,144027512;8,995573491;9,343559749;9,571959702;8,186843949;8,587287403;8,817171609
data.gouv.fr;https://www.data.gouv.fr/fr/datasets/bases-statistiques-communale-et-departementale-de-la-delinquance-enregistree-par-la-police-et-la-gendarmerie-nationales/;;Destructions et dégradations volontaires;V0;;;;;;;;;;;;;;;;;;;;;;France;G0;Métropole;G0.1;Moitié nord;G0.1.1;GRAND EST;G0.1.1.6;AUBE;G0.1.1.6.2;;;;;;;;;;;;;;;;;;3129;2909;2879;2768;2447;2255;2442;;;;;;;;;;;;;;;;;;;10,12916383;9,383265596;9,286497645;8,922067289;7,85717726;7,240676225;7,841122546
data.gouv.fr;https://www.data.gouv.fr/fr/datasets/bases-statistiques-communale-et-departementale-de-la-delinquance-enregistree-par-la-police-et-la-gendarmerie-nationales/;;Destructions et dégradations volontaires;V0;;;;;;;;;;;;;;;;;;;;;;France;G0;Métropole;G0.1;Moitié nord;G0.1.1;GRAND EST;G0.1.1.6;MARNE;G0.1.1.6.3;;;;;;;;;;;;;;;;;;6271;6166;5965;5686;4887;4905;5050;;;;;;;;;;;;;;;;;;;10,98473768;10,83855545;10,51171708;10,03078389;8,624234328;8,655999464;8,911885278
data.gouv.fr;https://www.data.gouv.fr/fr/datasets/bases-statistiques-communale-et-departementale-de-la-delinquance-enregistree-par-la-police-et-la-gendarmerie-nationales/;;Destructions et dégradations volontaires;V0;;;;;;;;;;;;;;;;;;;;;;France;G0;Métropole;G0.1;Moitié nord;G0.1.1;GRAND EST;G0.1.1.6;HAUTE MARNE;G0.1.1.6.4;;;;;;;;;;;;;;;;;;1538;1623;1660;1555;1241;1300;1476;;;;;;;;;;;;;;;;;;;8,636373846;9,240491915;9,53644819;9,013865702;7,223599809;7,567026391;8,591485349
data.gouv.fr;https://www.data.gouv.fr/fr/datasets/bases-statistiques-communale-et-departementale-de-la-delinquance-enregistree-par-la-police-et-la-gendarmerie-nationales/;;Destructions et dégradations volontaires;V0;;;;;;;;;;;;;;;;;;;;;;France;G0;Métropole;G0.1;Moitié nord;G0.1.1;GRAND EST;G0.1.1.6;MEURTHE ET MOSELLE;G0.1.1.6.5;;;;;;;;;;;;;;;;;;7121;6925;6842;6626;5959;6025;6274;;;;;;;;;;;;;;;;;;;9,704001385;9,441280688;9,328274269;9,030200611;8,134154165;8,224245485;8,564135465
data.gouv.fr;https://www.data.gouv.fr/fr/datasets/bases-statistiques-communale-et-departementale-de-la-delinquance-enregistree-par-la-police-et-la-gendarmerie-nationales/;;Destructions et dégradations volontaires;V0;;;;;;;;;;;;;;;;;;;;;;France;G0;Métropole;G0.1;Moitié nord;G0.1.1;GRAND EST;G0.1.1.6;MEUSE;G0.1.1.6.6;;;;;;;;;;;;;;;;;;1531;1401;1468;1421;1391;1504;1375;;;;;;;;;;;;;;;;;;;8,098172489;7,484494116;7,919937417;7,719343992;7,60105136;8,218534325;7,513620144
data.gouv.fr;https://www.data.gouv.fr/fr/datasets/bases-statistiques-communale-et-departementale-de-la-delinquance-enregistree-par-la-police-et-la-gendarmerie-nationales/;;Destructions et dégradations volontaires;V0;;;;;;;;;;;;;;;;;;;;;;France;G0;Métropole;G0.1;Moitié nord;G0.1.1;GRAND EST;G0.1.1.6;MOSELLE;G0.1.1.6.7;;;;;;;;;;;;;;;;;;9047;9070;8929;8599;7339;7627;7490;;;;;;;;;;;;;;;;;;;8,655171721;8,691719005;8,55658327;8,216575908;6,995153242;7,269659869;7,139078592
data.gouv.fr;https://www.data.gouv.fr/fr/datasets/bases-statistiques-communale-et-departementale-de-la-delinquance-enregistree-par-la-police-et-la-gendarmerie-nationales/;;Destructions et dégradations volontaires;V0;;;;;;;;;;;;;;;;;;;;;;France;G0;Métropole;G0.1;Moitié nord;G0.1.1;GRAND EST;G0.1.1.6;BAS RHIN;G0.1.1.6.8;;;;;;;;;;;;;;;;;;8449;8618;9299;9079;7949;7669;7578;;;;;;;;;;;;;;;;;;;7,534285054;7,656639945;8,203417223;7,963636906;6,923775753;6,679888822;6,60062557
data.gouv.fr;https://www.data.gouv.fr/fr/datasets/bases-statistiques-communale-et-departementale-de-la-delinquance-enregistree-par-la-police-et-la-gendarmerie-nationales/;;Destructions et dégradations volontaires;V0;;;;;;;;;;;;;;;;;;;;;;France;G0;Métropole;G0.1;Moitié nord;G0.1.1;GRAND EST;G0.1.1.6;HAUT RHIN;G0.1.1.6.9;;;;;;;;;;;;;;;;;;5992;6012;6280;6232;5202;5352;5357;;;;;;;;;;;;;;;;;;;7,855857084;7,868800963;8,209354219;8,12425204;6,77483128;6,97018397;6,976695726
data.gouv.fr;https://www.data.gouv.fr/fr/datasets/bases-statistiques-communale-et-departementale-de-la-delinquance-enregistree-par-la-police-et-la-gendarmerie-nationales/;;Destructions et dégradations volontaires;V0;;;;;;;;;;;;;;;;;;;;;;France;G0;Métropole;G0.1;Moitié nord;G0.1.1;GRAND EST;G0.1.1.6;VOSGES;G0.1.1.6.10;;;;;;;;;;;;;;;;;;2742;2937;2869;3008;2681;2528;2658;;;;;;;;;;;;;;;;;;;7,418008284;7,988076361;7,83639979;8,252423189;7,397964111;6,975775186;7,334497802
;;;;;;;;;;;;;;;;;;;;;;;;;;;;;;;;;;;;;;;;;;;;;;;;;;;;;;;;;;;;;;;;;;;;;;;;;;;;;;;;;;;;
data.gouv.fr;https://www.data.gouv.fr/fr/datasets/bases-statistiques-communale-et-departementale-de-la-delinquance-enregistree-par-la-police-et-la-gendarmerie-nationales/;;Destructions et dégradations volontaires;V0;;;;;;;;;;;;;;;;;;;;;;France;G0;Métropole;G0.1;Moitié nord;G0.1.1;PAYS DE LA LOIRE;G0.1.1.7;LOIRE ATLANTIQUE;G0.1.1.7.1;;;;;;;;;;;;;;;;;;13626;13310;13653;13262;11099;11463;11155;;;;;;;;;;;;;;;;;;;9,867820737;9,541841081;9,665827022;9,278849652;7,680060007;7,931933314;7,718809746
data.gouv.fr;https://www.data.gouv.fr/fr/datasets/bases-statistiques-communale-et-departementale-de-la-delinquance-enregistree-par-la-police-et-la-gendarmerie-nationales/;;Destructions et dégradations volontaires;V0;;;;;;;;;;;;;;;;;;;;;;France;G0;Métropole;G0.1;Moitié nord;G0.1.1;PAYS DE LA LOIRE;G0.1.1.7;MAINE ET LOIRE;G0.1.1.7.2;;;;;;;;;;;;;;;;;;6464;6280;6444;6508;5460;5711;5347;;;;;;;;;;;;;;;;;;;7,971055598;7,719795991;7,898191285;7,953335867;6,652751936;6,958583573;6,515066777
data.gouv.fr;https://www.data.gouv.fr/fr/datasets/bases-statistiques-communale-et-departementale-de-la-delinquance-enregistree-par-la-police-et-la-gendarmerie-nationales/;;Destructions et dégradations volontaires;V0;;;;;;;;;;;;;;;;;;;;;;France;G0;Métropole;G0.1;Moitié nord;G0.1.1;PAYS DE LA LOIRE;G0.1.1.7;MAYENNE;G0.1.1.7.3;;;;;;;;;;;;;;;;;;1788;1809;1900;1782;1692;1807;1888;;;;;;;;;;;;;;;;;;;5,811081355;5,883979248;6,187232158;5,803388241;5,519707181;5,894864584;6,159105886
data.gouv.fr;https://www.data.gouv.fr/fr/datasets/bases-statistiques-communale-et-departementale-de-la-delinquance-enregistree-par-la-police-et-la-gendarmerie-nationales/;;Destructions et dégradations volontaires;V0;;;;;;;;;;;;;;;;;;;;;;France;G0;Métropole;G0.1;Moitié nord;G0.1.1;PAYS DE LA LOIRE;G0.1.1.7;SARTHE;G0.1.1.7.4;;;;;;;;;;;;;;;;;;5108;4905;4729;4967;4302;4314;4252;;;;;;;;;;;;;;;;;;;8,999913666;8,658337246;8,355669894;8,769235115;7,587395259;7,608559541;7,499210749
data.gouv.fr;https://www.data.gouv.fr/fr/datasets/bases-statistiques-communale-et-departementale-de-la-delinquance-enregistree-par-la-police-et-la-gendarmerie-nationales/;;Destructions et dégradations volontaires;V0;;;;;;;;;;;;;;;;;;;;;;France;G0;Métropole;G0.1;Moitié nord;G0.1.1;PAYS DE LA LOIRE;G0.1.1.7;VENDEE;G0.1.1.7.5;;;;;;;;;;;;;;;;;;4836;4998;5046;5209;4582;4624;4651;;;;;;;;;;;;;;;;;;;7,211484692;7,401735957;7,42068645;7,599475959;6,614648371;6,675280242;6,714257873
;;;;;;;;;;;;;;;;;;;;;;;;;;;;;;;;;;;;;;;;;;;;;;;;;;;;;;;;;;;;;;;;;;;;;;;;;;;;;;;;;;;;
data.gouv.fr;https://www.data.gouv.fr/fr/datasets/bases-statistiques-communale-et-departementale-de-la-delinquance-enregistree-par-la-police-et-la-gendarmerie-nationales/;;Destructions et dégradations volontaires;V0;;;;;;;;;;;;;;;;;;;;;;France;G0;Métropole;G0.1;Moitié nord;G0.1.1;BRETAGNE;G0.1.1.8;COTES D ARMOR;G0.1.1.8.1;;;;;;;;;;;;;;;;;;4391;4295;4321;4384;3779;4040;4560;;;;;;;;;;;;;;;;;;;7,331126148;7,172510997;7,206663287;7,299586068;6,260353853;6,692730767;7,55417136
data.gouv.fr;https://www.data.gouv.fr/fr/datasets/bases-statistiques-communale-et-departementale-de-la-delinquance-enregistree-par-la-police-et-la-gendarmerie-nationales/;;Destructions et dégradations volontaires;V0;;;;;;;;;;;;;;;;;;;;;;France;G0;Métropole;G0.1;Moitié nord;G0.1.1;BRETAGNE;G0.1.1.8;FINISTERE;G0.1.1.8.2;;;;;;;;;;;;;;;;;;8134;8170;7970;7797;6807;7315;7189;;;;;;;;;;;;;;;;;;;8,955693868;8,987621943;8,741575129;8,520473396;7,421670143;7,975542397;7,838164633
data.gouv.fr;https://www.data.gouv.fr/fr/datasets/bases-statistiques-communale-et-departementale-de-la-delinquance-enregistree-par-la-police-et-la-gendarmerie-nationales/;;Destructions et dégradations volontaires;V0;;;;;;;;;;;;;;;;;;;;;;France;G0;Métropole;G0.1;Moitié nord;G0.1.1;BRETAGNE;G0.1.1.8;ILLE ET VILAINE;G0.1.1.8.3;;;;;;;;;;;;;;;;;;8400;8568;8384;8302;7407;7228;7867;;;;;;;;;;;;;;;;;;;7,98646864;8,08150168;7,841171387;7,690611747;6,802558651;6,63816578;7,225020779
data.gouv.fr;https://www.data.gouv.fr/fr/datasets/bases-statistiques-communale-et-departementale-de-la-delinquance-enregistree-par-la-police-et-la-gendarmerie-nationales/;;Destructions et dégradations volontaires;V0;;;;;;;;;;;;;;;;;;;;;;France;G0;Métropole;G0.1;Moitié nord;G0.1.1;BRETAGNE;G0.1.1.8;MORBIHAN;G0.1.1.8.4;;;;;;;;;;;;;;;;;;4992;5352;4944;5087;4466;4706;4961;;;;;;;;;;;;;;;;;;;6,677832059;7,12779828;6,549498124;6,696205264;5,844318148;6,158388088;6,4920874
;;;;;;;;;;;;;;;;;;;;;;;;;;;;;;;;;;;;;;;;;;;;;;;;;;;;;;;;;;;;;;;;;;;;;;;;;;;;;;;;;;;;
data.gouv.fr;https://www.data.gouv.fr/fr/datasets/bases-statistiques-communale-et-departementale-de-la-delinquance-enregistree-par-la-police-et-la-gendarmerie-nationales/;;Destructions et dégradations volontaires;V0;;;;;;;;;;;;;;;;;;;;;;France;G0;Métropole;G0.1;Moitié sud;G0.1.2;NOUVELLE AQUITAINE;G0.1.2.1;;;;;;;;;;;;;;;;;;;;50112;51782;51744;52108;45392;47426;47049;;;;;;;;;;;;;;;;;;;8,44261316;8,692662622;8,653164047;8,669799406;7,522764517;7,859857022;7,797377241
data.gouv.fr;https://www.data.gouv.fr/fr/datasets/bases-statistiques-communale-et-departementale-de-la-delinquance-enregistree-par-la-police-et-la-gendarmerie-nationales/;;Destructions et dégradations volontaires;V0;;;;;;;;;;;;;;;;;;;;;;France;G0;Métropole;G0.1;Moitié sud;G0.1.2;OCCITANIE;G0.1.2.2;;;;;;;;;;;;;;;;;;;;54196;54500;53846;54338;46644;46746;49125;;;;;;;;;;;;;;;;;;;9,330568389;9,324046013;9,148931543;9,158318846;7,807874463;7,824948539;8,22317625
data.gouv.fr;https://www.data.gouv.fr/fr/datasets/bases-statistiques-communale-et-departementale-de-la-delinquance-enregistree-par-la-police-et-la-gendarmerie-nationales/;;Destructions et dégradations volontaires;V0;;;;;;;;;;;;;;;;;;;;;;France;G0;Métropole;G0.1;Moitié sud;G0.1.2;AUVERGNE RHONE ALPES;G0.1.2.3;;;;;;;;;;;;;;;;;;;;71763;73199;74514;73154;64830;66674;66317;;;;;;;;;;;;;;;;;;;9,064545429;9,20940575;9,320705754;9,095434801;8,024853651;8,253109553;8,208919013
data.gouv.fr;https://www.data.gouv.fr/fr/datasets/bases-statistiques-communale-et-departementale-de-la-delinquance-enregistree-par-la-police-et-la-gendarmerie-nationales/;;Destructions et dégradations volontaires;V0;;;;;;;;;;;;;;;;;;;;;;France;G0;Métropole;G0.1;Moitié sud;G0.1.2;PROVENCE ALPES COTE D AZUR;G0.1.2.4;;;;;;;;;;;;;;;;;;;;62483;61230;57379;56516;49737;52955;52443;;;;;;;;;;;;;;;;;;;12,44203421;12,17080874;11,35580997;11,12278618;9,754904518;10,38605;10,28563158
data.gouv.fr;https://www.data.gouv.fr/fr/datasets/bases-statistiques-communale-et-departementale-de-la-delinquance-enregistree-par-la-police-et-la-gendarmerie-nationales/;;Destructions et dégradations volontaires;V0;;;;;;;;;;;;;;;;;;;;;;France;G0;Métropole;G0.1;Moitié sud;G0.1.2;CORSE;G0.1.2.5;;;;;;;;;;;;;;;;;;;;3487;3336;3348;3494;2943;3270;3452;;;;;;;;;;;;;;;;;;;10,55211753;9,960052308;9,889116655;10,26318881;8,562675116;9,514083462;10,04361349
;;;;;;;;;;;;;;;;;;;;;;;;;;;;;;;;;;;;;;;;;;;;;;;;;;;;;;;;;;;;;;;;;;;;;;;;;;;;;;;;;;;;
data.gouv.fr;https://www.data.gouv.fr/fr/datasets/bases-statistiques-communale-et-departementale-de-la-delinquance-enregistree-par-la-police-et-la-gendarmerie-nationales/;;Destructions et dégradations volontaires;V0;;;;;;;;;;;;;;;;;;;;;;France;G0;Métropole;G0.1;Moitié sud;G0.1.2;NOUVELLE AQUITAINE;G0.1.2.1;CHARENTE;G0.1.2.1.1;;;;;;;;;;;;;;;;;;3125;3026;3068;2855;2447;2804;3051;;;;;;;;;;;;;;;;;;;8,845474514;8,588417273;8,721409525;8,110449839;6,957278274;7,972295987;8,674563144
data.gouv.fr;https://www.data.gouv.fr/fr/datasets/bases-statistiques-communale-et-departementale-de-la-delinquance-enregistree-par-la-police-et-la-gendarmerie-nationales/;;Destructions et dégradations volontaires;V0;;;;;;;;;;;;;;;;;;;;;;France;G0;Métropole;G0.1;Moitié sud;G0.1.2;NOUVELLE AQUITAINE;G0.1.2.1;CHARENTE MARITIME;G0.1.2.1.2;;;;;;;;;;;;;;;;;;6451;6383;6117;6405;5459;5529;5420;;;;;;;;;;;;;;;;;;;10,04529805;9,906829551;9,455398713;9,833302117;8,325339442;8,432094115;8,265861838
data.gouv.fr;https://www.data.gouv.fr/fr/datasets/bases-statistiques-communale-et-departementale-de-la-delinquance-enregistree-par-la-police-et-la-gendarmerie-nationales/;;Destructions et dégradations volontaires;V0;;;;;;;;;;;;;;;;;;;;;;France;G0;Métropole;G0.1;Moitié sud;G0.1.2;NOUVELLE AQUITAINE;G0.1.2.1;CORREZE;G0.1.2.1.3;;;;;;;;;;;;;;;;;;1572;1548;1564;1652;1290;1271;1393;;;;;;;;;;;;;;;;;;;6,508373528;6,410893549;6,500874958;6,881240289;5,393202057;5,313767298;5,823822066
data.gouv.fr;https://www.data.gouv.fr/fr/datasets/bases-statistiques-communale-et-departementale-de-la-delinquance-enregistree-par-la-police-et-la-gendarmerie-nationales/;;Destructions et dégradations volontaires;V0;;;;;;;;;;;;;;;;;;;;;;France;G0;Métropole;G0.1;Moitié sud;G0.1.2;NOUVELLE AQUITAINE;G0.1.2.1;CREUSE;G0.1.2.1.4;;;;;;;;;;;;;;;;;;719;710;807;785;659;706;713;;;;;;;;;;;;;;;;;;;6,016635705;5,984591783;6,867909755;6,731437098;5,681279365;6,086469244;6,146816673
data.gouv.fr;https://www.data.gouv.fr/fr/datasets/bases-statistiques-communale-et-departementale-de-la-delinquance-enregistree-par-la-police-et-la-gendarmerie-nationales/;;Destructions et dégradations volontaires;V0;;;;;;;;;;;;;;;;;;;;;;France;G0;Métropole;G0.1;Moitié sud;G0.1.2;NOUVELLE AQUITAINE;G0.1.2.1;DORDOGNE;G0.1.2.1.5;;;;;;;;;;;;;;;;;;2661;2843;2681;2676;2506;2428;2589;;;;;;;;;;;;;;;;;;;6,415309953;6,873691387;6,484961951;6,475922202;6,070633492;5,881683208;6,271695974
data.gouv.fr;https://www.data.gouv.fr/fr/datasets/bases-statistiques-communale-et-departementale-de-la-delinquance-enregistree-par-la-police-et-la-gendarmerie-nationales/;;Destructions et dégradations volontaires;V0;;;;;;;;;;;;;;;;;;;;;;France;G0;Métropole;G0.1;Moitié sud;G0.1.2;NOUVELLE AQUITAINE;G0.1.2.1;GIRONDE;G0.1.2.1.6;;;;;;;;;;;;;;;;;;16376;17202;17152;17796;15826;16478;14865;;;;;;;;;;;;;;;;;;;10,45268367;10,8640734;10,70765274;10,95982199;9,671282719;10,0697205;9,084014762
data.gouv.fr;https://www.data.gouv.fr/fr/datasets/bases-statistiques-communale-et-departementale-de-la-delinquance-enregistree-par-la-police-et-la-gendarmerie-nationales/;;Destructions et dégradations volontaires;V0;;;;;;;;;;;;;;;;;;;;;;France;G0;Métropole;G0.1;Moitié sud;G0.1.2;NOUVELLE AQUITAINE;G0.1.2.1;LANDES;G0.1.2.1.7;;;;;;;;;;;;;;;;;;2856;2990;2895;2934;2532;2739;2916;;;;;;;;;;;;;;;;;;;7,051677736;7,338431784;7,054867127;7,092267157;6,05564883;6,550719646;6,974041069
data.gouv.fr;https://www.data.gouv.fr/fr/datasets/bases-statistiques-communale-et-departementale-de-la-delinquance-enregistree-par-la-police-et-la-gendarmerie-nationales/;;Destructions et dégradations volontaires;V0;;;;;;;;;;;;;;;;;;;;;;France;G0;Métropole;G0.1;Moitié sud;G0.1.2;NOUVELLE AQUITAINE;G0.1.2.1;LOT ET GARONNE;G0.1.2.1.8;;;;;;;;;;;;;;;;;;2504;2476;2710;2450;2228;2307;2402;;;;;;;;;;;;;;;;;;;7,523292462;7,438965034;8,163388258;7,395757552;6,73429169;6,973074924;7,260219318
data.gouv.fr;https://www.data.gouv.fr/fr/datasets/bases-statistiques-communale-et-departementale-de-la-delinquance-enregistree-par-la-police-et-la-gendarmerie-nationales/;;Destructions et dégradations volontaires;V0;;;;;;;;;;;;;;;;;;;;;;France;G0;Métropole;G0.1;Moitié sud;G0.1.2;NOUVELLE AQUITAINE;G0.1.2.1;PYRENEES ATLANTIQUES;G0.1.2.1.9;;;;;;;;;;;;;;;;;;4609;5175;5115;4901;4289;4627;4854;;;;;;;;;;;;;;;;;;;6,838420976;7,640530393;7,524161163;7,1796795;6,240905652;6,732728014;7,063034748
data.gouv.fr;https://www.data.gouv.fr/fr/datasets/bases-statistiques-communale-et-departementale-de-la-delinquance-enregistree-par-la-police-et-la-gendarmerie-nationales/;;Destructions et dégradations volontaires;V0;;;;;;;;;;;;;;;;;;;;;;France;G0;Métropole;G0.1;Moitié sud;G0.1.2;NOUVELLE AQUITAINE;G0.1.2.1;DEUX SEVRES;G0.1.2.1.10;;;;;;;;;;;;;;;;;;2970;3042;2998;2902;2378;2497;2531;;;;;;;;;;;;;;;;;;;7,925431562;8,126063507;7,998954106;7,741185132;6,350121902;6,667895033;6,758687357
data.gouv.fr;https://www.data.gouv.fr/fr/datasets/bases-statistiques-communale-et-departementale-de-la-delinquance-enregistree-par-la-police-et-la-gendarmerie-nationales/;;Destructions et dégradations volontaires;V0;;;;;;;;;;;;;;;;;;;;;;France;G0;Métropole;G0.1;Moitié sud;G0.1.2;NOUVELLE AQUITAINE;G0.1.2.1;VIENNE;G0.1.2.1.11;;;;;;;;;;;;;;;;;;3244;3532;3778;3710;3226;3320;3461;;;;;;;;;;;;;;;;;;;7,43918967;8,084673912;8,633731427;8,461915677;7,34296614;7,556927335;7,877869129
data.gouv.fr;https://www.data.gouv.fr/fr/datasets/bases-statistiques-communale-et-departementale-de-la-delinquance-enregistree-par-la-police-et-la-gendarmerie-nationales/;;Destructions et dégradations volontaires;V0;;;;;;;;;;;;;;;;;;;;;;France;G0;Métropole;G0.1;Moitié sud;G0.1.2;NOUVELLE AQUITAINE;G0.1.2.1;HAUTE VIENNE;G0.1.2.1.12;;;;;;;;;;;;;;;;;;3025;2855;2859;3042;2552;2720;2854;;;;;;;;;;;;;;;;;;;8,067139939;7,625004674;7,660792231;8,169535314;6,857947507;7,309411136;7,669507125
;;;;;;;;;;;;;;;;;;;;;;;;;;;;;;;;;;;;;;;;;;;;;;;;;;;;;;;;;;;;;;;;;;;;;;;;;;;;;;;;;;;;
data.gouv.fr;https://www.data.gouv.fr/fr/datasets/bases-statistiques-communale-et-departementale-de-la-delinquance-enregistree-par-la-police-et-la-gendarmerie-nationales/;;Destructions et dégradations volontaires;V0;;;;;;;;;;;;;;;;;;;;;;France;G0;Métropole;G0.1;Moitié sud;G0.1.2;OCCITANIE;G0.1.2.2;ARIEGE;G0.1.2.2.1;;;;;;;;;;;;;;;;;;1362;1286;1416;1382;1137;1195;1349;;;;;;;;;;;;;;;;;;;8,898064246;8,396831926;9,250911372;9,015767808;7,385322889;7,762058797;8,762357587
data.gouv.fr;https://www.data.gouv.fr/fr/datasets/bases-statistiques-communale-et-departementale-de-la-delinquance-enregistree-par-la-police-et-la-gendarmerie-nationales/;;Destructions et dégradations volontaires;V0;;;;;;;;;;;;;;;;;;;;;;France;G0;Métropole;G0.1;Moitié sud;G0.1.2;OCCITANIE;G0.1.2.2;AUDE;G0.1.2.2.2;;;;;;;;;;;;;;;;;;4194;3996;3932;3827;3399;3431;3611;;;;;;;;;;;;;;;;;;;11,39596495;10,79241614;10,54704055;10,23070548;9,058757999;9,144041981;9,623764382
data.gouv.fr;https://www.data.gouv.fr/fr/datasets/bases-statistiques-communale-et-departementale-de-la-delinquance-enregistree-par-la-police-et-la-gendarmerie-nationales/;;Destructions et dégradations volontaires;V0;;;;;;;;;;;;;;;;;;;;;;France;G0;Métropole;G0.1;Moitié sud;G0.1.2;OCCITANIE;G0.1.2.2;AVEYRON;G0.1.2.2.3;;;;;;;;;;;;;;;;;;1402;1492;1449;1469;1335;1313;1390;;;;;;;;;;;;;;;;;;;5,030552894;5,343724705;5,188452917;5,254028148;4,775463774;4,696766993;4,972205728
data.gouv.fr;https://www.data.gouv.fr/fr/datasets/bases-statistiques-communale-et-departementale-de-la-delinquance-enregistree-par-la-police-et-la-gendarmerie-nationales/;;Destructions et dégradations volontaires;V0;;;;;;;;;;;;;;;;;;;;;;France;G0;Métropole;G0.1;Moitié sud;G0.1.2;OCCITANIE;G0.1.2.2;GARD;G0.1.2.2.4;;;;;;;;;;;;;;;;;;7036;7125;6879;6912;5797;5758;6028;;;;;;;;;;;;;;;;;;;9,482403107;9,574322272;9,227884066;9,235246253;7,714346929;7,662447752;8,021749747
data.gouv.fr;https://www.data.gouv.fr/fr/datasets/bases-statistiques-communale-et-departementale-de-la-delinquance-enregistree-par-la-police-et-la-gendarmerie-nationales/;;Destructions et dégradations volontaires;V0;;;;;;;;;;;;;;;;;;;;;;France;G0;Métropole;G0.1;Moitié sud;G0.1.2;OCCITANIE;G0.1.2.2;HAUTE GARONNE;G0.1.2.2.5;;;;;;;;;;;;;;;;;;12111;12564;12731;12868;10819;10781;11590;;;;;;;;;;;;;;;;;;;8,983201835;9,220120469;9,220872155;9,191172532;7,641848142;7,615007378;8,186433124
data.gouv.fr;https://www.data.gouv.fr/fr/datasets/bases-statistiques-communale-et-departementale-de-la-delinquance-enregistree-par-la-police-et-la-gendarmerie-nationales/;;Destructions et dégradations volontaires;V0;;;;;;;;;;;;;;;;;;;;;;France;G0;Métropole;G0.1;Moitié sud;G0.1.2;OCCITANIE;G0.1.2.2;GERS;G0.1.2.2.6;;;;;;;;;;;;;;;;;;1086;1163;1042;1125;916;1037;967;;;;;;;;;;;;;;;;;;;5,695883859;6,086105573;5,447426065;5,878449343;4,775335082;5,406138078;5,041210725
data.gouv.fr;https://www.data.gouv.fr/fr/datasets/bases-statistiques-communale-et-departementale-de-la-delinquance-enregistree-par-la-police-et-la-gendarmerie-nationales/;;Destructions et dégradations volontaires;V0;;;;;;;;;;;;;;;;;;;;;;France;G0;Métropole;G0.1;Moitié sud;G0.1.2;OCCITANIE;G0.1.2.2;HERAULT;G0.1.2.2.7;;;;;;;;;;;;;;;;;;12701;12942;12742;13339;11168;11267;11594;;;;;;;;;;;;;;;;;;;11,2151992;11,30412301;10,99187385;11,34632446;9,392980328;9,476245466;9,751272737
data.gouv.fr;https://www.data.gouv.fr/fr/datasets/bases-statistiques-communale-et-departementale-de-la-delinquance-enregistree-par-la-police-et-la-gendarmerie-nationales/;;Destructions et dégradations volontaires;V0;;;;;;;;;;;;;;;;;;;;;;France;G0;Métropole;G0.1;Moitié sud;G0.1.2;OCCITANIE;G0.1.2.2;LOT;G0.1.2.2.8;;;;;;;;;;;;;;;;;;1025;1059;1164;1070;915;1012;1027;;;;;;;;;;;;;;;;;;;5,912995322;6,0922291;6,692385974;6,146104978;5,238449648;5,793782561;5,879658785
data.gouv.fr;https://www.data.gouv.fr/fr/datasets/bases-statistiques-communale-et-departementale-de-la-delinquance-enregistree-par-la-police-et-la-gendarmerie-nationales/;;Destructions et dégradations volontaires;V0;;;;;;;;;;;;;;;;;;;;;;France;G0;Métropole;G0.1;Moitié sud;G0.1.2;OCCITANIE;G0.1.2.2;LOZERE;G0.1.2.2.9;;;;;;;;;;;;;;;;;;373;394;407;373;452;437;404;;;;;;;;;;;;;;;;;;;4,880793489;5,143535985;5,318870883;4,869197431;5,898242272;5,702504143;5,27188026
data.gouv.fr;https://www.data.gouv.fr/fr/datasets/bases-statistiques-communale-et-departementale-de-la-delinquance-enregistree-par-la-police-et-la-gendarmerie-nationales/;;Destructions et dégradations volontaires;V0;;;;;;;;;;;;;;;;;;;;;;France;G0;Métropole;G0.1;Moitié sud;G0.1.2;OCCITANIE;G0.1.2.2;HAUTES PYRENEES;G0.1.2.2.10;;;;;;;;;;;;;;;;;;1809;1726;1813;1692;1431;1354;1569;;;;;;;;;;;;;;;;;;;7,940165651;7,552618912;7,910432783;7,370397313;6,227479242;5,892387766;6,828032795
data.gouv.fr;https://www.data.gouv.fr/fr/datasets/bases-statistiques-communale-et-departementale-de-la-delinquance-enregistree-par-la-police-et-la-gendarmerie-nationales/;;Destructions et dégradations volontaires;V0;;;;;;;;;;;;;;;;;;;;;;France;G0;Métropole;G0.1;Moitié sud;G0.1.2;OCCITANIE;G0.1.2.2;PYRENEES ORIENTALES;G0.1.2.2.11;;;;;;;;;;;;;;;;;;5742;5491;5479;5512;5009;4980;5258;;;;;;;;;;;;;;;;;;;12,10450093;11,57335199;11,50187779;11,48383575;10,37564861;10,31557797;10,89142751
data.gouv.fr;https://www.data.gouv.fr/fr/datasets/bases-statistiques-communale-et-departementale-de-la-delinquance-enregistree-par-la-police-et-la-gendarmerie-nationales/;;Destructions et dégradations volontaires;V0;;;;;;;;;;;;;;;;;;;;;;France;G0;Métropole;G0.1;Moitié sud;G0.1.2;OCCITANIE;G0.1.2.2;TARN;G0.1.2.2.12;;;;;;;;;;;;;;;;;;3298;3296;3022;3020;2633;2614;2713;;;;;;;;;;;;;;;;;;;8,534136546;8,497254376;7,77671412;7,746688419;6,732878849;6,6842937;6,937447899
data.gouv.fr;https://www.data.gouv.fr/fr/datasets/bases-statistiques-communale-et-departementale-de-la-delinquance-enregistree-par-la-police-et-la-gendarmerie-nationales/;;Destructions et dégradations volontaires;V0;;;;;;;;;;;;;;;;;;;;;;France;G0;Métropole;G0.1;Moitié sud;G0.1.2;OCCITANIE;G0.1.2.2;TARN ET GARONNE;G0.1.2.2.13;;;;;;;;;;;;;;;;;;2057;1966;1770;1749;1633;1567;1625;;;;;;;;;;;;;;;;;;;8,007100122;7,609861079;6,830706534;6,709658609;6,225316031;5,973711097;6,194818463
;;;;;;;;;;;;;;;;;;;;;;;;;;;;;;;;;;;;;;;;;;;;;;;;;;;;;;;;;;;;;;;;;;;;;;;;;;;;;;;;;;;;
data.gouv.fr;https://www.data.gouv.fr/fr/datasets/bases-statistiques-communale-et-departementale-de-la-delinquance-enregistree-par-la-police-et-la-gendarmerie-nationales/;;Destructions et dégradations volontaires;V0;;;;;;;;;;;;;;;;;;;;;;France;G0;Métropole;G0.1;Moitié sud;G0.1.2;AUVERGNE RHONE ALPES;G0.1.2.3;AIN;G0.1.2.3.1;;;;;;;;;;;;;;;;;;4085;4396;4480;4549;4091;4206;4220;;;;;;;;;;;;;;;;;;;6,398558954;6,832983601;6,917487346;6,972374132;6,218686156;6,393496449;6,414777702
data.gouv.fr;https://www.data.gouv.fr/fr/datasets/bases-statistiques-communale-et-departementale-de-la-delinquance-enregistree-par-la-police-et-la-gendarmerie-nationales/;;Destructions et dégradations volontaires;V0;;;;;;;;;;;;;;;;;;;;;;France;G0;Métropole;G0.1;Moitié sud;G0.1.2;AUVERGNE RHONE ALPES;G0.1.2.3;ALLIER;G0.1.2.3.2;;;;;;;;;;;;;;;;;;2910;3076;3150;3187;2787;2774;2669;;;;;;;;;;;;;;;;;;;8,574358249;9,100914825;9,342440483;9,485824838;8,30383639;8,265103031;7,952256665
data.gouv.fr;https://www.data.gouv.fr/fr/datasets/bases-statistiques-communale-et-departementale-de-la-delinquance-enregistree-par-la-police-et-la-gendarmerie-nationales/;;Destructions et dégradations volontaires;V0;;;;;;;;;;;;;;;;;;;;;;France;G0;Métropole;G0.1;Moitié sud;G0.1.2;AUVERGNE RHONE ALPES;G0.1.2.3;ARDECHE;G0.1.2.3.3;;;;;;;;;;;;;;;;;;2083;2480;2466;2248;2127;2396;2326;;;;;;;;;;;;;;;;;;;6,406136113;7,61408852;7,550381806;6,847854562;6,458665452;7,27548774;7,062931754
data.gouv.fr;https://www.data.gouv.fr/fr/datasets/bases-statistiques-communale-et-departementale-de-la-delinquance-enregistree-par-la-police-et-la-gendarmerie-nationales/;;Destructions et dégradations volontaires;V0;;;;;;;;;;;;;;;;;;;;;;France;G0;Métropole;G0.1;Moitié sud;G0.1.2;AUVERGNE RHONE ALPES;G0.1.2.3;CANTAL;G0.1.2.3.4;;;;;;;;;;;;;;;;;;902;834;936;861;708;784;875;;;;;;;;;;;;;;;;;;;6,179394255;5,746057337;6,465651228;5,950570868;4,903760242;5,430152585;6,060438152
data.gouv.fr;https://www.data.gouv.fr/fr/datasets/bases-statistiques-communale-et-departementale-de-la-delinquance-enregistree-par-la-police-et-la-gendarmerie-nationales/;;Destructions et dégradations volontaires;V0;;;;;;;;;;;;;;;;;;;;;;France;G0;Métropole;G0.1;Moitié sud;G0.1.2;AUVERGNE RHONE ALPES;G0.1.2.3;DROME;G0.1.2.3.5;;;;;;;;;;;;;;;;;;5387;5138;4778;4998;4275;4366;4367;;;;;;;;;;;;;;;;;;;10,60420546;10,04392507;9,282500408;9,671763791;8,257534638;8,43330906;8,435240647
data.gouv.fr;https://www.data.gouv.fr/fr/datasets/bases-statistiques-communale-et-departementale-de-la-delinquance-enregistree-par-la-police-et-la-gendarmerie-nationales/;;Destructions et dégradations volontaires;V0;;;;;;;;;;;;;;;;;;;;;;France;G0;Métropole;G0.1;Moitié sud;G0.1.2;AUVERGNE RHONE ALPES;G0.1.2.3;ISERE;G0.1.2.3.6;;;;;;;;;;;;;;;;;;11179;11495;12772;12925;10965;11537;11100;;;;;;;;;;;;;;;;;;;8,922414344;9,132278613;10,10792497;10,16783017;8,583082912;9,030827866;8,688756983
data.gouv.fr;https://www.data.gouv.fr/fr/datasets/bases-statistiques-communale-et-departementale-de-la-delinquance-enregistree-par-la-police-et-la-gendarmerie-nationales/;;Destructions et dégradations volontaires;V0;;;;;;;;;;;;;;;;;;;;;;France;G0;Métropole;G0.1;Moitié sud;G0.1.2;AUVERGNE RHONE ALPES;G0.1.2.3;LOIRE;G0.1.2.3.7;;;;;;;;;;;;;;;;;;8334;8105;8995;8397;7269;7016;7468;;;;;;;;;;;;;;;;;;;10,93705093;10,62336406;11,78218094;10,96738128;9,458587289;9,129377964;9,717530592
data.gouv.fr;https://www.data.gouv.fr/fr/datasets/bases-statistiques-communale-et-departementale-de-la-delinquance-enregistree-par-la-police-et-la-gendarmerie-nationales/;;Destructions et dégradations volontaires;V0;;;;;;;;;;;;;;;;;;;;;;France;G0;Métropole;G0.1;Moitié sud;G0.1.2;AUVERGNE RHONE ALPES;G0.1.2.3;HAUTE LOIRE;G0.1.2.3.8;;;;;;;;;;;;;;;;;;1397;1411;1556;1439;1325;1401;1468;;;;;;;;;;;;;;;;;;;6,145008116;6,208119393;6,837997469;6,323329086;5,824457446;6,158539534;6,453059269
data.gouv.fr;https://www.data.gouv.fr/fr/datasets/bases-statistiques-communale-et-departementale-de-la-delinquance-enregistree-par-la-police-et-la-gendarmerie-nationales/;;Destructions et dégradations volontaires;V0;;;;;;;;;;;;;;;;;;;;;;France;G0;Métropole;G0.1;Moitié sud;G0.1.2;AUVERGNE RHONE ALPES;G0.1.2.3;PUY DE DOME;G0.1.2.3.9;;;;;;;;;;;;;;;;;;6616;6574;6631;6591;6034;5760;5543;;;;;;;;;;;;;;;;;;;10,16751191;10,0559548;10,06148262;9,953907864;9,116841832;8,702851997;8,374984135
data.gouv.fr;https://www.data.gouv.fr/fr/datasets/bases-statistiques-communale-et-departementale-de-la-delinquance-enregistree-par-la-police-et-la-gendarmerie-nationales/;;Destructions et dégradations volontaires;V0;;;;;;;;;;;;;;;;;;;;;;France;G0;Métropole;G0.1;Moitié sud;G0.1.2;AUVERGNE RHONE ALPES;G0.1.2.3;RHONE;G0.1.2.3.10;;;;;;;;;;;;;;;;;;19427;19981;19311;18936;16964;17821;17127;;;;;;;;;;;;;;;;;;;10,58171374;10,83968646;10,38491571;10,09517808;9,006937848;9,46195705;9,093481757
data.gouv.fr;https://www.data.gouv.fr/fr/datasets/bases-statistiques-communale-et-departementale-de-la-delinquance-enregistree-par-la-police-et-la-gendarmerie-nationales/;;Destructions et dégradations volontaires;V0;;;;;;;;;;;;;;;;;;;;;;France;G0;Métropole;G0.1;Moitié sud;G0.1.2;AUVERGNE RHONE ALPES;G0.1.2.3;SAVOIE;G0.1.2.3.11;;;;;;;;;;;;;;;;;;3709;3655;3447;3460;3138;3170;3346;;;;;;;;;;;;;;;;;;;8,631985124;8,476856211;7,947450452;7,927888295;7,135872655;7,208641273;7,608868675
data.gouv.fr;https://www.data.gouv.fr/fr/datasets/bases-statistiques-communale-et-departementale-de-la-delinquance-enregistree-par-la-police-et-la-gendarmerie-nationales/;;Destructions et dégradations volontaires;V0;;;;;;;;;;;;;;;;;;;;;;France;G0;Métropole;G0.1;Moitié sud;G0.1.2;AUVERGNE RHONE ALPES;G0.1.2.3;HAUTE SAVOIE;G0.1.2.3.12;;;;;;;;;;;;;;;;;;5734;6054;5992;5563;5147;5443;5808;;;;;;;;;;;;;;;;;;;7,15483594;7,498513674;7,336852378;6,734100478;6,162551514;6,516955099;6,953973032
;;;;;;;;;;;;;;;;;;;;;;;;;;;;;;;;;;;;;;;;;;;;;;;;;;;;;;;;;;;;;;;;;;;;;;;;;;;;;;;;;;;;
data.gouv.fr;https://www.data.gouv.fr/fr/datasets/bases-statistiques-communale-et-departementale-de-la-delinquance-enregistree-par-la-police-et-la-gendarmerie-nationales/;;Destructions et dégradations volontaires;V0;;;;;;;;;;;;;;;;;;;;;;France;G0;Métropole;G0.1;Moitié sud;G0.1.2;PROVENCE ALPES COTE D AZUR;G0.1.2.4;ALPES DE HAUTE PROVENCE;G0.1.2.4.1;;;;;;;;;;;;;;;;;;1454;1564;1631;1678;1242;1488;1480;;;;;;;;;;;;;;;;;;;8,944114662;9,541530671;9,941000073;10,21252769;7,506754266;8,993599313;8,945246629
data.gouv.fr;https://www.data.gouv.fr/fr/datasets/bases-statistiques-communale-et-departementale-de-la-delinquance-enregistree-par-la-police-et-la-gendarmerie-nationales/;;Destructions et dégradations volontaires;V0;;;;;;;;;;;;;;;;;;;;;;France;G0;Métropole;G0.1;Moitié sud;G0.1.2;PROVENCE ALPES COTE D AZUR;G0.1.2.4;HAUTES ALPES;G0.1.2.4.2;;;;;;;;;;;;;;;;;;1263;1309;1296;1158;1099;1164;1268;;;;;;;;;;;;;;;;;;;8,950654468;9,265026472;9,211218354;8,199971675;7,816222752;8,278510722;9,018171473
data.gouv.fr;https://www.data.gouv.fr/fr/datasets/bases-statistiques-communale-et-departementale-de-la-delinquance-enregistree-par-la-police-et-la-gendarmerie-nationales/;;Destructions et dégradations volontaires;V0;;;;;;;;;;;;;;;;;;;;;;France;G0;Métropole;G0.1;Moitié sud;G0.1.2;PROVENCE ALPES COTE D AZUR;G0.1.2.4;ALPES MARITIMES;G0.1.2.4.3;;;;;;;;;;;;;;;;;;13668;13808;12650;12773;10766;10736;10546;;;;;;;;;;;;;;;;;;;12,61230004;12,74612069;11,64590198;11,67248326;9,810371693;9,7830346;9,609899673
data.gouv.fr;https://www.data.gouv.fr/fr/datasets/bases-statistiques-communale-et-departementale-de-la-delinquance-enregistree-par-la-police-et-la-gendarmerie-nationales/;;Destructions et dégradations volontaires;V0;;;;;;;;;;;;;;;;;;;;;;France;G0;Métropole;G0.1;Moitié sud;G0.1.2;PROVENCE ALPES COTE D AZUR;G0.1.2.4;BOUCHES DU RHONE;G0.1.2.4.4;;;;;;;;;;;;;;;;;;28925;28160;25424;25174;22733;24179;23707;;;;;;;;;;;;;;;;;;;14,32131333;13,91192997;12,49731488;12,32141197;11,09971827;11,80574883;11,57528795
data.gouv.fr;https://www.data.gouv.fr/fr/datasets/bases-statistiques-communale-et-departementale-de-la-delinquance-enregistree-par-la-police-et-la-gendarmerie-nationales/;;Destructions et dégradations volontaires;V0;;;;;;;;;;;;;;;;;;;;;;France;G0;Métropole;G0.1;Moitié sud;G0.1.2;PROVENCE ALPES COTE D AZUR;G0.1.2.4;VAR;G0.1.2.4.5;;;;;;;;;;;;;;;;;;11496;11232;11222;10689;9578;10551;10639;;;;;;;;;;;;;;;;;;;10,88820927;10,60883692;10,51047254;9,927455;8,826112318;9,722730326;9,803822191
data.gouv.fr;https://www.data.gouv.fr/fr/datasets/bases-statistiques-communale-et-departementale-de-la-delinquance-enregistree-par-la-police-et-la-gendarmerie-nationales/;;Destructions et dégradations volontaires;V0;;;;;;;;;;;;;;;;;;;;;;France;G0;Métropole;G0.1;Moitié sud;G0.1.2;PROVENCE ALPES COTE D AZUR;G0.1.2.4;VAUCLUSE;G0.1.2.4.6;;;;;;;;;;;;;;;;;;5677;5157;5156;5044;4319;4837;4803;;;;;;;;;;;;;;;;;;;10,15538072;9,217504142;9,21054747;8,98357701;7,685860259;8,607665218;8,547160645
;;;;;;;;;;;;;;;;;;;;;;;;;;;;;;;;;;;;;;;;;;;;;;;;;;;;;;;;;;;;;;;;;;;;;;;;;;;;;;;;;;;;
data.gouv.fr;https://www.data.gouv.fr/fr/datasets/bases-statistiques-communale-et-departementale-de-la-delinquance-enregistree-par-la-police-et-la-gendarmerie-nationales/;;Destructions et dégradations volontaires;V0;;;;;;;;;;;;;;;;;;;;;;France;G0;Métropole;G0.1;Moitié sud;G0.1.2;CORSE;G0.1.2.5;CORSE DU SUD;G0.1.2.5.1;;;;;;;;;;;;;;;;;;1667;1577;1605;1700;1448;1555;1680;;;;;;;;;;;;;;;;;;;10,80341925;10,02868063;10,16768766;10,72507839;9,004191177;9,669556133;10,44685164
data.gouv.fr;https://www.data.gouv.fr/fr/datasets/bases-statistiques-communale-et-departementale-de-la-delinquance-enregistree-par-la-police-et-la-gendarmerie-nationales/;;Destructions et dégradations volontaires;V0;;;;;;;;;;;;;;;;;;;;;;France;G0;Métropole;G0.1;Moitié sud;G0.1.2;CORSE;G0.1.2.5;HAUTE CORSE;G0.1.2.5.2;;;;;;;;;;;;;;;;;;1820;1759;1743;1794;1495;1715;1772;;;;;;;;;;;;;;;;;;;10,33198601;9,899318472;9,645768424;9,860772922;8,174446516;9,3773751;9,689042961
;;;;;;;;;;;;;;;;;;;;;;;;;;;;;;;;;;;;;;;;;;;;;;;;;;;;;;;;;;;;;;;;;;;;;;;;;;;;;;;;;;;;
;;;;;;;;;;;;;;;;;;;;;;;;;;;;;;;;;;;;;;;;;;;;;;;;;;;;;;;;;;;;;;;;;;;;;;;;;;;;;;;;;;;;
data.gouv.fr;https://www.data.gouv.fr/fr/datasets/bases-statistiques-communale-et-departementale-de-la-delinquance-enregistree-par-la-police-et-la-gendarmerie-nationales/;;Destructions et dégradations volontaires;V0;;;;;;;;;;;;;;;;;;;;;;France;G0;Outre-mer;G0.2;GUADELOUPE;G0.2.1;;;;;;;;;;;;;;;;;;;;;;2821;2871;2627;2753;2744;2975;2841;;;;;;;;;;;;;;;;;;;7,157900079;7,356765995;6,777098721;7,164811485;7,154049312;7,756303463;7,406943912
data.gouv.fr;https://www.data.gouv.fr/fr/datasets/bases-statistiques-communale-et-departementale-de-la-delinquance-enregistree-par-la-police-et-la-gendarmerie-nationales/;;Destructions et dégradations volontaires;V0;;;;;;;;;;;;;;;;;;;;;;France;G0;Outre-mer;G0.2;MARTINIQUE;G0.2.2;;;;;;;;;;;;;;;;;;;;;;2500;2309;2234;2368;2301;2294;2165;;;;;;;;;;;;;;;;;;;6,640458989;6,197093888;6,057762966;6,496428062;6,369991003;6,350612499;5,993494359
data.gouv.fr;https://www.data.gouv.fr/fr/datasets/bases-statistiques-communale-et-departementale-de-la-delinquance-enregistree-par-la-police-et-la-gendarmerie-nationales/;;Destructions et dégradations volontaires;V0;;;;;;;;;;;;;;;;;;;;;;France;G0;Outre-mer;G0.2;GUYANE;G0.2.3;;;;;;;;;;;;;;;;;;;;;;1626;1596;1334;1459;1319;1530;1450;;;;;;;;;;;;;;;;;;;6,036710327;5,939709713;4,831092827;5,179673244;4,625911417;5,365916958;5,085346137
data.gouv.fr;https://www.data.gouv.fr/fr/datasets/bases-statistiques-communale-et-departementale-de-la-delinquance-enregistree-par-la-police-et-la-gendarmerie-nationales/;;Destructions et dégradations volontaires;V0;;;;;;;;;;;;;;;;;;;;;;France;G0;Outre-mer;G0.2;LA REUNION;G0.2.4;;;;;;;;;;;;;;;;;;;;;;5677;5359;5500;4932;4211;4637;5073;;;;;;;;;;;;;;;;;;;6,65592714;6,277682306;6,425526397;5,72682621;4,879020905;5,372600318;5,877766101
data.gouv.fr;https://www.data.gouv.fr/fr/datasets/bases-statistiques-communale-et-departementale-de-la-delinquance-enregistree-par-la-police-et-la-gendarmerie-nationales/;;Destructions et dégradations volontaires;V0;;;;;;;;;;;;;;;;;;;;;;France;G0;Outre-mer;G0.2;MAYOTTE;G0.2.5;;;;;;;;;;;;;;;;;;;;;;1225;949;831;1127;1817;1767;2091;;;;;;;;;;;;;;;;;;;4,775493338;3,699545451;3,239538746;4,393453871;7,083323587;6,888405492;8,15147475
