A0_V0.1_V0.3.1.1.2;France;;;;;;;;;;;;;;;;;;;;;;;;;;;;;;;;;;;;;;;;;;;;;;;;;;;;;;;;;;;;;;;;;;;;;;;;;;;;;;;;;;;
;;;;;;;;;;;;;;;;;;;;;;;;;;;;;;;;;;;;;;;;;;;;;;;;;;;;;;;;;;;;;;;;;;;;;;;;;;;;;taux pour 1000;ratio;ratio;ratio;ratio;ratio;ratio;ratio
;;;;;;;;;;;;;;;;;;;;;;;;;;;;;;;;;;;;;;;;;;;;;;;;;;;;;infractions;infractions;infractions;infractions;infractions;infractions;infractions;;;;;;;;;;;;;;;;;;;taux pour 1000 habitants;taux pour 1000 habitants;taux pour 1000 habitants;taux pour 1000 habitants;taux pour 1000 habitants;taux pour 1000 habitants;taux pour 1000 habitants
Source;Lien;Niveau;Niv 1;Niv 1 id;Niv 2;Niv 2 id;Niv 3;Niv 3 id;Niv 4;Niv 4 id;Niv 5;Niv 5 id;Niv 6;Niv 6 id;Niv 7;Niv 7 id;Niv 8;Niv 8 id;Niv 9;Niv 9 id;Niv 10;Niv 10 id;Niv 11;Niv 11 id;;Niv 1 geo;Niv 1 geo id;Niv 2 geo;Niv 2 geo id;Niv 3 geo;Niv 3 geo id;Niv 4 geo;Niv 4 geo id;Niv 5 geo;Niv 5 geo id;Niv 6 geo;Niv 6 geo id;Niv 7 geo;Niv 7 geo id;Niv 8 geo;Niv 8 geo id;Niv 9 geo;Niv 9 geo id;Niv 10 geo;Niv 10 geo id;Niv 11 geo;Niv 11 geo id;Niv 12 geo;Niv 12 geo id;Niv 13 geo;Niv 13 geo id;Data / ventil;2016;2017;2018;2019;2020;2021;2022;;;;;;;;;;;;;;;;;;;2016;2017;2018;2019;2020;2021;2022
;;;;;;;;;;;;;;;;;;;;;;;;;;;;;;;;;;;;;;;;;;;;;;;;;;;;;;;;;;;;;;;;;;;;;;;;;;;;;;;;;;;;
data.gouv.fr;https://www.data.gouv.fr/fr/datasets/bases-statistiques-communale-et-departementale-de-la-delinquance-enregistree-par-la-police-et-la-gendarmerie-nationales/;;Vols avec armes;V0;;;;;;;;;;;;;;;;;;;;;;France;G0;;;;;;;;;;;;;;;;;;;;;;;;;;11046;10174;9118;9204;8667;8474;8605;;;;;;;;;;;;;;;;;;;0,165810604;0,152349048;0,136111785;0,136872791;0,128554891;0,125692182;0,127635264
;;;;;;;;;;;;;;;;;;;;;;;;;;;;;;;;;;;;;;;;;;;;;;;;;;;;;;;;;;;;;;;;;;;;;;;;;;;;;;;;;;;;
data.gouv.fr;https://www.data.gouv.fr/fr/datasets/bases-statistiques-communale-et-departementale-de-la-delinquance-enregistree-par-la-police-et-la-gendarmerie-nationales/;;Vols avec armes;V0;;;;;;;;;;;;;;;;;;;;;;France;G0;Métropole;G0.1;;;;;;;;;;;;;;;;;;;;;;;;8594;8370;7531;7484;6890;6371;6454;;;;;;;;;;;;;;;;;;;0,133304809;0,129488123;0,116140209;0,114967305;0,105562882;0,097611193;0,098882851
data.gouv.fr;https://www.data.gouv.fr/fr/datasets/bases-statistiques-communale-et-departementale-de-la-delinquance-enregistree-par-la-police-et-la-gendarmerie-nationales/;;Vols avec armes;V0;;;;;;;;;;;;;;;;;;;;;;France;G0;Outre-mer;G0.2;;;;;;;;;;;;;;;;;;;;;;;;2452;1804;1587;1720;1777;2103;2151;;;;;;;;;;;;;;;;;;;1,140791966;0,842312081;0,739853586;0,800687847;0,826696962;0,978358869;1,000689457
;;;;;;;;;;;;;;;;;;;;;;;;;;;;;;;;;;;;;;;;;;;;;;;;;;;;;;;;;;;;;;;;;;;;;;;;;;;;;;;;;;;;
data.gouv.fr;https://www.data.gouv.fr/fr/datasets/bases-statistiques-communale-et-departementale-de-la-delinquance-enregistree-par-la-police-et-la-gendarmerie-nationales/;;Vols avec armes;V0;;;;;;;;;;;;;;;;;;;;;;France;G0;Métropole;G0.1;Moitié nord;G0.1.1;;;;;;;;;;;;;;;;;;;;;;5531;5209;4629;4707;4150;3868;3897;;;;;;;;;;;;;;;;;;;0,140183308;0,131796882;0,116914848;0,118597639;0,104428225;0,097332138;0,098061878
data.gouv.fr;https://www.data.gouv.fr/fr/datasets/bases-statistiques-communale-et-departementale-de-la-delinquance-enregistree-par-la-police-et-la-gendarmerie-nationales/;;Vols avec armes;V0;;;;;;;;;;;;;;;;;;;;;;France;G0;Métropole;G0.1;Moitié sud;G0.1.2;;;;;;;;;;;;;;;;;;;;;;3063;3161;2902;2777;2740;2503;2557;;;;;;;;;;;;;;;;;;;0,122454805;0,125855051;0,1149256;0,109296495;0,107329172;0,098045591;0,100160837
;;;;;;;;;;;;;;;;;;;;;;;;;;;;;;;;;;;;;;;;;;;;;;;;;;;;;;;;;;;;;;;;;;;;;;;;;;;;;;;;;;;;
data.gouv.fr;https://www.data.gouv.fr/fr/datasets/bases-statistiques-communale-et-departementale-de-la-delinquance-enregistree-par-la-police-et-la-gendarmerie-nationales/;;Vols avec armes;V0;;;;;;;;;;;;;;;;;;;;;;France;G0;Métropole;G0.1;Moitié nord;G0.1.1;ILE DE FRANCE;G0.1.1.1;;;;;;;;;;;;;;;;;;;;3202;3063;2566;2531;2291;2073;2077;;;;;;;;;;;;;;;;;;;0,264253951;0,251583589;0,210096298;0,20640089;0,186688271;0,168923957;0,169249908
data.gouv.fr;https://www.data.gouv.fr/fr/datasets/bases-statistiques-communale-et-departementale-de-la-delinquance-enregistree-par-la-police-et-la-gendarmerie-nationales/;;Vols avec armes;V0;;;;;;;;;;;;;;;;;;;;;;France;G0;Métropole;G0.1;Moitié nord;G0.1.1;CENTRE VAL DE LOIRE;G0.1.1.2;;;;;;;;;;;;;;;;;;;;184;167;160;172;159;164;160;;;;;;;;;;;;;;;;;;;0,071376868;0,064822851;0,062187774;0,066843361;0,061750858;0,063692709;0,062139228
data.gouv.fr;https://www.data.gouv.fr/fr/datasets/bases-statistiques-communale-et-departementale-de-la-delinquance-enregistree-par-la-police-et-la-gendarmerie-nationales/;;Vols avec armes;V0;;;;;;;;;;;;;;;;;;;;;;France;G0;Métropole;G0.1;Moitié nord;G0.1.1;BOURGOGNE FRANCHE COMTE;G0.1.1.3;;;;;;;;;;;;;;;;;;;;212;194;190;221;164;180;147;;;;;;;;;;;;;;;;;;;0,075221638;0,069004202;0,067668469;0,078771591;0,058535993;0,064246822;0,052468238
data.gouv.fr;https://www.data.gouv.fr/fr/datasets/bases-statistiques-communale-et-departementale-de-la-delinquance-enregistree-par-la-police-et-la-gendarmerie-nationales/;;Vols avec armes;V0;;;;;;;;;;;;;;;;;;;;;;France;G0;Métropole;G0.1;Moitié nord;G0.1.1;NORMANDIE;G0.1.1.4;;;;;;;;;;;;;;;;;;;;205;224;222;212;192;199;238;;;;;;;;;;;;;;;;;;;0,061452147;0,067257613;0,066717215;0,063758785;0,057735297;0,05984023;0,071567712
data.gouv.fr;https://www.data.gouv.fr/fr/datasets/bases-statistiques-communale-et-departementale-de-la-delinquance-enregistree-par-la-police-et-la-gendarmerie-nationales/;;Vols avec armes;V0;;;;;;;;;;;;;;;;;;;;;;France;G0;Métropole;G0.1;Moitié nord;G0.1.1;HAUTS DE FRANCE;G0.1.1.5;;;;;;;;;;;;;;;;;;;;827;701;683;711;550;491;491;;;;;;;;;;;;;;;;;;;0,137675695;0,116759094;0,113755449;0,118402377;0,091701299;0,081864251;0,081864251
data.gouv.fr;https://www.data.gouv.fr/fr/datasets/bases-statistiques-communale-et-departementale-de-la-delinquance-enregistree-par-la-police-et-la-gendarmerie-nationales/;;Vols avec armes;V0;;;;;;;;;;;;;;;;;;;;;;France;G0;Métropole;G0.1;Moitié nord;G0.1.1;GRAND EST;G0.1.1.6;;;;;;;;;;;;;;;;;;;;403;363;329;338;302;291;302;;;;;;;;;;;;;;;;;;;0,072544826;0,065410285;0,059275125;0,060832735;0,054290661;0,052313187;0,054290661
data.gouv.fr;https://www.data.gouv.fr/fr/datasets/bases-statistiques-communale-et-departementale-de-la-delinquance-enregistree-par-la-police-et-la-gendarmerie-nationales/;;Vols avec armes;V0;;;;;;;;;;;;;;;;;;;;;;France;G0;Métropole;G0.1;Moitié nord;G0.1.1;PAYS DE LA LOIRE;G0.1.1.7;;;;;;;;;;;;;;;;;;;;332;322;318;358;307;311;305;;;;;;;;;;;;;;;;;;;0,088826294;0,085692996;0,084095326;0,094050616;0,080112314;0,081156122;0,079590409
data.gouv.fr;https://www.data.gouv.fr/fr/datasets/bases-statistiques-communale-et-departementale-de-la-delinquance-enregistree-par-la-police-et-la-gendarmerie-nationales/;;Vols avec armes;V0;;;;;;;;;;;;;;;;;;;;;;France;G0;Métropole;G0.1;Moitié nord;G0.1.1;BRETAGNE;G0.1.1.8;;;;;;;;;;;;;;;;;;;;166;175;161;164;185;159;177;;;;;;;;;;;;;;;;;;;0,050203703;0,05272825;0,04826987;0,048884393;0,054833743;0,047127379;0,052462554
;;;;;;;;;;;;;;;;;;;;;;;;;;;;;;;;;;;;;;;;;;;;;;;;;;;;;;;;;;;;;;;;;;;;;;;;;;;;;;;;;;;;
data.gouv.fr;https://www.data.gouv.fr/fr/datasets/bases-statistiques-communale-et-departementale-de-la-delinquance-enregistree-par-la-police-et-la-gendarmerie-nationales/;;Vols avec armes;V0;;;;;;;;;;;;;;;;;;;;;;France;G0;Métropole;G0.1;Moitié nord;G0.1.1;ILE DE FRANCE;G0.1.1.1;PARIS;G0.1.1.1.1;;;;;;;;;;;;;;;;;;842;809;768;819;594;535;543;;;;;;;;;;;;;;;;;;;0,384417487;0,369824176;0,353005905;0,378217097;0,27680616;0,249311946;0,253039975
data.gouv.fr;https://www.data.gouv.fr/fr/datasets/bases-statistiques-communale-et-departementale-de-la-delinquance-enregistree-par-la-police-et-la-gendarmerie-nationales/;;Vols avec armes;V0;;;;;;;;;;;;;;;;;;;;;;France;G0;Métropole;G0.1;Moitié nord;G0.1.1;ILE DE FRANCE;G0.1.1.1;SEINE ET MARNE;G0.1.1.1.2;;;;;;;;;;;;;;;;;;275;246;201;170;160;173;139;;;;;;;;;;;;;;;;;;;0,196756734;0,17521405;0,142299273;0,119617477;0,111994938;0,121094527;0,097295602
data.gouv.fr;https://www.data.gouv.fr/fr/datasets/bases-statistiques-communale-et-departementale-de-la-delinquance-enregistree-par-la-police-et-la-gendarmerie-nationales/;;Vols avec armes;V0;;;;;;;;;;;;;;;;;;;;;;France;G0;Métropole;G0.1;Moitié nord;G0.1.1;ILE DE FRANCE;G0.1.1.1;YVELINES;G0.1.1.1.3;;;;;;;;;;;;;;;;;;143;146;96;127;127;92;104;;;;;;;;;;;;;;;;;;;0,099873726;0,101511125;0,066602007;0,087694646;0,087602942;0,063460399;0,071737842
data.gouv.fr;https://www.data.gouv.fr/fr/datasets/bases-statistiques-communale-et-departementale-de-la-delinquance-enregistree-par-la-police-et-la-gendarmerie-nationales/;;Vols avec armes;V0;;;;;;;;;;;;;;;;;;;;;;France;G0;Métropole;G0.1;Moitié nord;G0.1.1;ILE DE FRANCE;G0.1.1.1;ESSONNE;G0.1.1.1.4;;;;;;;;;;;;;;;;;;250;210;161;137;156;166;179;;;;;;;;;;;;;;;;;;;0,194200399;0,162020785;0,124166982;0,1052503;0,119437907;0,127094183;0,137047342
data.gouv.fr;https://www.data.gouv.fr/fr/datasets/bases-statistiques-communale-et-departementale-de-la-delinquance-enregistree-par-la-police-et-la-gendarmerie-nationales/;;Vols avec armes;V0;;;;;;;;;;;;;;;;;;;;;;France;G0;Métropole;G0.1;Moitié nord;G0.1.1;ILE DE FRANCE;G0.1.1.1;HAUTS DE SEINE;G0.1.1.1.5;;;;;;;;;;;;;;;;;;297;250;193;200;180;155;146;;;;;;;;;;;;;;;;;;;0,185246634;0,155346466;0,119200553;0,123125643;0,110686607;0,095313468;0,089779137
data.gouv.fr;https://www.data.gouv.fr/fr/datasets/bases-statistiques-communale-et-departementale-de-la-delinquance-enregistree-par-la-police-et-la-gendarmerie-nationales/;;Vols avec armes;V0;;;;;;;;;;;;;;;;;;;;;;France;G0;Métropole;G0.1;Moitié nord;G0.1.1;ILE DE FRANCE;G0.1.1.1;SEINE SAINT DENIS;G0.1.1.1.6;;;;;;;;;;;;;;;;;;730;668;643;525;554;481;488;;;;;;;;;;;;;;;;;;;0,454358732;0,41155534;0,393831725;0,319167756;0,33465787;0,290560353;0,294788882
data.gouv.fr;https://www.data.gouv.fr/fr/datasets/bases-statistiques-communale-et-departementale-de-la-delinquance-enregistree-par-la-police-et-la-gendarmerie-nationales/;;Vols avec armes;V0;;;;;;;;;;;;;;;;;;;;;;France;G0;Métropole;G0.1;Moitié nord;G0.1.1;ILE DE FRANCE;G0.1.1.1;VAL DE MARNE;G0.1.1.1.7;;;;;;;;;;;;;;;;;;335;337;269;288;282;247;249;;;;;;;;;;;;;;;;;;;0,243079314;0,242808334;0,192567468;0,204672794;0,200288074;0,175429625;0,176850108
data.gouv.fr;https://www.data.gouv.fr/fr/datasets/bases-statistiques-communale-et-departementale-de-la-delinquance-enregistree-par-la-police-et-la-gendarmerie-nationales/;;Vols avec armes;V0;;;;;;;;;;;;;;;;;;;;;;France;G0;Métropole;G0.1;Moitié nord;G0.1.1;ILE DE FRANCE;G0.1.1.1;VAL D OISE;G0.1.1.1.8;;;;;;;;;;;;;;;;;;330;397;235;265;238;224;229;;;;;;;;;;;;;;;;;;;0,270066117;0,323127286;0,189733251;0,212055304;0,190125611;0,178941751;0,182935987
;;;;;;;;;;;;;;;;;;;;;;;;;;;;;;;;;;;;;;;;;;;;;;;;;;;;;;;;;;;;;;;;;;;;;;;;;;;;;;;;;;;;
data.gouv.fr;https://www.data.gouv.fr/fr/datasets/bases-statistiques-communale-et-departementale-de-la-delinquance-enregistree-par-la-police-et-la-gendarmerie-nationales/;;Vols avec armes;V0;;;;;;;;;;;;;;;;;;;;;;France;G0;Métropole;G0.1;Moitié nord;G0.1.1;CENTRE VAL DE LOIRE;G0.1.1.2;CHER;G0.1.1.2.1;;;;;;;;;;;;;;;;;;28;15;16;15;7;8;10;;;;;;;;;;;;;;;;;;;0,091172544;0,049300589;0,052734272;0,049618598;0,023260992;0,02658399;0,033229988
data.gouv.fr;https://www.data.gouv.fr/fr/datasets/bases-statistiques-communale-et-departementale-de-la-delinquance-enregistree-par-la-police-et-la-gendarmerie-nationales/;;Vols avec armes;V0;;;;;;;;;;;;;;;;;;;;;;France;G0;Métropole;G0.1;Moitié nord;G0.1.1;CENTRE VAL DE LOIRE;G0.1.1.2;EURE ET LOIR;G0.1.1.2.2;;;;;;;;;;;;;;;;;;19;31;21;32;22;15;16;;;;;;;;;;;;;;;;;;;0,043785965;0,071555029;0,048611449;0,07414702;0,050991672;0,034767049;0,037084852
data.gouv.fr;https://www.data.gouv.fr/fr/datasets/bases-statistiques-communale-et-departementale-de-la-delinquance-enregistree-par-la-police-et-la-gendarmerie-nationales/;;Vols avec armes;V0;;;;;;;;;;;;;;;;;;;;;;France;G0;Métropole;G0.1;Moitié nord;G0.1.1;CENTRE VAL DE LOIRE;G0.1.1.2;INDRE;G0.1.1.2.3;;;;;;;;;;;;;;;;;;3;5;4;6;5;3;4;;;;;;;;;;;;;;;;;;;0,013422519;0,02249901;0,018132777;0,027357785;0,022861637;0,013716982;0,018289309
data.gouv.fr;https://www.data.gouv.fr/fr/datasets/bases-statistiques-communale-et-departementale-de-la-delinquance-enregistree-par-la-police-et-la-gendarmerie-nationales/;;Vols avec armes;V0;;;;;;;;;;;;;;;;;;;;;;France;G0;Métropole;G0.1;Moitié nord;G0.1.1;CENTRE VAL DE LOIRE;G0.1.1.2;INDRE ET LOIRE;G0.1.1.2.4;;;;;;;;;;;;;;;;;;41;52;52;52;56;70;61;;;;;;;;;;;;;;;;;;;0,067631878;0,085736285;0,08556009;0,085234863;0,091485479;0,114356849;0,099653825
data.gouv.fr;https://www.data.gouv.fr/fr/datasets/bases-statistiques-communale-et-departementale-de-la-delinquance-enregistree-par-la-police-et-la-gendarmerie-nationales/;;Vols avec armes;V0;;;;;;;;;;;;;;;;;;;;;;France;G0;Métropole;G0.1;Moitié nord;G0.1.1;CENTRE VAL DE LOIRE;G0.1.1.2;LOIR ET CHER;G0.1.1.2.5;;;;;;;;;;;;;;;;;;25;19;16;17;19;18;15;;;;;;;;;;;;;;;;;;;0,07512719;0,057243571;0,048448439;0,051598021;0,057688162;0,054651943;0,045543286
data.gouv.fr;https://www.data.gouv.fr/fr/datasets/bases-statistiques-communale-et-departementale-de-la-delinquance-enregistree-par-la-police-et-la-gendarmerie-nationales/;;Vols avec armes;V0;;;;;;;;;;;;;;;;;;;;;;France;G0;Métropole;G0.1;Moitié nord;G0.1.1;CENTRE VAL DE LOIRE;G0.1.1.2;LOIRET;G0.1.1.2.6;;;;;;;;;;;;;;;;;;68;45;51;50;50;50;54;;;;;;;;;;;;;;;;;;;0,100840835;0,066361404;0,075127606;0,073482513;0,073281118;0,073281118;0,079143608
;;;;;;;;;;;;;;;;;;;;;;;;;;;;;;;;;;;;;;;;;;;;;;;;;;;;;;;;;;;;;;;;;;;;;;;;;;;;;;;;;;;;
data.gouv.fr;https://www.data.gouv.fr/fr/datasets/bases-statistiques-communale-et-departementale-de-la-delinquance-enregistree-par-la-police-et-la-gendarmerie-nationales/;;Vols avec armes;V0;;;;;;;;;;;;;;;;;;;;;;France;G0;Métropole;G0.1;Moitié nord;G0.1.1;BOURGOGNE FRANCHE COMTE;G0.1.1.3;COTE D OR;G0.1.1.3.1;;;;;;;;;;;;;;;;;;26;40;37;49;27;47;42;;;;;;;;;;;;;;;;;;;0,048761002;0,074931765;0,069389745;0,091738997;0,050459933;0,087837661;0,078493229
data.gouv.fr;https://www.data.gouv.fr/fr/datasets/bases-statistiques-communale-et-departementale-de-la-delinquance-enregistree-par-la-police-et-la-gendarmerie-nationales/;;Vols avec armes;V0;;;;;;;;;;;;;;;;;;;;;;France;G0;Métropole;G0.1;Moitié nord;G0.1.1;BOURGOGNE FRANCHE COMTE;G0.1.1.3;DOUBS;G0.1.1.3.2;;;;;;;;;;;;;;;;;;88;56;69;78;76;62;43;;;;;;;;;;;;;;;;;;;0,16340203;0,103883191;0,127434648;0,143389206;0,139396085;0,113717859;0,078868837
data.gouv.fr;https://www.data.gouv.fr/fr/datasets/bases-statistiques-communale-et-departementale-de-la-delinquance-enregistree-par-la-police-et-la-gendarmerie-nationales/;;Vols avec armes;V0;;;;;;;;;;;;;;;;;;;;;;France;G0;Métropole;G0.1;Moitié nord;G0.1.1;BOURGOGNE FRANCHE COMTE;G0.1.1.3;JURA;G0.1.1.3.3;;;;;;;;;;;;;;;;;;7;12;3;8;5;5;4;;;;;;;;;;;;;;;;;;;0,026869648;0,046120497;0,011549745;0,030864317;0,019320087;0,019320087;0,01545607
data.gouv.fr;https://www.data.gouv.fr/fr/datasets/bases-statistiques-communale-et-departementale-de-la-delinquance-enregistree-par-la-police-et-la-gendarmerie-nationales/;;Vols avec armes;V0;;;;;;;;;;;;;;;;;;;;;;France;G0;Métropole;G0.1;Moitié nord;G0.1.1;BOURGOGNE FRANCHE COMTE;G0.1.1.3;NIEVRE;G0.1.1.3.4;;;;;;;;;;;;;;;;;;8;18;7;16;6;11;4;;;;;;;;;;;;;;;;;;;0,038248048;0,086880134;0,034008978;0,078257977;0,029604776;0,054275423;0,019736517
data.gouv.fr;https://www.data.gouv.fr/fr/datasets/bases-statistiques-communale-et-departementale-de-la-delinquance-enregistree-par-la-police-et-la-gendarmerie-nationales/;;Vols avec armes;V0;;;;;;;;;;;;;;;;;;;;;;France;G0;Métropole;G0.1;Moitié nord;G0.1.1;BOURGOGNE FRANCHE COMTE;G0.1.1.3;HAUTE SAONE;G0.1.1.3.5;;;;;;;;;;;;;;;;;;13;6;11;8;10;7;4;;;;;;;;;;;;;;;;;;;0,054796368;0,025352934;0,046606615;0,033997272;0,042625564;0,029837895;0,017050226
data.gouv.fr;https://www.data.gouv.fr/fr/datasets/bases-statistiques-communale-et-departementale-de-la-delinquance-enregistree-par-la-police-et-la-gendarmerie-nationales/;;Vols avec armes;V0;;;;;;;;;;;;;;;;;;;;;;France;G0;Métropole;G0.1;Moitié nord;G0.1.1;BOURGOGNE FRANCHE COMTE;G0.1.1.3;SAONE ET LOIRE;G0.1.1.3.6;;;;;;;;;;;;;;;;;;29;21;31;22;18;17;23;;;;;;;;;;;;;;;;;;;0,052250087;0,037933869;0,056140605;0,039891712;0,032664142;0,030849467;0,041737515
data.gouv.fr;https://www.data.gouv.fr/fr/datasets/bases-statistiques-communale-et-departementale-de-la-delinquance-enregistree-par-la-police-et-la-gendarmerie-nationales/;;Vols avec armes;V0;;;;;;;;;;;;;;;;;;;;;;France;G0;Métropole;G0.1;Moitié nord;G0.1.1;BOURGOGNE FRANCHE COMTE;G0.1.1.3;YONNE;G0.1.1.3.7;;;;;;;;;;;;;;;;;;29;26;24;25;14;25;21;;;;;;;;;;;;;;;;;;;0,085157865;0,076856907;0,071110268;0,074469701;0,041896599;0,074815356;0,062844899
data.gouv.fr;https://www.data.gouv.fr/fr/datasets/bases-statistiques-communale-et-departementale-de-la-delinquance-enregistree-par-la-police-et-la-gendarmerie-nationales/;;Vols avec armes;V0;;;;;;;;;;;;;;;;;;;;;;France;G0;Métropole;G0.1;Moitié nord;G0.1.1;BOURGOGNE FRANCHE COMTE;G0.1.1.3;TERRITOIRE DE BELFORT;G0.1.1.3.8;;;;;;;;;;;;;;;;;;12;15;8;15;8;6;6;;;;;;;;;;;;;;;;;;;0,083281861;0,105173115;0,056396808;0,106143591;0,057093919;0,04282044;0,04282044
;;;;;;;;;;;;;;;;;;;;;;;;;;;;;;;;;;;;;;;;;;;;;;;;;;;;;;;;;;;;;;;;;;;;;;;;;;;;;;;;;;;;
data.gouv.fr;https://www.data.gouv.fr/fr/datasets/bases-statistiques-communale-et-departementale-de-la-delinquance-enregistree-par-la-police-et-la-gendarmerie-nationales/;;Vols avec armes;V0;;;;;;;;;;;;;;;;;;;;;;France;G0;Métropole;G0.1;Moitié nord;G0.1.1;NORMANDIE;G0.1.1.4;CALVADOS;G0.1.1.4.1;;;;;;;;;;;;;;;;;;35;39;44;36;23;29;35;;;;;;;;;;;;;;;;;;;0,050455614;0,056195803;0,063395461;0,051805642;0,032972689;0,04157426;0,05017583
data.gouv.fr;https://www.data.gouv.fr/fr/datasets/bases-statistiques-communale-et-departementale-de-la-delinquance-enregistree-par-la-police-et-la-gendarmerie-nationales/;;Vols avec armes;V0;;;;;;;;;;;;;;;;;;;;;;France;G0;Métropole;G0.1;Moitié nord;G0.1.1;NORMANDIE;G0.1.1.4;EURE;G0.1.1.4.2;;;;;;;;;;;;;;;;;;38;40;32;47;47;33;25;;;;;;;;;;;;;;;;;;;0,063036536;0,066462516;0,053336711;0,07839775;0,078376702;0,05503045;0,041689735
data.gouv.fr;https://www.data.gouv.fr/fr/datasets/bases-statistiques-communale-et-departementale-de-la-delinquance-enregistree-par-la-police-et-la-gendarmerie-nationales/;;Vols avec armes;V0;;;;;;;;;;;;;;;;;;;;;;France;G0;Métropole;G0.1;Moitié nord;G0.1.1;NORMANDIE;G0.1.1.4;MANCHE;G0.1.1.4.3;;;;;;;;;;;;;;;;;;15;13;11;12;6;13;10;;;;;;;;;;;;;;;;;;;0,030098603;0,026163101;0,022178179;0,024240221;0,012118935;0,026257693;0,020198225
data.gouv.fr;https://www.data.gouv.fr/fr/datasets/bases-statistiques-communale-et-departementale-de-la-delinquance-enregistree-par-la-police-et-la-gendarmerie-nationales/;;Vols avec armes;V0;;;;;;;;;;;;;;;;;;;;;;France;G0;Métropole;G0.1;Moitié nord;G0.1.1;NORMANDIE;G0.1.1.4;ORNE;G0.1.1.4.4;;;;;;;;;;;;;;;;;;13;10;9;11;5;6;3;;;;;;;;;;;;;;;;;;;0,045564793;0,035289302;0,031961022;0,039293854;0,017954933;0,02154592;0,01077296
data.gouv.fr;https://www.data.gouv.fr/fr/datasets/bases-statistiques-communale-et-departementale-de-la-delinquance-enregistree-par-la-police-et-la-gendarmerie-nationales/;;Vols avec armes;V0;;;;;;;;;;;;;;;;;;;;;;France;G0;Métropole;G0.1;Moitié nord;G0.1.1;NORMANDIE;G0.1.1.4;SEINE MARITIME;G0.1.1.4.5;;;;;;;;;;;;;;;;;;104;122;126;106;111;118;165;;;;;;;;;;;;;;;;;;;0,082818703;0,097259359;0,100327817;0,084419572;0,088464613;0,094043462;0,131501452
;;;;;;;;;;;;;;;;;;;;;;;;;;;;;;;;;;;;;;;;;;;;;;;;;;;;;;;;;;;;;;;;;;;;;;;;;;;;;;;;;;;;
data.gouv.fr;https://www.data.gouv.fr/fr/datasets/bases-statistiques-communale-et-departementale-de-la-delinquance-enregistree-par-la-police-et-la-gendarmerie-nationales/;;Vols avec armes;V0;;;;;;;;;;;;;;;;;;;;;;France;G0;Métropole;G0.1;Moitié nord;G0.1.1;HAUTS DE FRANCE;G0.1.1.5;AISNE;G0.1.1.5.1;;;;;;;;;;;;;;;;;;36;61;39;42;36;30;26;;;;;;;;;;;;;;;;;;;0,067147142;0,114127486;0,073127377;0,079044688;0,068004851;0,056670709;0,049114615
data.gouv.fr;https://www.data.gouv.fr/fr/datasets/bases-statistiques-communale-et-departementale-de-la-delinquance-enregistree-par-la-police-et-la-gendarmerie-nationales/;;Vols avec armes;V0;;;;;;;;;;;;;;;;;;;;;;France;G0;Métropole;G0.1;Moitié nord;G0.1.1;HAUTS DE FRANCE;G0.1.1.5;NORD;G0.1.1.5.2;;;;;;;;;;;;;;;;;;440;406;378;399;299;282;310;;;;;;;;;;;;;;;;;;;0,16898879;0,155892367;0,145036862;0,152970503;0,114658406;0,108139366;0,118876608
data.gouv.fr;https://www.data.gouv.fr/fr/datasets/bases-statistiques-communale-et-departementale-de-la-delinquance-enregistree-par-la-police-et-la-gendarmerie-nationales/;;Vols avec armes;V0;;;;;;;;;;;;;;;;;;;;;;France;G0;Métropole;G0.1;Moitié nord;G0.1.1;HAUTS DE FRANCE;G0.1.1.5;OISE;G0.1.1.5.3;;;;;;;;;;;;;;;;;;108;82;110;120;87;74;58;;;;;;;;;;;;;;;;;;;0,131140853;0,099453853;0,132986279;0,144679589;0,104857304;0,089188971;0,069904869
data.gouv.fr;https://www.data.gouv.fr/fr/datasets/bases-statistiques-communale-et-departementale-de-la-delinquance-enregistree-par-la-police-et-la-gendarmerie-nationales/;;Vols avec armes;V0;;;;;;;;;;;;;;;;;;;;;;France;G0;Métropole;G0.1;Moitié nord;G0.1.1;HAUTS DE FRANCE;G0.1.1.5;PAS DE CALAIS;G0.1.1.5.4;;;;;;;;;;;;;;;;;;193;108;119;105;90;67;72;;;;;;;;;;;;;;;;;;;0,131227796;0,07356858;0,081132141;0,071658757;0,061552477;0,045822399;0,049241981
data.gouv.fr;https://www.data.gouv.fr/fr/datasets/bases-statistiques-communale-et-departementale-de-la-delinquance-enregistree-par-la-police-et-la-gendarmerie-nationales/;;Vols avec armes;V0;;;;;;;;;;;;;;;;;;;;;;France;G0;Métropole;G0.1;Moitié nord;G0.1.1;HAUTS DE FRANCE;G0.1.1.5;SOMME;G0.1.1.5.5;;;;;;;;;;;;;;;;;;50;44;37;45;38;38;25;;;;;;;;;;;;;;;;;;;0,087299038;0,076863548;0,064836979;0,07887002;0,066813422;0,066813422;0,043956199
;;;;;;;;;;;;;;;;;;;;;;;;;;;;;;;;;;;;;;;;;;;;;;;;;;;;;;;;;;;;;;;;;;;;;;;;;;;;;;;;;;;;
data.gouv.fr;https://www.data.gouv.fr/fr/datasets/bases-statistiques-communale-et-departementale-de-la-delinquance-enregistree-par-la-police-et-la-gendarmerie-nationales/;;Vols avec armes;V0;;;;;;;;;;;;;;;;;;;;;;France;G0;Métropole;G0.1;Moitié nord;G0.1.1;GRAND EST;G0.1.1.6;ARDENNES;G0.1.1.6.1;;;;;;;;;;;;;;;;;;17;7;14;12;6;9;5;;;;;;;;;;;;;;;;;;;0,061734896;0,025586759;0,051499936;0,044348848;0,022246859;0,033370288;0,018539049
data.gouv.fr;https://www.data.gouv.fr/fr/datasets/bases-statistiques-communale-et-departementale-de-la-delinquance-enregistree-par-la-police-et-la-gendarmerie-nationales/;;Vols avec armes;V0;;;;;;;;;;;;;;;;;;;;;;France;G0;Métropole;G0.1;Moitié nord;G0.1.1;GRAND EST;G0.1.1.6;AUBE;G0.1.1.6.2;;;;;;;;;;;;;;;;;;42;16;23;21;25;26;21;;;;;;;;;;;;;;;;;;;0,135961931;0,051609574;0,074188762;0,067689094;0,080273572;0,083484515;0,067429801
data.gouv.fr;https://www.data.gouv.fr/fr/datasets/bases-statistiques-communale-et-departementale-de-la-delinquance-enregistree-par-la-police-et-la-gendarmerie-nationales/;;Vols avec armes;V0;;;;;;;;;;;;;;;;;;;;;;France;G0;Métropole;G0.1;Moitié nord;G0.1.1;GRAND EST;G0.1.1.6;MARNE;G0.1.1.6.3;;;;;;;;;;;;;;;;;;62;49;42;58;33;47;47;;;;;;;;;;;;;;;;;;;0,108603689;0,086131887;0,074013767;0,102318935;0,058236082;0,082942299;0,082942299
data.gouv.fr;https://www.data.gouv.fr/fr/datasets/bases-statistiques-communale-et-departementale-de-la-delinquance-enregistree-par-la-police-et-la-gendarmerie-nationales/;;Vols avec armes;V0;;;;;;;;;;;;;;;;;;;;;;France;G0;Métropole;G0.1;Moitié nord;G0.1.1;GRAND EST;G0.1.1.6;HAUTE MARNE;G0.1.1.6.4;;;;;;;;;;;;;;;;;;6;10;11;5;2;5;2;;;;;;;;;;;;;;;;;;;0,033691966;0,056934639;0,063193331;0,028983491;0,011641579;0,029103948;0,011641579
data.gouv.fr;https://www.data.gouv.fr/fr/datasets/bases-statistiques-communale-et-departementale-de-la-delinquance-enregistree-par-la-police-et-la-gendarmerie-nationales/;;Vols avec armes;V0;;;;;;;;;;;;;;;;;;;;;;France;G0;Métropole;G0.1;Moitié nord;G0.1.1;GRAND EST;G0.1.1.6;MEURTHE ET MOSELLE;G0.1.1.6.5;;;;;;;;;;;;;;;;;;40;48;38;39;44;47;46;;;;;;;;;;;;;;;;;;;0,054509206;0,065441368;0,051808597;0,053150894;0,06006088;0,06415594;0,06279092
data.gouv.fr;https://www.data.gouv.fr/fr/datasets/bases-statistiques-communale-et-departementale-de-la-delinquance-enregistree-par-la-police-et-la-gendarmerie-nationales/;;Vols avec armes;V0;;;;;;;;;;;;;;;;;;;;;;France;G0;Métropole;G0.1;Moitié nord;G0.1.1;GRAND EST;G0.1.1.6;MEUSE;G0.1.1.6.6;;;;;;;;;;;;;;;;;;7;7;10;11;9;6;7;;;;;;;;;;;;;;;;;;;0,037026262;0,037395759;0,053950527;0,059755654;0,049180059;0,032786706;0,038251157
data.gouv.fr;https://www.data.gouv.fr/fr/datasets/bases-statistiques-communale-et-departementale-de-la-delinquance-enregistree-par-la-police-et-la-gendarmerie-nationales/;;Vols avec armes;V0;;;;;;;;;;;;;;;;;;;;;;France;G0;Métropole;G0.1;Moitié nord;G0.1.1;GRAND EST;G0.1.1.6;MOSELLE;G0.1.1.6.7;;;;;;;;;;;;;;;;;;89;70;61;54;58;40;50;;;;;;;;;;;;;;;;;;;0,085145383;0,067080522;0,058455771;0,051598453;0,055282585;0,03812592;0,0476574
data.gouv.fr;https://www.data.gouv.fr/fr/datasets/bases-statistiques-communale-et-departementale-de-la-delinquance-enregistree-par-la-police-et-la-gendarmerie-nationales/;;Vols avec armes;V0;;;;;;;;;;;;;;;;;;;;;;France;G0;Métropole;G0.1;Moitié nord;G0.1.1;GRAND EST;G0.1.1.6;BAS RHIN;G0.1.1.6.8;;;;;;;;;;;;;;;;;;85;81;75;71;79;65;77;;;;;;;;;;;;;;;;;;;0,075797636;0,071964242;0,066163705;0,062277588;0,068810955;0,056616609;0,067068906
data.gouv.fr;https://www.data.gouv.fr/fr/datasets/bases-statistiques-communale-et-departementale-de-la-delinquance-enregistree-par-la-police-et-la-gendarmerie-nationales/;;Vols avec armes;V0;;;;;;;;;;;;;;;;;;;;;;France;G0;Métropole;G0.1;Moitié nord;G0.1.1;GRAND EST;G0.1.1.6;HAUT RHIN;G0.1.1.6.9;;;;;;;;;;;;;;;;;;41;49;37;49;32;37;35;;;;;;;;;;;;;;;;;;;0,053753361;0,064133607;0,048367214;0,063878105;0,04167524;0,048186997;0,045582294
data.gouv.fr;https://www.data.gouv.fr/fr/datasets/bases-statistiques-communale-et-departementale-de-la-delinquance-enregistree-par-la-police-et-la-gendarmerie-nationales/;;Vols avec armes;V0;;;;;;;;;;;;;;;;;;;;;;France;G0;Métropole;G0.1;Moitié nord;G0.1.1;GRAND EST;G0.1.1.6;VOSGES;G0.1.1.6.10;;;;;;;;;;;;;;;;;;14;26;18;18;14;9;12;;;;;;;;;;;;;;;;;;;0,037874586;0,07071501;0,049165283;0,049382852;0,038631666;0,024834643;0,033112857
;;;;;;;;;;;;;;;;;;;;;;;;;;;;;;;;;;;;;;;;;;;;;;;;;;;;;;;;;;;;;;;;;;;;;;;;;;;;;;;;;;;;
data.gouv.fr;https://www.data.gouv.fr/fr/datasets/bases-statistiques-communale-et-departementale-de-la-delinquance-enregistree-par-la-police-et-la-gendarmerie-nationales/;;Vols avec armes;V0;;;;;;;;;;;;;;;;;;;;;;France;G0;Métropole;G0.1;Moitié nord;G0.1.1;PAYS DE LA LOIRE;G0.1.1.7;LOIRE ATLANTIQUE;G0.1.1.7.1;;;;;;;;;;;;;;;;;;219;207;192;224;197;199;207;;;;;;;;;;;;;;;;;;;0,158597735;0,148396777;0,135929011;0,156723143;0,136316048;0,137699968;0,143235645
data.gouv.fr;https://www.data.gouv.fr/fr/datasets/bases-statistiques-communale-et-departementale-de-la-delinquance-enregistree-par-la-police-et-la-gendarmerie-nationales/;;Vols avec armes;V0;;;;;;;;;;;;;;;;;;;;;;France;G0;Métropole;G0.1;Moitié nord;G0.1.1;PAYS DE LA LOIRE;G0.1.1.7;MAINE ET LOIRE;G0.1.1.7.2;;;;;;;;;;;;;;;;;;48;40;28;45;40;33;32;;;;;;;;;;;;;;;;;;;0,059191007;0,049170675;0,034318646;0,054993871;0,048738109;0,04020894;0,038990488
data.gouv.fr;https://www.data.gouv.fr/fr/datasets/bases-statistiques-communale-et-departementale-de-la-delinquance-enregistree-par-la-police-et-la-gendarmerie-nationales/;;Vols avec armes;V0;;;;;;;;;;;;;;;;;;;;;;France;G0;Métropole;G0.1;Moitié nord;G0.1.1;PAYS DE LA LOIRE;G0.1.1.7;MAYENNE;G0.1.1.7.3;;;;;;;;;;;;;;;;;;8;8;9;4;14;9;8;;;;;;;;;;;;;;;;;;;0,026000364;0,026020914;0,029307942;0,013026685;0,045671336;0,029360145;0,026097906
data.gouv.fr;https://www.data.gouv.fr/fr/datasets/bases-statistiques-communale-et-departementale-de-la-delinquance-enregistree-par-la-police-et-la-gendarmerie-nationales/;;Vols avec armes;V0;;;;;;;;;;;;;;;;;;;;;;France;G0;Métropole;G0.1;Moitié nord;G0.1.1;PAYS DE LA LOIRE;G0.1.1.7;SARTHE;G0.1.1.7.4;;;;;;;;;;;;;;;;;;41;45;68;66;42;48;38;;;;;;;;;;;;;;;;;;;0,072238931;0,079434287;0,120149197;0,116522955;0,074074989;0,08465713;0,067020228
data.gouv.fr;https://www.data.gouv.fr/fr/datasets/bases-statistiques-communale-et-departementale-de-la-delinquance-enregistree-par-la-police-et-la-gendarmerie-nationales/;;Vols avec armes;V0;;;;;;;;;;;;;;;;;;;;;;France;G0;Métropole;G0.1;Moitié nord;G0.1.1;PAYS DE LA LOIRE;G0.1.1.7;VENDEE;G0.1.1.7.5;;;;;;;;;;;;;;;;;;16;22;21;19;14;22;20;;;;;;;;;;;;;;;;;;;0,023859337;0,03258067;0,030882762;0,02771934;0,020210624;0,031759551;0,028872319
;;;;;;;;;;;;;;;;;;;;;;;;;;;;;;;;;;;;;;;;;;;;;;;;;;;;;;;;;;;;;;;;;;;;;;;;;;;;;;;;;;;;
data.gouv.fr;https://www.data.gouv.fr/fr/datasets/bases-statistiques-communale-et-departementale-de-la-delinquance-enregistree-par-la-police-et-la-gendarmerie-nationales/;;Vols avec armes;V0;;;;;;;;;;;;;;;;;;;;;;France;G0;Métropole;G0.1;Moitié nord;G0.1.1;BRETAGNE;G0.1.1.8;COTES D ARMOR;G0.1.1.8.1;;;;;;;;;;;;;;;;;;18;26;20;20;31;18;24;;;;;;;;;;;;;;;;;;;0,030052442;0,043419159;0,03335646;0,033301031;0,051355112;0,029819097;0,039758797
data.gouv.fr;https://www.data.gouv.fr/fr/datasets/bases-statistiques-communale-et-departementale-de-la-delinquance-enregistree-par-la-police-et-la-gendarmerie-nationales/;;Vols avec armes;V0;;;;;;;;;;;;;;;;;;;;;;France;G0;Métropole;G0.1;Moitié nord;G0.1.1;BRETAGNE;G0.1.1.8;FINISTERE;G0.1.1.8.2;;;;;;;;;;;;;;;;;;67;54;36;45;51;41;49;;;;;;;;;;;;;;;;;;;0,073768317;0,059404111;0,039485157;0,049175491;0,055605285;0,044702288;0,053424686
data.gouv.fr;https://www.data.gouv.fr/fr/datasets/bases-statistiques-communale-et-departementale-de-la-delinquance-enregistree-par-la-police-et-la-gendarmerie-nationales/;;Vols avec armes;V0;;;;;;;;;;;;;;;;;;;;;;France;G0;Métropole;G0.1;Moitié nord;G0.1.1;BRETAGNE;G0.1.1.8;ILLE ET VILAINE;G0.1.1.8.3;;;;;;;;;;;;;;;;;;59;70;76;70;88;76;83;;;;;;;;;;;;;;;;;;;0,056095434;0,066025341;0,071079321;0,064844956;0,080818842;0,069798091;0,076226862
data.gouv.fr;https://www.data.gouv.fr/fr/datasets/bases-statistiques-communale-et-departementale-de-la-delinquance-enregistree-par-la-police-et-la-gendarmerie-nationales/;;Vols avec armes;V0;;;;;;;;;;;;;;;;;;;;;;France;G0;Métropole;G0.1;Moitié nord;G0.1.1;BRETAGNE;G0.1.1.8;MORBIHAN;G0.1.1.8.4;;;;;;;;;;;;;;;;;;22;25;29;29;15;24;21;;;;;;;;;;;;;;;;;;;0,029429548;0,033295022;0,038417364;0,038173767;0,019629371;0,031406994;0,02748112
;;;;;;;;;;;;;;;;;;;;;;;;;;;;;;;;;;;;;;;;;;;;;;;;;;;;;;;;;;;;;;;;;;;;;;;;;;;;;;;;;;;;
data.gouv.fr;https://www.data.gouv.fr/fr/datasets/bases-statistiques-communale-et-departementale-de-la-delinquance-enregistree-par-la-police-et-la-gendarmerie-nationales/;;Vols avec armes;V0;;;;;;;;;;;;;;;;;;;;;;France;G0;Métropole;G0.1;Moitié sud;G0.1.2;NOUVELLE AQUITAINE;G0.1.2.1;;;;;;;;;;;;;;;;;;;;377;371;373;322;403;369;352;;;;;;;;;;;;;;;;;;;0,06351503;0,062279901;0,062376898;0,053574795;0,066788731;0,06115395;0,05833656
data.gouv.fr;https://www.data.gouv.fr/fr/datasets/bases-statistiques-communale-et-departementale-de-la-delinquance-enregistree-par-la-police-et-la-gendarmerie-nationales/;;Vols avec armes;V0;;;;;;;;;;;;;;;;;;;;;;France;G0;Métropole;G0.1;Moitié sud;G0.1.2;OCCITANIE;G0.1.2.2;;;;;;;;;;;;;;;;;;;;601;695;596;558;611;482;512;;;;;;;;;;;;;;;;;;;0,103470212;0,118902972;0,101265892;0,094047295;0,102277062;0,080683378;0,085705165
data.gouv.fr;https://www.data.gouv.fr/fr/datasets/bases-statistiques-communale-et-departementale-de-la-delinquance-enregistree-par-la-police-et-la-gendarmerie-nationales/;;Vols avec armes;V0;;;;;;;;;;;;;;;;;;;;;;France;G0;Métropole;G0.1;Moitié sud;G0.1.2;AUVERGNE RHONE ALPES;G0.1.2.3;;;;;;;;;;;;;;;;;;;;928;934;858;845;803;762;787;;;;;;;;;;;;;;;;;;;0,117217761;0,117509597;0,107324336;0,105061137;0,099397771;0,094322667;0,097417242
data.gouv.fr;https://www.data.gouv.fr/fr/datasets/bases-statistiques-communale-et-departementale-de-la-delinquance-enregistree-par-la-police-et-la-gendarmerie-nationales/;;Vols avec armes;V0;;;;;;;;;;;;;;;;;;;;;;France;G0;Métropole;G0.1;Moitié sud;G0.1.2;PROVENCE ALPES COTE D AZUR;G0.1.2.4;;;;;;;;;;;;;;;;;;;;1117;1126;1056;1027;913;874;892;;;;;;;;;;;;;;;;;;;0,222424535;0,223817257;0,20899171;0,202121548;0,179066446;0,171417386;0,174947722
data.gouv.fr;https://www.data.gouv.fr/fr/datasets/bases-statistiques-communale-et-departementale-de-la-delinquance-enregistree-par-la-police-et-la-gendarmerie-nationales/;;Vols avec armes;V0;;;;;;;;;;;;;;;;;;;;;;France;G0;Métropole;G0.1;Moitié sud;G0.1.2;CORSE;G0.1.2.5;;;;;;;;;;;;;;;;;;;;40;35;19;25;10;16;14;;;;;;;;;;;;;;;;;;;0,121045226;0,104496952;0,056121032;0,073434379;0,029095056;0,04655209;0,040733079
;;;;;;;;;;;;;;;;;;;;;;;;;;;;;;;;;;;;;;;;;;;;;;;;;;;;;;;;;;;;;;;;;;;;;;;;;;;;;;;;;;;;
data.gouv.fr;https://www.data.gouv.fr/fr/datasets/bases-statistiques-communale-et-departementale-de-la-delinquance-enregistree-par-la-police-et-la-gendarmerie-nationales/;;Vols avec armes;V0;;;;;;;;;;;;;;;;;;;;;;France;G0;Métropole;G0.1;Moitié sud;G0.1.2;NOUVELLE AQUITAINE;G0.1.2.1;CHARENTE;G0.1.2.1.1;;;;;;;;;;;;;;;;;;19;11;19;13;14;19;14;;;;;;;;;;;;;;;;;;;0,053780485;0,031220288;0,054011337;0,036930244;0,039804616;0,054020551;0,039804616
data.gouv.fr;https://www.data.gouv.fr/fr/datasets/bases-statistiques-communale-et-departementale-de-la-delinquance-enregistree-par-la-police-et-la-gendarmerie-nationales/;;Vols avec armes;V0;;;;;;;;;;;;;;;;;;;;;;France;G0;Métropole;G0.1;Moitié sud;G0.1.2;NOUVELLE AQUITAINE;G0.1.2.1;CHARENTE MARITIME;G0.1.2.1.2;;;;;;;;;;;;;;;;;;46;32;38;35;49;34;37;;;;;;;;;;;;;;;;;;;0,07162978;0,049666073;0,058738786;0,053733891;0,074728271;0,05185227;0,05642747
data.gouv.fr;https://www.data.gouv.fr/fr/datasets/bases-statistiques-communale-et-departementale-de-la-delinquance-enregistree-par-la-police-et-la-gendarmerie-nationales/;;Vols avec armes;V0;;;;;;;;;;;;;;;;;;;;;;France;G0;Métropole;G0.1;Moitié sud;G0.1.2;NOUVELLE AQUITAINE;G0.1.2.1;CORREZE;G0.1.2.1.3;;;;;;;;;;;;;;;;;;9;3;8;4;9;7;6;;;;;;;;;;;;;;;;;;;0,037261681;0,012424212;0,033252557;0,016661599;0,037626991;0,029265438;0,025084661
data.gouv.fr;https://www.data.gouv.fr/fr/datasets/bases-statistiques-communale-et-departementale-de-la-delinquance-enregistree-par-la-police-et-la-gendarmerie-nationales/;;Vols avec armes;V0;;;;;;;;;;;;;;;;;;;;;;France;G0;Métropole;G0.1;Moitié sud;G0.1.2;NOUVELLE AQUITAINE;G0.1.2.1;CREUSE;G0.1.2.1.4;;;;;;;;;;;;;;;;;;3;3;2;3;0;0;1;;;;;;;;;;;;;;;;;;;0,025104182;0,025287008;0,017020842;0,025725237;0;0;0,008621061
data.gouv.fr;https://www.data.gouv.fr/fr/datasets/bases-statistiques-communale-et-departementale-de-la-delinquance-enregistree-par-la-police-et-la-gendarmerie-nationales/;;Vols avec armes;V0;;;;;;;;;;;;;;;;;;;;;;France;G0;Métropole;G0.1;Moitié sud;G0.1.2;NOUVELLE AQUITAINE;G0.1.2.1;DORDOGNE;G0.1.2.1.5;;;;;;;;;;;;;;;;;;15;15;10;17;8;13;14;;;;;;;;;;;;;;;;;;;0,036162965;0,036266398;0,024188594;0,041140014;0,019379516;0,031491714;0,033914154
data.gouv.fr;https://www.data.gouv.fr/fr/datasets/bases-statistiques-communale-et-departementale-de-la-delinquance-enregistree-par-la-police-et-la-gendarmerie-nationales/;;Vols avec armes;V0;;;;;;;;;;;;;;;;;;;;;;France;G0;Métropole;G0.1;Moitié sud;G0.1.2;NOUVELLE AQUITAINE;G0.1.2.1;GIRONDE;G0.1.2.1.6;;;;;;;;;;;;;;;;;;178;190;163;151;228;179;180;;;;;;;;;;;;;;;;;;;0,113616127;0,11999616;0,101757661;0,092994669;0,139331003;0,10938706;0,109998161
data.gouv.fr;https://www.data.gouv.fr/fr/datasets/bases-statistiques-communale-et-departementale-de-la-delinquance-enregistree-par-la-police-et-la-gendarmerie-nationales/;;Vols avec armes;V0;;;;;;;;;;;;;;;;;;;;;;France;G0;Métropole;G0.1;Moitié sud;G0.1.2;NOUVELLE AQUITAINE;G0.1.2.1;LANDES;G0.1.2.1.7;;;;;;;;;;;;;;;;;;6;12;7;8;6;5;8;;;;;;;;;;;;;;;;;;;0,014814449;0,0294519;0,017058401;0,019338152;0,014349879;0,011958232;0,019133172
data.gouv.fr;https://www.data.gouv.fr/fr/datasets/bases-statistiques-communale-et-departementale-de-la-delinquance-enregistree-par-la-police-et-la-gendarmerie-nationales/;;Vols avec armes;V0;;;;;;;;;;;;;;;;;;;;;;France;G0;Métropole;G0.1;Moitié sud;G0.1.2;NOUVELLE AQUITAINE;G0.1.2.1;LOT ET GARONNE;G0.1.2.1.8;;;;;;;;;;;;;;;;;;15;22;22;14;5;20;5;;;;;;;;;;;;;;;;;;;0,045067647;0,066097428;0,066271049;0,042261472;0,015112863;0,060451451;0,015112863
data.gouv.fr;https://www.data.gouv.fr/fr/datasets/bases-statistiques-communale-et-departementale-de-la-delinquance-enregistree-par-la-police-et-la-gendarmerie-nationales/;;Vols avec armes;V0;;;;;;;;;;;;;;;;;;;;;;France;G0;Métropole;G0.1;Moitié sud;G0.1.2;NOUVELLE AQUITAINE;G0.1.2.1;PYRENEES ATLANTIQUES;G0.1.2.1.9;;;;;;;;;;;;;;;;;;27;24;43;25;25;20;15;;;;;;;;;;;;;;;;;;;0,040060179;0,035434344;0,063252968;0,036623544;0,036377394;0,029101915;0,021826436
data.gouv.fr;https://www.data.gouv.fr/fr/datasets/bases-statistiques-communale-et-departementale-de-la-delinquance-enregistree-par-la-police-et-la-gendarmerie-nationales/;;Vols avec armes;V0;;;;;;;;;;;;;;;;;;;;;;France;G0;Métropole;G0.1;Moitié sud;G0.1.2;NOUVELLE AQUITAINE;G0.1.2.1;DEUX SEVRES;G0.1.2.1.10;;;;;;;;;;;;;;;;;;18;15;11;10;21;19;26;;;;;;;;;;;;;;;;;;;0,048032919;0,040069347;0,029349064;0,026675345;0,056077611;0,050736887;0,069429424
data.gouv.fr;https://www.data.gouv.fr/fr/datasets/bases-statistiques-communale-et-departementale-de-la-delinquance-enregistree-par-la-police-et-la-gendarmerie-nationales/;;Vols avec armes;V0;;;;;;;;;;;;;;;;;;;;;;France;G0;Métropole;G0.1;Moitié sud;G0.1.2;NOUVELLE AQUITAINE;G0.1.2.1;VIENNE;G0.1.2.1.11;;;;;;;;;;;;;;;;;;15;26;27;24;21;27;24;;;;;;;;;;;;;;;;;;;0,034398226;0,059513455;0,061702157;0,054740155;0,047799842;0,061456939;0,05462839
data.gouv.fr;https://www.data.gouv.fr/fr/datasets/bases-statistiques-communale-et-departementale-de-la-delinquance-enregistree-par-la-police-et-la-gendarmerie-nationales/;;Vols avec armes;V0;;;;;;;;;;;;;;;;;;;;;;France;G0;Métropole;G0.1;Moitié sud;G0.1.2;NOUVELLE AQUITAINE;G0.1.2.1;HAUTE VIENNE;G0.1.2.1.12;;;;;;;;;;;;;;;;;;26;18;23;18;17;26;22;;;;;;;;;;;;;;;;;;;0,069337401;0,048073585;0,061629318;0,048340446;0,04568382;0,069869371;0,059120237
;;;;;;;;;;;;;;;;;;;;;;;;;;;;;;;;;;;;;;;;;;;;;;;;;;;;;;;;;;;;;;;;;;;;;;;;;;;;;;;;;;;;
data.gouv.fr;https://www.data.gouv.fr/fr/datasets/bases-statistiques-communale-et-departementale-de-la-delinquance-enregistree-par-la-police-et-la-gendarmerie-nationales/;;Vols avec armes;V0;;;;;;;;;;;;;;;;;;;;;;France;G0;Métropole;G0.1;Moitié sud;G0.1.2;OCCITANIE;G0.1.2.2;ARIEGE;G0.1.2.2.1;;;;;;;;;;;;;;;;;;2;2;7;3;3;0;6;;;;;;;;;;;;;;;;;;;0,013066174;0,013058837;0,045731906;0,019571131;0,01948634;0;0,03897268
data.gouv.fr;https://www.data.gouv.fr/fr/datasets/bases-statistiques-communale-et-departementale-de-la-delinquance-enregistree-par-la-police-et-la-gendarmerie-nationales/;;Vols avec armes;V0;;;;;;;;;;;;;;;;;;;;;;France;G0;Métropole;G0.1;Moitié sud;G0.1.2;OCCITANIE;G0.1.2.2;AUDE;G0.1.2.2.2;;;;;;;;;;;;;;;;;;40;33;26;21;31;23;24;;;;;;;;;;;;;;;;;;;0,108688268;0,08912656;0,069741367;0,056139225;0,082618858;0,061297862;0,063962987
data.gouv.fr;https://www.data.gouv.fr/fr/datasets/bases-statistiques-communale-et-departementale-de-la-delinquance-enregistree-par-la-police-et-la-gendarmerie-nationales/;;Vols avec armes;V0;;;;;;;;;;;;;;;;;;;;;;France;G0;Métropole;G0.1;Moitié sud;G0.1.2;OCCITANIE;G0.1.2.2;AVEYRON;G0.1.2.2.3;;;;;;;;;;;;;;;;;;7;9;8;3;4;1;7;;;;;;;;;;;;;;;;;;;0,025116883;0,032234264;0,028645703;0,010729806;0,014308506;0,003577126;0,025039885
data.gouv.fr;https://www.data.gouv.fr/fr/datasets/bases-statistiques-communale-et-departementale-de-la-delinquance-enregistree-par-la-police-et-la-gendarmerie-nationales/;;Vols avec armes;V0;;;;;;;;;;;;;;;;;;;;;;France;G0;Métropole;G0.1;Moitié sud;G0.1.2;OCCITANIE;G0.1.2.2;GARD;G0.1.2.2.4;;;;;;;;;;;;;;;;;;76;88;58;71;62;55;72;;;;;;;;;;;;;;;;;;;0,102425048;0,118251279;0,077804517;0,094864364;0,082506384;0,073191147;0,095813866
data.gouv.fr;https://www.data.gouv.fr/fr/datasets/bases-statistiques-communale-et-departementale-de-la-delinquance-enregistree-par-la-police-et-la-gendarmerie-nationales/;;Vols avec armes;V0;;;;;;;;;;;;;;;;;;;;;;France;G0;Métropole;G0.1;Moitié sud;G0.1.2;OCCITANIE;G0.1.2.2;HAUTE GARONNE;G0.1.2.2.5;;;;;;;;;;;;;;;;;;177;191;165;170;169;162;160;;;;;;;;;;;;;;;;;;;0,131287815;0,140165792;0,119507023;0,121425189;0,119370768;0,114426416;0,113013745
data.gouv.fr;https://www.data.gouv.fr/fr/datasets/bases-statistiques-communale-et-departementale-de-la-delinquance-enregistree-par-la-police-et-la-gendarmerie-nationales/;;Vols avec armes;V0;;;;;;;;;;;;;;;;;;;;;;France;G0;Métropole;G0.1;Moitié sud;G0.1.2;OCCITANIE;G0.1.2.2;GERS;G0.1.2.2.6;;;;;;;;;;;;;;;;;;5;7;4;4;10;5;1;;;;;;;;;;;;;;;;;;;0,026224143;0,036631762;0,020911424;0,020901153;0,052132479;0,02606624;0,005213248
data.gouv.fr;https://www.data.gouv.fr/fr/datasets/bases-statistiques-communale-et-departementale-de-la-delinquance-enregistree-par-la-police-et-la-gendarmerie-nationales/;;Vols avec armes;V0;;;;;;;;;;;;;;;;;;;;;;France;G0;Métropole;G0.1;Moitié sud;G0.1.2;OCCITANIE;G0.1.2.2;HERAULT;G0.1.2.2.7;;;;;;;;;;;;;;;;;;198;237;218;183;228;154;150;;;;;;;;;;;;;;;;;;;0,17483737;0,207006425;0,188057487;0,155662147;0,191762134;0,129523547;0,126159299
data.gouv.fr;https://www.data.gouv.fr/fr/datasets/bases-statistiques-communale-et-departementale-de-la-delinquance-enregistree-par-la-police-et-la-gendarmerie-nationales/;;Vols avec armes;V0;;;;;;;;;;;;;;;;;;;;;;France;G0;Métropole;G0.1;Moitié sud;G0.1.2;OCCITANIE;G0.1.2.2;LOT;G0.1.2.2.8;;;;;;;;;;;;;;;;;;2;4;6;7;3;2;4;;;;;;;;;;;;;;;;;;;0,011537552;0,023011253;0,034496835;0,040208163;0,017175245;0,011450163;0,022900326
data.gouv.fr;https://www.data.gouv.fr/fr/datasets/bases-statistiques-communale-et-departementale-de-la-delinquance-enregistree-par-la-police-et-la-gendarmerie-nationales/;;Vols avec armes;V0;;;;;;;;;;;;;;;;;;;;;;France;G0;Métropole;G0.1;Moitié sud;G0.1.2;OCCITANIE;G0.1.2.2;LOZERE;G0.1.2.2.9;;;;;;;;;;;;;;;;;;1;2;1;4;1;0;1;;;;;;;;;;;;;;;;;;;0,013085237;0,02610932;0,013068479;0,052216594;0,013049209;0;0,013049209
data.gouv.fr;https://www.data.gouv.fr/fr/datasets/bases-statistiques-communale-et-departementale-de-la-delinquance-enregistree-par-la-police-et-la-gendarmerie-nationales/;;Vols avec armes;V0;;;;;;;;;;;;;;;;;;;;;;France;G0;Métropole;G0.1;Moitié sud;G0.1.2;OCCITANIE;G0.1.2.2;HAUTES PYRENEES;G0.1.2.2.10;;;;;;;;;;;;;;;;;;9;13;12;15;6;3;9;;;;;;;;;;;;;;;;;;;0,039503312;0,05688531;0,052358077;0,065340402;0,026111024;0,013055512;0,039166536
data.gouv.fr;https://www.data.gouv.fr/fr/datasets/bases-statistiques-communale-et-departementale-de-la-delinquance-enregistree-par-la-police-et-la-gendarmerie-nationales/;;Vols avec armes;V0;;;;;;;;;;;;;;;;;;;;;;France;G0;Métropole;G0.1;Moitié sud;G0.1.2;OCCITANIE;G0.1.2.2;PYRENEES ORIENTALES;G0.1.2.2.11;;;;;;;;;;;;;;;;;;54;61;62;47;63;52;51;;;;;;;;;;;;;;;;;;;0,113835432;0,128569381;0,130154485;0,097920951;0,130498276;0,107712862;0,105641461
data.gouv.fr;https://www.data.gouv.fr/fr/datasets/bases-statistiques-communale-et-departementale-de-la-delinquance-enregistree-par-la-police-et-la-gendarmerie-nationales/;;Vols avec armes;V0;;;;;;;;;;;;;;;;;;;;;;France;G0;Métropole;G0.1;Moitié sud;G0.1.2;OCCITANIE;G0.1.2.2;TARN;G0.1.2.2.12;;;;;;;;;;;;;;;;;;23;27;17;18;16;13;16;;;;;;;;;;;;;;;;;;;0,059516416;0,069607363;0,043747234;0,046172315;0,04091381;0,033242471;0,04091381
data.gouv.fr;https://www.data.gouv.fr/fr/datasets/bases-statistiques-communale-et-departementale-de-la-delinquance-enregistree-par-la-police-et-la-gendarmerie-nationales/;;Vols avec armes;V0;;;;;;;;;;;;;;;;;;;;;;France;G0;Métropole;G0.1;Moitié sud;G0.1.2;OCCITANIE;G0.1.2.2;TARN ET GARONNE;G0.1.2.2.13;;;;;;;;;;;;;;;;;;7;21;12;12;15;12;11;;;;;;;;;;;;;;;;;;;0,027248275;0,081285393;0,046309875;0,046035394;0,05718294;0,045746352;0,041934156
;;;;;;;;;;;;;;;;;;;;;;;;;;;;;;;;;;;;;;;;;;;;;;;;;;;;;;;;;;;;;;;;;;;;;;;;;;;;;;;;;;;;
data.gouv.fr;https://www.data.gouv.fr/fr/datasets/bases-statistiques-communale-et-departementale-de-la-delinquance-enregistree-par-la-police-et-la-gendarmerie-nationales/;;Vols avec armes;V0;;;;;;;;;;;;;;;;;;;;;;France;G0;Métropole;G0.1;Moitié sud;G0.1.2;AUVERGNE RHONE ALPES;G0.1.2.3;AIN;G0.1.2.3.1;;;;;;;;;;;;;;;;;;31;35;32;55;44;24;35;;;;;;;;;;;;;;;;;;;0,048556996;0,054402736;0,049410624;0,084299973;0,066883938;0,036482148;0,053203133
data.gouv.fr;https://www.data.gouv.fr/fr/datasets/bases-statistiques-communale-et-departementale-de-la-delinquance-enregistree-par-la-police-et-la-gendarmerie-nationales/;;Vols avec armes;V0;;;;;;;;;;;;;;;;;;;;;;France;G0;Métropole;G0.1;Moitié sud;G0.1.2;AUVERGNE RHONE ALPES;G0.1.2.3;ALLIER;G0.1.2.3.2;;;;;;;;;;;;;;;;;;16;19;14;23;30;18;13;;;;;;;;;;;;;;;;;;;0,047144238;0,056215014;0,041521958;0,068457475;0,089384676;0,053630806;0,03873336
data.gouv.fr;https://www.data.gouv.fr/fr/datasets/bases-statistiques-communale-et-departementale-de-la-delinquance-enregistree-par-la-police-et-la-gendarmerie-nationales/;;Vols avec armes;V0;;;;;;;;;;;;;;;;;;;;;;France;G0;Métropole;G0.1;Moitié sud;G0.1.2;AUVERGNE RHONE ALPES;G0.1.2.3;ARDECHE;G0.1.2.3.3;;;;;;;;;;;;;;;;;;19;15;17;10;10;16;20;;;;;;;;;;;;;;;;;;;0,058433311;0,046052955;0,052050483;0,030461986;0,030365141;0,048584225;0,060730282
data.gouv.fr;https://www.data.gouv.fr/fr/datasets/bases-statistiques-communale-et-departementale-de-la-delinquance-enregistree-par-la-police-et-la-gendarmerie-nationales/;;Vols avec armes;V0;;;;;;;;;;;;;;;;;;;;;;France;G0;Métropole;G0.1;Moitié sud;G0.1.2;AUVERGNE RHONE ALPES;G0.1.2.3;CANTAL;G0.1.2.3.4;;;;;;;;;;;;;;;;;;2;4;2;9;3;2;3;;;;;;;;;;;;;;;;;;;0,013701539;0,027559028;0,013815494;0,062201089;0,020778645;0,01385243;0,020778645
data.gouv.fr;https://www.data.gouv.fr/fr/datasets/bases-statistiques-communale-et-departementale-de-la-delinquance-enregistree-par-la-police-et-la-gendarmerie-nationales/;;Vols avec armes;V0;;;;;;;;;;;;;;;;;;;;;;France;G0;Métropole;G0.1;Moitié sud;G0.1.2;AUVERGNE RHONE ALPES;G0.1.2.3;DROME;G0.1.2.3.5;;;;;;;;;;;;;;;;;;52;56;44;50;40;38;48;;;;;;;;;;;;;;;;;;;0,102360996;0,109470573;0,085481377;0,09675634;0,077263482;0,073400308;0,092716178
data.gouv.fr;https://www.data.gouv.fr/fr/datasets/bases-statistiques-communale-et-departementale-de-la-delinquance-enregistree-par-la-police-et-la-gendarmerie-nationales/;;Vols avec armes;V0;;;;;;;;;;;;;;;;;;;;;;France;G0;Métropole;G0.1;Moitié sud;G0.1.2;AUVERGNE RHONE ALPES;G0.1.2.3;ISERE;G0.1.2.3.6;;;;;;;;;;;;;;;;;;225;248;184;189;167;165;139;;;;;;;;;;;;;;;;;;;0,179581647;0,197025237;0,145619965;0,148682391;0,13072274;0,129157198;0,108805155
data.gouv.fr;https://www.data.gouv.fr/fr/datasets/bases-statistiques-communale-et-departementale-de-la-delinquance-enregistree-par-la-police-et-la-gendarmerie-nationales/;;Vols avec armes;V0;;;;;;;;;;;;;;;;;;;;;;France;G0;Métropole;G0.1;Moitié sud;G0.1.2;AUVERGNE RHONE ALPES;G0.1.2.3;LOIRE;G0.1.2.3.7;;;;;;;;;;;;;;;;;;62;68;60;45;66;70;65;;;;;;;;;;;;;;;;;;;0,08136515;0,089128779;0,078591535;0,058774819;0,085880693;0,091085584;0,084579471
data.gouv.fr;https://www.data.gouv.fr/fr/datasets/bases-statistiques-communale-et-departementale-de-la-delinquance-enregistree-par-la-police-et-la-gendarmerie-nationales/;;Vols avec armes;V0;;;;;;;;;;;;;;;;;;;;;;France;G0;Métropole;G0.1;Moitié sud;G0.1.2;AUVERGNE RHONE ALPES;G0.1.2.3;HAUTE LOIRE;G0.1.2.3.8;;;;;;;;;;;;;;;;;;5;4;6;5;8;6;7;;;;;;;;;;;;;;;;;;;0,021993587;0,017599205;0,026367599;0,021971262;0,035166536;0,026374902;0,030770719
data.gouv.fr;https://www.data.gouv.fr/fr/datasets/bases-statistiques-communale-et-departementale-de-la-delinquance-enregistree-par-la-police-et-la-gendarmerie-nationales/;;Vols avec armes;V0;;;;;;;;;;;;;;;;;;;;;;France;G0;Métropole;G0.1;Moitié sud;G0.1.2;AUVERGNE RHONE ALPES;G0.1.2.3;PUY DE DOME;G0.1.2.3.9;;;;;;;;;;;;;;;;;;43;63;42;48;27;35;50;;;;;;;;;;;;;;;;;;;0,06608268;0,096368292;0,063728287;0,072490908;0,040794619;0,052881913;0,07554559
data.gouv.fr;https://www.data.gouv.fr/fr/datasets/bases-statistiques-communale-et-departementale-de-la-delinquance-enregistree-par-la-police-et-la-gendarmerie-nationales/;;Vols avec armes;V0;;;;;;;;;;;;;;;;;;;;;;France;G0;Métropole;G0.1;Moitié sud;G0.1.2;AUVERGNE RHONE ALPES;G0.1.2.3;RHONE;G0.1.2.3.10;;;;;;;;;;;;;;;;;;380;338;371;354;338;331;361;;;;;;;;;;;;;;;;;;;0,206982613;0,183364898;0,199513424;0,188724812;0,179459148;0,175742539;0,191670866
data.gouv.fr;https://www.data.gouv.fr/fr/datasets/bases-statistiques-communale-et-departementale-de-la-delinquance-enregistree-par-la-police-et-la-gendarmerie-nationales/;;Vols avec armes;V0;;;;;;;;;;;;;;;;;;;;;;France;G0;Métropole;G0.1;Moitié sud;G0.1.2;AUVERGNE RHONE ALPES;G0.1.2.3;SAVOIE;G0.1.2.3.11;;;;;;;;;;;;;;;;;;39;43;23;20;20;17;16;;;;;;;;;;;;;;;;;;;0,090765009;0,09972772;0,053029115;0,045825944;0,045480387;0,038658329;0,036384309
data.gouv.fr;https://www.data.gouv.fr/fr/datasets/bases-statistiques-communale-et-departementale-de-la-delinquance-enregistree-par-la-police-et-la-gendarmerie-nationales/;;Vols avec armes;V0;;;;;;;;;;;;;;;;;;;;;;France;G0;Métropole;G0.1;Moitié sud;G0.1.2;AUVERGNE RHONE ALPES;G0.1.2.3;HAUTE SAVOIE;G0.1.2.3.12;;;;;;;;;;;;;;;;;;54;41;63;37;50;40;30;;;;;;;;;;;;;;;;;;;0,067380736;0,050782798;0,077139803;0,044789092;0,05986547;0,047892376;0,035919282
;;;;;;;;;;;;;;;;;;;;;;;;;;;;;;;;;;;;;;;;;;;;;;;;;;;;;;;;;;;;;;;;;;;;;;;;;;;;;;;;;;;;
data.gouv.fr;https://www.data.gouv.fr/fr/datasets/bases-statistiques-communale-et-departementale-de-la-delinquance-enregistree-par-la-police-et-la-gendarmerie-nationales/;;Vols avec armes;V0;;;;;;;;;;;;;;;;;;;;;;France;G0;Métropole;G0.1;Moitié sud;G0.1.2;PROVENCE ALPES COTE D AZUR;G0.1.2.4;ALPES DE HAUTE PROVENCE;G0.1.2.4.1;;;;;;;;;;;;;;;;;;8;10;16;8;6;10;10;;;;;;;;;;;;;;;;;;;0,049211085;0,061007229;0,09752054;0,048689047;0,036264513;0,060440856;0,060440856
data.gouv.fr;https://www.data.gouv.fr/fr/datasets/bases-statistiques-communale-et-departementale-de-la-delinquance-enregistree-par-la-police-et-la-gendarmerie-nationales/;;Vols avec armes;V0;;;;;;;;;;;;;;;;;;;;;;France;G0;Métropole;G0.1;Moitié sud;G0.1.2;PROVENCE ALPES COTE D AZUR;G0.1.2.4;HAUTES ALPES;G0.1.2.4.2;;;;;;;;;;;;;;;;;;10;5;2;3;6;4;2;;;;;;;;;;;;;;;;;;;0,070868206;0,035389712;0,014214843;0,02124345;0,042672736;0,02844849;0,014224245
data.gouv.fr;https://www.data.gouv.fr/fr/datasets/bases-statistiques-communale-et-departementale-de-la-delinquance-enregistree-par-la-police-et-la-gendarmerie-nationales/;;Vols avec armes;V0;;;;;;;;;;;;;;;;;;;;;;France;G0;Métropole;G0.1;Moitié sud;G0.1.2;PROVENCE ALPES COTE D AZUR;G0.1.2.4;ALPES MARITIMES;G0.1.2.4.3;;;;;;;;;;;;;;;;;;125;142;104;122;90;129;126;;;;;;;;;;;;;;;;;;;0,11534515;0,131079746;0,095744965;0,111488527;0,082011281;0,117549503;0,114815794
data.gouv.fr;https://www.data.gouv.fr/fr/datasets/bases-statistiques-communale-et-departementale-de-la-delinquance-enregistree-par-la-police-et-la-gendarmerie-nationales/;;Vols avec armes;V0;;;;;;;;;;;;;;;;;;;;;;France;G0;Métropole;G0.1;Moitié sud;G0.1.2;PROVENCE ALPES COTE D AZUR;G0.1.2.4;BOUCHES DU RHONE;G0.1.2.4.4;;;;;;;;;;;;;;;;;;788;777;786;735;667;594;615;;;;;;;;;;;;;;;;;;;0,39015367;0,383862556;0,386362866;0,359745682;0,325672462;0,290029149;0,300282705
data.gouv.fr;https://www.data.gouv.fr/fr/datasets/bases-statistiques-communale-et-departementale-de-la-delinquance-enregistree-par-la-police-et-la-gendarmerie-nationales/;;Vols avec armes;V0;;;;;;;;;;;;;;;;;;;;;;France;G0;Métropole;G0.1;Moitié sud;G0.1.2;PROVENCE ALPES COTE D AZUR;G0.1.2.4;VAR;G0.1.2.4.5;;;;;;;;;;;;;;;;;;118;126;110;107;103;82;81;;;;;;;;;;;;;;;;;;;0,111761369;0,119009389;0,103025484;0,099376713;0,094914342;0,075562874;0,074641376
data.gouv.fr;https://www.data.gouv.fr/fr/datasets/bases-statistiques-communale-et-departementale-de-la-delinquance-enregistree-par-la-police-et-la-gendarmerie-nationales/;;Vols avec armes;V0;;;;;;;;;;;;;;;;;;;;;;France;G0;Métropole;G0.1;Moitié sud;G0.1.2;PROVENCE ALPES COTE D AZUR;G0.1.2.4;VAUCLUSE;G0.1.2.4.6;;;;;;;;;;;;;;;;;;68;66;38;52;41;55;58;;;;;;;;;;;;;;;;;;;0,12164275;0,117966894;0,067882235;0,092614196;0,072961396;0,097875044;0,103213683
;;;;;;;;;;;;;;;;;;;;;;;;;;;;;;;;;;;;;;;;;;;;;;;;;;;;;;;;;;;;;;;;;;;;;;;;;;;;;;;;;;;;
data.gouv.fr;https://www.data.gouv.fr/fr/datasets/bases-statistiques-communale-et-departementale-de-la-delinquance-enregistree-par-la-police-et-la-gendarmerie-nationales/;;Vols avec armes;V0;;;;;;;;;;;;;;;;;;;;;;France;G0;Métropole;G0.1;Moitié sud;G0.1.2;CORSE;G0.1.2.5;CORSE DU SUD;G0.1.2.5.1;;;;;;;;;;;;;;;;;;24;14;14;14;4;9;6;;;;;;;;;;;;;;;;;;;0,15553813;0,089030773;0,08869011;0,088324175;0,024873456;0,055965277;0,037310184
data.gouv.fr;https://www.data.gouv.fr/fr/datasets/bases-statistiques-communale-et-departementale-de-la-delinquance-enregistree-par-la-police-et-la-gendarmerie-nationales/;;Vols avec armes;V0;;;;;;;;;;;;;;;;;;;;;;France;G0;Métropole;G0.1;Moitié sud;G0.1.2;CORSE;G0.1.2.5;HAUTE CORSE;G0.1.2.5.2;;;;;;;;;;;;;;;;;;16;21;5;11;6;7;8;;;;;;;;;;;;;;;;;;;0,090830646;0,118184018;0,027670018;0,060461818;0,032807143;0,038275;0,043742858
;;;;;;;;;;;;;;;;;;;;;;;;;;;;;;;;;;;;;;;;;;;;;;;;;;;;;;;;;;;;;;;;;;;;;;;;;;;;;;;;;;;;
;;;;;;;;;;;;;;;;;;;;;;;;;;;;;;;;;;;;;;;;;;;;;;;;;;;;;;;;;;;;;;;;;;;;;;;;;;;;;;;;;;;;
data.gouv.fr;https://www.data.gouv.fr/fr/datasets/bases-statistiques-communale-et-departementale-de-la-delinquance-enregistree-par-la-police-et-la-gendarmerie-nationales/;;Vols avec armes;V0;;;;;;;;;;;;;;;;;;;;;;France;G0;Outre-mer;G0.2;GUADELOUPE;G0.2.1;;;;;;;;;;;;;;;;;;;;;;904;584;432;446;306;278;367;;;;;;;;;;;;;;;;;;;2,293775849;1,496465114;1,1144677;1,160735896;0,797791213;0,72479071;0,956828024
data.gouv.fr;https://www.data.gouv.fr/fr/datasets/bases-statistiques-communale-et-departementale-de-la-delinquance-enregistree-par-la-police-et-la-gendarmerie-nationales/;;Vols avec armes;V0;;;;;;;;;;;;;;;;;;;;;;France;G0;Outre-mer;G0.2;MARTINIQUE;G0.2.2;;;;;;;;;;;;;;;;;;;;;;294;301;250;227;236;242;243;;;;;;;;;;;;;;;;;;;0,780917977;0,807849831;0,677905435;0,622757251;0,653332411;0,669942557;0,672710914
data.gouv.fr;https://www.data.gouv.fr/fr/datasets/bases-statistiques-communale-et-departementale-de-la-delinquance-enregistree-par-la-police-et-la-gendarmerie-nationales/;;Vols avec armes;V0;;;;;;;;;;;;;;;;;;;;;;France;G0;Outre-mer;G0.2;GUYANE;G0.2.3;;;;;;;;;;;;;;;;;;;;;;757;606;520;694;711;1005;867;;;;;;;;;;;;;;;;;;;2,810448781;2,255303312;1,88318461;2,46380619;2,493573175;3,524670943;3,040686276
data.gouv.fr;https://www.data.gouv.fr/fr/datasets/bases-statistiques-communale-et-departementale-de-la-delinquance-enregistree-par-la-police-et-la-gendarmerie-nationales/;;Vols avec armes;V0;;;;;;;;;;;;;;;;;;;;;;France;G0;Outre-mer;G0.2;LA REUNION;G0.2.4;;;;;;;;;;;;;;;;;;;;;;150;87;84;62;43;51;40;;;;;;;;;;;;;;;;;;;0,175865611;0,10191423;0,098135312;0,071991733;0,049821396;0,059090493;0,046345485
data.gouv.fr;https://www.data.gouv.fr/fr/datasets/bases-statistiques-communale-et-departementale-de-la-delinquance-enregistree-par-la-police-et-la-gendarmerie-nationales/;;Vols avec armes;V0;;;;;;;;;;;;;;;;;;;;;;France;G0;Outre-mer;G0.2;MAYOTTE;G0.2.5;;;;;;;;;;;;;;;;;;;;;;347;226;301;291;481;527;634;;;;;;;;;;;;;;;;;;;1,352731582;0,881029791;1,173406934;1,134423315;1,875112078;2,054436726;2,47156145
