A0_V0.1_V0.3.1.2.1;France;;;;;;;;;;;;;;;;;;;;;;;;;;;;;;;;;;;;;;;;;;;;;;;;;;;;;;;;;;;;;;;;;;;;;;;;;;;;;;;;;;;
;;;;;;;;;;;;;;;;;;;;;;;;;;;;;;;;;;;;;;;;;;;;;;;;;;;;;;;;;;;;;;;;;;;;;;;;;;;;;taux pour 1000;ratio;ratio;ratio;ratio;ratio;ratio;ratio
;;;;;;;;;;;;;;;;;;;;;;;;;;;;;;;;;;;;;;;;;;;;;;;;;;;;;véhicules;véhicules;véhicules;véhicules;véhicules;véhicules;véhicules;;;;;;;;;;;;;;;;;;;taux pour 1000 habitants;taux pour 1000 habitants;taux pour 1000 habitants;taux pour 1000 habitants;taux pour 1000 habitants;taux pour 1000 habitants;taux pour 1000 habitants
Source;Lien;Niveau;Niv 1;Niv 1 id;Niv 2;Niv 2 id;Niv 3;Niv 3 id;Niv 4;Niv 4 id;Niv 5;Niv 5 id;Niv 6;Niv 6 id;Niv 7;Niv 7 id;Niv 8;Niv 8 id;Niv 9;Niv 9 id;Niv 10;Niv 10 id;Niv 11;Niv 11 id;;Niv 1 geo;Niv 1 geo id;Niv 2 geo;Niv 2 geo id;Niv 3 geo;Niv 3 geo id;Niv 4 geo;Niv 4 geo id;Niv 5 geo;Niv 5 geo id;Niv 6 geo;Niv 6 geo id;Niv 7 geo;Niv 7 geo id;Niv 8 geo;Niv 8 geo id;Niv 9 geo;Niv 9 geo id;Niv 10 geo;Niv 10 geo id;Niv 11 geo;Niv 11 geo id;Niv 12 geo;Niv 12 geo id;Niv 13 geo;Niv 13 geo id;Data / ventil;2016;2017;2018;2019;2020;2021;2022;;;;;;;;;;;;;;;;;;;2016;2017;2018;2019;2020;2021;2022
;;;;;;;;;;;;;;;;;;;;;;;;;;;;;;;;;;;;;;;;;;;;;;;;;;;;;;;;;;;;;;;;;;;;;;;;;;;;;;;;;;;;
data.gouv.fr;https://www.data.gouv.fr/fr/datasets/bases-statistiques-communale-et-departementale-de-la-delinquance-enregistree-par-la-police-et-la-gendarmerie-nationales/;;Vols de véhicules;V0;;;;;;;;;;;;;;;;;;;;;;France;G0;;;;;;;;;;;;;;;;;;;;;;;;;;166429;156032;143800;141246;122772;122684;133763;;;;;;;;;;;;;;;;;;;2,498252129;2,336477952;2,146619293;2,100470904;1,82103854;1,819733263;1,984064593
;;;;;;;;;;;;;;;;;;;;;;;;;;;;;;;;;;;;;;;;;;;;;;;;;;;;;;;;;;;;;;;;;;;;;;;;;;;;;;;;;;;;
data.gouv.fr;https://www.data.gouv.fr/fr/datasets/bases-statistiques-communale-et-departementale-de-la-delinquance-enregistree-par-la-police-et-la-gendarmerie-nationales/;;Vols de véhicules;V0;;;;;;;;;;;;;;;;;;;;;;France;G0;Métropole;G0.1;;;;;;;;;;;;;;;;;;;;;;;;161511;151831;140263;137720;119699;119474;130682;;;;;;;;;;;;;;;;;;;2,505258668;2,348902174;2,163082474;2,115619626;1,833929087;1,830481823;2,00220153
data.gouv.fr;https://www.data.gouv.fr/fr/datasets/bases-statistiques-communale-et-departementale-de-la-delinquance-enregistree-par-la-police-et-la-gendarmerie-nationales/;;Vols de véhicules;V0;;;;;;;;;;;;;;;;;;;;;;France;G0;Outre-mer;G0.2;;;;;;;;;;;;;;;;;;;;;;;;4918;4201;3537;3526;3073;3210;3081;;;;;;;;;;;;;;;;;;;2,288097427;1,96150391;1,648936443;1,641410086;1,429622827;1,493358046;1,433344592
;;;;;;;;;;;;;;;;;;;;;;;;;;;;;;;;;;;;;;;;;;;;;;;;;;;;;;;;;;;;;;;;;;;;;;;;;;;;;;;;;;;;
data.gouv.fr;https://www.data.gouv.fr/fr/datasets/bases-statistiques-communale-et-departementale-de-la-delinquance-enregistree-par-la-police-et-la-gendarmerie-nationales/;;Vols de véhicules;V0;;;;;;;;;;;;;;;;;;;;;;France;G0;Métropole;G0.1;Moitié nord;G0.1.1;;;;;;;;;;;;;;;;;;;;;;97643;92032;85011;81478;71781;71800;77325;;;;;;;;;;;;;;;;;;;2,474763836;2,328571828;2,147126413;2,052920852;1,806256001;1,806734106;1,945762043
data.gouv.fr;https://www.data.gouv.fr/fr/datasets/bases-statistiques-communale-et-departementale-de-la-delinquance-enregistree-par-la-police-et-la-gendarmerie-nationales/;;Vols de véhicules;V0;;;;;;;;;;;;;;;;;;;;;;France;G0;Métropole;G0.1;Moitié sud;G0.1.2;;;;;;;;;;;;;;;;;;;;;;63868;59799;55252;56242;47918;47674;53357;;;;;;;;;;;;;;;;;;;2,553360591;2,38089408;2,18810105;2,213559055;1,877007036;1,867449256;2,09005936
;;;;;;;;;;;;;;;;;;;;;;;;;;;;;;;;;;;;;;;;;;;;;;;;;;;;;;;;;;;;;;;;;;;;;;;;;;;;;;;;;;;;
data.gouv.fr;https://www.data.gouv.fr/fr/datasets/bases-statistiques-communale-et-departementale-de-la-delinquance-enregistree-par-la-police-et-la-gendarmerie-nationales/;;Vols de véhicules;V0;;;;;;;;;;;;;;;;;;;;;;France;G0;Métropole;G0.1;Moitié nord;G0.1.1;ILE DE FRANCE;G0.1.1.1;;;;;;;;;;;;;;;;;;;;46367;43503;40570;39837;34683;34729;35948;;;;;;;;;;;;;;;;;;;3,82656556;3,573176902;3,321748561;3,248673358;2,826237142;2,829985575;2,929319055
data.gouv.fr;https://www.data.gouv.fr/fr/datasets/bases-statistiques-communale-et-departementale-de-la-delinquance-enregistree-par-la-police-et-la-gendarmerie-nationales/;;Vols de véhicules;V0;;;;;;;;;;;;;;;;;;;;;;France;G0;Métropole;G0.1;Moitié nord;G0.1.1;CENTRE VAL DE LOIRE;G0.1.1.2;;;;;;;;;;;;;;;;;;;;5166;4583;3954;3239;2849;2987;3620;;;;;;;;;;;;;;;;;;;2,00398314;1,77894088;1,536815356;1,25875376;1,106466635;1,16006172;1,405900042
data.gouv.fr;https://www.data.gouv.fr/fr/datasets/bases-statistiques-communale-et-departementale-de-la-delinquance-enregistree-par-la-police-et-la-gendarmerie-nationales/;;Vols de véhicules;V0;;;;;;;;;;;;;;;;;;;;;;France;G0;Métropole;G0.1;Moitié nord;G0.1.1;BOURGOGNE FRANCHE COMTE;G0.1.1.3;;;;;;;;;;;;;;;;;;;;4521;4291;3962;3456;3236;3133;3583;;;;;;;;;;;;;;;;;;;1,604136906;1,52627335;1,411065647;1,231830851;1,155015089;1,11825163;1,278868685
data.gouv.fr;https://www.data.gouv.fr/fr/datasets/bases-statistiques-communale-et-departementale-de-la-delinquance-enregistree-par-la-police-et-la-gendarmerie-nationales/;;Vols de véhicules;V0;;;;;;;;;;;;;;;;;;;;;;France;G0;Métropole;G0.1;Moitié nord;G0.1.1;NORMANDIE;G0.1.1.4;;;;;;;;;;;;;;;;;;;;5419;5331;4975;4431;4071;4014;4541;;;;;;;;;;;;;;;;;;;1,624435052;1,600671135;1,495126788;1,332618754;1,224168717;1,207028551;1,365499912
data.gouv.fr;https://www.data.gouv.fr/fr/datasets/bases-statistiques-communale-et-departementale-de-la-delinquance-enregistree-par-la-police-et-la-gendarmerie-nationales/;;Vols de véhicules;V0;;;;;;;;;;;;;;;;;;;;;;France;G0;Métropole;G0.1;Moitié nord;G0.1.1;HAUTS DE FRANCE;G0.1.1.5;;;;;;;;;;;;;;;;;;;;17271;16052;15209;13636;12322;11796;12219;;;;;;;;;;;;;;;;;;;2,875207887;2,673633348;2,533099005;2,270794397;2,054442561;1,966742773;2,037269409
data.gouv.fr;https://www.data.gouv.fr/fr/datasets/bases-statistiques-communale-et-departementale-de-la-delinquance-enregistree-par-la-police-et-la-gendarmerie-nationales/;;Vols de véhicules;V0;;;;;;;;;;;;;;;;;;;;;;France;G0;Métropole;G0.1;Moitié nord;G0.1.1;GRAND EST;G0.1.1.6;;;;;;;;;;;;;;;;;;;;7693;7043;6424;6249;5432;5362;5984;;;;;;;;;;;;;;;;;;;1,384832119;1,269103677;1,157396355;1,12468569;0,976512817;0,963928889;1,075746079
data.gouv.fr;https://www.data.gouv.fr/fr/datasets/bases-statistiques-communale-et-departementale-de-la-delinquance-enregistree-par-la-police-et-la-gendarmerie-nationales/;;Vols de véhicules;V0;;;;;;;;;;;;;;;;;;;;;;France;G0;Métropole;G0.1;Moitié nord;G0.1.1;PAYS DE LA LOIRE;G0.1.1.7;;;;;;;;;;;;;;;;;;;;7550;7337;6465;7233;6307;6797;7576;;;;;;;;;;;;;;;;;;;2,019995548;1,952576112;1,709673845;1,900190229;1,645825287;1,773691847;1,976973581
data.gouv.fr;https://www.data.gouv.fr/fr/datasets/bases-statistiques-communale-et-departementale-de-la-delinquance-enregistree-par-la-police-et-la-gendarmerie-nationales/;;Vols de véhicules;V0;;;;;;;;;;;;;;;;;;;;;;France;G0;Métropole;G0.1;Moitié nord;G0.1.1;BRETAGNE;G0.1.1.8;;;;;;;;;;;;;;;;;;;;3656;3892;3452;3397;2881;2982;3854;;;;;;;;;;;;;;;;;;;1,105691195;1,172676281;1,034953982;1,012562693;0,853924392;0,883860651;1,142320238
;;;;;;;;;;;;;;;;;;;;;;;;;;;;;;;;;;;;;;;;;;;;;;;;;;;;;;;;;;;;;;;;;;;;;;;;;;;;;;;;;;;;
data.gouv.fr;https://www.data.gouv.fr/fr/datasets/bases-statistiques-communale-et-departementale-de-la-delinquance-enregistree-par-la-police-et-la-gendarmerie-nationales/;;Vols de véhicules;V0;;;;;;;;;;;;;;;;;;;;;;France;G0;Métropole;G0.1;Moitié nord;G0.1.1;ILE DE FRANCE;G0.1.1.1;PARIS;G0.1.1.1.1;;;;;;;;;;;;;;;;;;8980;8018;8597;9233;7200;6580;6331;;;;;;;;;;;;;;;;;;;4,099844452;3,665327864;3,951551778;4,263832055;3,355226184;3,066303929;2,950269024
data.gouv.fr;https://www.data.gouv.fr/fr/datasets/bases-statistiques-communale-et-departementale-de-la-delinquance-enregistree-par-la-police-et-la-gendarmerie-nationales/;;Vols de véhicules;V0;;;;;;;;;;;;;;;;;;;;;;France;G0;Métropole;G0.1;Moitié nord;G0.1.1;ILE DE FRANCE;G0.1.1.1;SEINE ET MARNE;G0.1.1.1.2;;;;;;;;;;;;;;;;;;4965;4460;4135;3698;3134;3138;3717;;;;;;;;;;;;;;;;;;;3,552353389;3,176644964;2,927400468;2,602031949;2,193700845;2,196500718;2,601782399
data.gouv.fr;https://www.data.gouv.fr/fr/datasets/bases-statistiques-communale-et-departementale-de-la-delinquance-enregistree-par-la-police-et-la-gendarmerie-nationales/;;Vols de véhicules;V0;;;;;;;;;;;;;;;;;;;;;;France;G0;Métropole;G0.1;Moitié nord;G0.1.1;ILE DE FRANCE;G0.1.1.1;YVELINES;G0.1.1.1.3;;;;;;;;;;;;;;;;;;4338;4009;3130;2910;2848;2977;2978;;;;;;;;;;;;;;;;;;;3,029735831;2,787384253;2,171502944;2,009381256;1,964513221;2,053495737;2,054185524
data.gouv.fr;https://www.data.gouv.fr/fr/datasets/bases-statistiques-communale-et-departementale-de-la-delinquance-enregistree-par-la-police-et-la-gendarmerie-nationales/;;Vols de véhicules;V0;;;;;;;;;;;;;;;;;;;;;;France;G0;Métropole;G0.1;Moitié nord;G0.1.1;ILE DE FRANCE;G0.1.1.1;ESSONNE;G0.1.1.1.4;;;;;;;;;;;;;;;;;;5352;4499;3598;3484;3073;3224;3711;;;;;;;;;;;;;;;;;;;4,157442148;3,471102436;2,774862125;2,676584267;2,352773639;2,468383408;2,841244053
data.gouv.fr;https://www.data.gouv.fr/fr/datasets/bases-statistiques-communale-et-departementale-de-la-delinquance-enregistree-par-la-police-et-la-gendarmerie-nationales/;;Vols de véhicules;V0;;;;;;;;;;;;;;;;;;;;;;France;G0;Métropole;G0.1;Moitié nord;G0.1.1;ILE DE FRANCE;G0.1.1.1;HAUTS DE SEINE;G0.1.1.1.5;;;;;;;;;;;;;;;;;;5164;4827;4745;4474;4133;4119;4512;;;;;;;;;;;;;;;;;;;3,220921268;2,999429568;2,930604279;2,754320633;2,541487493;2,532878534;2,774544294
data.gouv.fr;https://www.data.gouv.fr/fr/datasets/bases-statistiques-communale-et-departementale-de-la-delinquance-enregistree-par-la-police-et-la-gendarmerie-nationales/;;Vols de véhicules;V0;;;;;;;;;;;;;;;;;;;;;;France;G0;Métropole;G0.1;Moitié nord;G0.1.1;ILE DE FRANCE;G0.1.1.1;SEINE SAINT DENIS;G0.1.1.1.6;;;;;;;;;;;;;;;;;;6915;6585;6167;6449;5595;5795;5794;;;;;;;;;;;;;;;;;;;4,303959767;4,057023826;3,777232116;3,920595926;3,379802854;3,500617969;3,500013894
data.gouv.fr;https://www.data.gouv.fr/fr/datasets/bases-statistiques-communale-et-departementale-de-la-delinquance-enregistree-par-la-police-et-la-gendarmerie-nationales/;;Vols de véhicules;V0;;;;;;;;;;;;;;;;;;;;;;France;G0;Métropole;G0.1;Moitié nord;G0.1.1;ILE DE FRANCE;G0.1.1.1;VAL DE MARNE;G0.1.1.1.7;;;;;;;;;;;;;;;;;;5175;5134;4714;4547;4418;4607;4184;;;;;;;;;;;;;;;;;;;3,755031198;3,699044474;3,374583814;3,231413863;3,137846491;3,272082115;2,971650004
data.gouv.fr;https://www.data.gouv.fr/fr/datasets/bases-statistiques-communale-et-departementale-de-la-delinquance-enregistree-par-la-police-et-la-gendarmerie-nationales/;;Vols de véhicules;V0;;;;;;;;;;;;;;;;;;;;;;France;G0;Métropole;G0.1;Moitié nord;G0.1.1;ILE DE FRANCE;G0.1.1.1;VAL D OISE;G0.1.1.1.8;;;;;;;;;;;;;;;;;;5478;5971;5484;5042;4282;4289;4721;;;;;;;;;;;;;;;;;;;4,483097544;4,859932054;4,427647445;4,034652237;3,420663299;3,426255228;3,771357177
;;;;;;;;;;;;;;;;;;;;;;;;;;;;;;;;;;;;;;;;;;;;;;;;;;;;;;;;;;;;;;;;;;;;;;;;;;;;;;;;;;;;
data.gouv.fr;https://www.data.gouv.fr/fr/datasets/bases-statistiques-communale-et-departementale-de-la-delinquance-enregistree-par-la-police-et-la-gendarmerie-nationales/;;Vols de véhicules;V0;;;;;;;;;;;;;;;;;;;;;;France;G0;Métropole;G0.1;Moitié nord;G0.1.1;CENTRE VAL DE LOIRE;G0.1.1.2;CHER;G0.1.1.2.1;;;;;;;;;;;;;;;;;;579;513;414;366;319;296;373;;;;;;;;;;;;;;;;;;;1,885317964;1,686080143;1,364499288;1,2106938;1,060036619;0,983607647;1,239478555
data.gouv.fr;https://www.data.gouv.fr/fr/datasets/bases-statistiques-communale-et-departementale-de-la-delinquance-enregistree-par-la-police-et-la-gendarmerie-nationales/;;Vols de véhicules;V0;;;;;;;;;;;;;;;;;;;;;;France;G0;Métropole;G0.1;Moitié nord;G0.1.1;CENTRE VAL DE LOIRE;G0.1.1.2;EURE ET LOIR;G0.1.1.2.2;;;;;;;;;;;;;;;;;;693;637;574;467;385;443;507;;;;;;;;;;;;;;;;;;;1,59703546;1,47034044;1,328712931;1,082083068;0,892354262;1,026786852;1,175126262
data.gouv.fr;https://www.data.gouv.fr/fr/datasets/bases-statistiques-communale-et-departementale-de-la-delinquance-enregistree-par-la-police-et-la-gendarmerie-nationales/;;Vols de véhicules;V0;;;;;;;;;;;;;;;;;;;;;;France;G0;Métropole;G0.1;Moitié nord;G0.1.1;CENTRE VAL DE LOIRE;G0.1.1.2;INDRE;G0.1.1.2.3;;;;;;;;;;;;;;;;;;298;291;307;222;256;256;283;;;;;;;;;;;;;;;;;;;1,333303506;1,309442385;1,391690655;1,012238049;1,170515804;1,170515804;1,293968643
data.gouv.fr;https://www.data.gouv.fr/fr/datasets/bases-statistiques-communale-et-departementale-de-la-delinquance-enregistree-par-la-police-et-la-gendarmerie-nationales/;;Vols de véhicules;V0;;;;;;;;;;;;;;;;;;;;;;France;G0;Métropole;G0.1;Moitié nord;G0.1.1;CENTRE VAL DE LOIRE;G0.1.1.2;INDRE ET LOIRE;G0.1.1.2.4;;;;;;;;;;;;;;;;;;1153;1141;967;908;799;755;812;;;;;;;;;;;;;;;;;;;1,901940375;1,881251948;1,591088588;1,488331839;1,305301747;1,233420299;1,326539447
data.gouv.fr;https://www.data.gouv.fr/fr/datasets/bases-statistiques-communale-et-departementale-de-la-delinquance-enregistree-par-la-police-et-la-gendarmerie-nationales/;;Vols de véhicules;V0;;;;;;;;;;;;;;;;;;;;;;France;G0;Métropole;G0.1;Moitié nord;G0.1.1;CENTRE VAL DE LOIRE;G0.1.1.2;LOIR ET CHER;G0.1.1.2.5;;;;;;;;;;;;;;;;;;915;742;595;464;375;518;809;;;;;;;;;;;;;;;;;;;2,749655166;2,235512104;1,801676316;1,408322457;1,138582146;1,572761472;2,456301217
data.gouv.fr;https://www.data.gouv.fr/fr/datasets/bases-statistiques-communale-et-departementale-de-la-delinquance-enregistree-par-la-police-et-la-gendarmerie-nationales/;;Vols de véhicules;V0;;;;;;;;;;;;;;;;;;;;;;France;G0;Métropole;G0.1;Moitié nord;G0.1.1;CENTRE VAL DE LOIRE;G0.1.1.2;LOIRET;G0.1.1.2.6;;;;;;;;;;;;;;;;;;1528;1259;1097;812;715;719;836;;;;;;;;;;;;;;;;;;;2,265952872;1,85664462;1,615980084;1,193356005;1,047919989;1,053782478;1,225260295
;;;;;;;;;;;;;;;;;;;;;;;;;;;;;;;;;;;;;;;;;;;;;;;;;;;;;;;;;;;;;;;;;;;;;;;;;;;;;;;;;;;;
data.gouv.fr;https://www.data.gouv.fr/fr/datasets/bases-statistiques-communale-et-departementale-de-la-delinquance-enregistree-par-la-police-et-la-gendarmerie-nationales/;;Vols de véhicules;V0;;;;;;;;;;;;;;;;;;;;;;France;G0;Métropole;G0.1;Moitié nord;G0.1.1;BOURGOGNE FRANCHE COMTE;G0.1.1.3;COTE D OR;G0.1.1.3.1;;;;;;;;;;;;;;;;;;834;683;597;632;603;604;640;;;;;;;;;;;;;;;;;;;1,564102901;1,279459892;1,119612918;1,183245838;1,126938502;1,128807389;1,196087299
data.gouv.fr;https://www.data.gouv.fr/fr/datasets/bases-statistiques-communale-et-departementale-de-la-delinquance-enregistree-par-la-police-et-la-gendarmerie-nationales/;;Vols de véhicules;V0;;;;;;;;;;;;;;;;;;;;;;France;G0;Métropole;G0.1;Moitié nord;G0.1.1;BOURGOGNE FRANCHE COMTE;G0.1.1.3;DOUBS;G0.1.1.3.2;;;;;;;;;;;;;;;;;;805;736;717;565;445;508;565;;;;;;;;;;;;;;;;;;;1,494757209;1,365321936;1,324212214;1,038652583;0,81620076;0,931752777;1,036299841
data.gouv.fr;https://www.data.gouv.fr/fr/datasets/bases-statistiques-communale-et-departementale-de-la-delinquance-enregistree-par-la-police-et-la-gendarmerie-nationales/;;Vols de véhicules;V0;;;;;;;;;;;;;;;;;;;;;;France;G0;Métropole;G0.1;Moitié nord;G0.1.1;BOURGOGNE FRANCHE COMTE;G0.1.1.3;JURA;G0.1.1.3.3;;;;;;;;;;;;;;;;;;297;377;350;293;239;222;285;;;;;;;;;;;;;;;;;;;1,140040765;1,448952296;1,347470221;1,130405596;0,923500182;0,857811884;1,101244986
data.gouv.fr;https://www.data.gouv.fr/fr/datasets/bases-statistiques-communale-et-departementale-de-la-delinquance-enregistree-par-la-police-et-la-gendarmerie-nationales/;;Vols de véhicules;V0;;;;;;;;;;;;;;;;;;;;;;France;G0;Métropole;G0.1;Moitié nord;G0.1.1;BOURGOGNE FRANCHE COMTE;G0.1.1.3;NIEVRE;G0.1.1.3.4;;;;;;;;;;;;;;;;;;429;364;294;290;425;234;355;;;;;;;;;;;;;;;;;;;2,051051582;1,756909384;1,428377092;1,418425841;2,097004983;1,154586273;1,751615927
data.gouv.fr;https://www.data.gouv.fr/fr/datasets/bases-statistiques-communale-et-departementale-de-la-delinquance-enregistree-par-la-police-et-la-gendarmerie-nationales/;;Vols de véhicules;V0;;;;;;;;;;;;;;;;;;;;;;France;G0;Métropole;G0.1;Moitié nord;G0.1.1;BOURGOGNE FRANCHE COMTE;G0.1.1.3;HAUTE SAONE;G0.1.1.3.5;;;;;;;;;;;;;;;;;;301;309;267;251;168;179;221;;;;;;;;;;;;;;;;;;;1,268746681;1,305676099;1,131269649;1,0666644;0,716109479;0,7629976;0,94202497
data.gouv.fr;https://www.data.gouv.fr/fr/datasets/bases-statistiques-communale-et-departementale-de-la-delinquance-enregistree-par-la-police-et-la-gendarmerie-nationales/;;Vols de véhicules;V0;;;;;;;;;;;;;;;;;;;;;;France;G0;Métropole;G0.1;Moitié nord;G0.1.1;BOURGOGNE FRANCHE COMTE;G0.1.1.3;SAONE ET LOIRE;G0.1.1.3.6;;;;;;;;;;;;;;;;;;812;875;908;681;660;633;663;;;;;;;;;;;;;;;;;;;1,463002434;1,580577859;1,644376432;1,234829817;1,197685201;1,148688988;1,203129225
data.gouv.fr;https://www.data.gouv.fr/fr/datasets/bases-statistiques-communale-et-departementale-de-la-delinquance-enregistree-par-la-police-et-la-gendarmerie-nationales/;;Vols de véhicules;V0;;;;;;;;;;;;;;;;;;;;;;France;G0;Métropole;G0.1;Moitié nord;G0.1.1;BOURGOGNE FRANCHE COMTE;G0.1.1.3;YONNE;G0.1.1.3.7;;;;;;;;;;;;;;;;;;854;823;728;623;604;665;776;;;;;;;;;;;;;;;;;;;2,507752302;2,432816717;2,157011472;1,855784955;1,807538994;1,990088462;2,322268641
data.gouv.fr;https://www.data.gouv.fr/fr/datasets/bases-statistiques-communale-et-departementale-de-la-delinquance-enregistree-par-la-police-et-la-gendarmerie-nationales/;;Vols de véhicules;V0;;;;;;;;;;;;;;;;;;;;;;France;G0;Métropole;G0.1;Moitié nord;G0.1.1;BOURGOGNE FRANCHE COMTE;G0.1.1.3;TERRITOIRE DE BELFORT;G0.1.1.3.8;;;;;;;;;;;;;;;;;;189;124;101;121;92;88;78;;;;;;;;;;;;;;;;;;;1,311689303;0,869431084;0,7120097;0,856224968;0,656580074;0,628033114;0,556665715
;;;;;;;;;;;;;;;;;;;;;;;;;;;;;;;;;;;;;;;;;;;;;;;;;;;;;;;;;;;;;;;;;;;;;;;;;;;;;;;;;;;;
data.gouv.fr;https://www.data.gouv.fr/fr/datasets/bases-statistiques-communale-et-departementale-de-la-delinquance-enregistree-par-la-police-et-la-gendarmerie-nationales/;;Vols de véhicules;V0;;;;;;;;;;;;;;;;;;;;;;France;G0;Métropole;G0.1;Moitié nord;G0.1.1;NORMANDIE;G0.1.1.4;CALVADOS;G0.1.1.4.1;;;;;;;;;;;;;;;;;;786;844;829;767;627;625;660;;;;;;;;;;;;;;;;;;;1,133088936;1,216134824;1,194428115;1,103747994;0,898864163;0,895996972;0,946172803
data.gouv.fr;https://www.data.gouv.fr/fr/datasets/bases-statistiques-communale-et-departementale-de-la-delinquance-enregistree-par-la-police-et-la-gendarmerie-nationales/;;Vols de véhicules;V0;;;;;;;;;;;;;;;;;;;;;;France;G0;Métropole;G0.1;Moitié nord;G0.1.1;NORMANDIE;G0.1.1.4;EURE;G0.1.1.4.2;;;;;;;;;;;;;;;;;;1329;1138;1146;971;973;1001;996;;;;;;;;;;;;;;;;;;;2,204619915;1,890858579;1,910120974;1,619664157;1,622564486;1,669256989;1,660919042
data.gouv.fr;https://www.data.gouv.fr/fr/datasets/bases-statistiques-communale-et-departementale-de-la-delinquance-enregistree-par-la-police-et-la-gendarmerie-nationales/;;Vols de véhicules;V0;;;;;;;;;;;;;;;;;;;;;;France;G0;Métropole;G0.1;Moitié nord;G0.1.1;NORMANDIE;G0.1.1.4;MANCHE;G0.1.1.4.3;;;;;;;;;;;;;;;;;;421;411;360;366;248;247;408;;;;;;;;;;;;;;;;;;;0,844767458;0,827156494;0,725831329;0,739326728;0,50091599;0,498896167;0,824087596
data.gouv.fr;https://www.data.gouv.fr/fr/datasets/bases-statistiques-communale-et-departementale-de-la-delinquance-enregistree-par-la-police-et-la-gendarmerie-nationales/;;Vols de véhicules;V0;;;;;;;;;;;;;;;;;;;;;;France;G0;Métropole;G0.1;Moitié nord;G0.1.1;NORMANDIE;G0.1.1.4;ORNE;G0.1.1.4.4;;;;;;;;;;;;;;;;;;344;389;291;251;256;310;273;;;;;;;;;;;;;;;;;;;1,205714526;1,372753836;1,03340637;0,896614299;0,919292576;1,113205853;0,980339348
data.gouv.fr;https://www.data.gouv.fr/fr/datasets/bases-statistiques-communale-et-departementale-de-la-delinquance-enregistree-par-la-police-et-la-gendarmerie-nationales/;;Vols de véhicules;V0;;;;;;;;;;;;;;;;;;;;;;France;G0;Métropole;G0.1;Moitié nord;G0.1.1;NORMANDIE;G0.1.1.4;SEINE MARITIME;G0.1.1.4.5;;;;;;;;;;;;;;;;;;2539;2549;2349;2076;1967;1831;2204;;;;;;;;;;;;;;;;;;;2,021891213;2,032082833;1,870397163;1,653349347;1,5676567;1,459267625;1,756540603
;;;;;;;;;;;;;;;;;;;;;;;;;;;;;;;;;;;;;;;;;;;;;;;;;;;;;;;;;;;;;;;;;;;;;;;;;;;;;;;;;;;;
data.gouv.fr;https://www.data.gouv.fr/fr/datasets/bases-statistiques-communale-et-departementale-de-la-delinquance-enregistree-par-la-police-et-la-gendarmerie-nationales/;;Vols de véhicules;V0;;;;;;;;;;;;;;;;;;;;;;France;G0;Métropole;G0.1;Moitié nord;G0.1.1;HAUTS DE FRANCE;G0.1.1.5;AISNE;G0.1.1.5.1;;;;;;;;;;;;;;;;;;1091;1018;1048;1033;860;831;1009;;;;;;;;;;;;;;;;;;;2,034931435;1,904619357;1,965063865;1,944122933;1,62456033;1,569778644;1,906024852
data.gouv.fr;https://www.data.gouv.fr/fr/datasets/bases-statistiques-communale-et-departementale-de-la-delinquance-enregistree-par-la-police-et-la-gendarmerie-nationales/;;Vols de véhicules;V0;;;;;;;;;;;;;;;;;;;;;;France;G0;Métropole;G0.1;Moitié nord;G0.1.1;HAUTS DE FRANCE;G0.1.1.5;NORD;G0.1.1.5.2;;;;;;;;;;;;;;;;;;8662;8024;7675;7190;6518;6098;6219;;;;;;;;;;;;;;;;;;;3,326774776;3,080986084;2,944862203;2,756536134;2,499476559;2,338417929;2,384818153
data.gouv.fr;https://www.data.gouv.fr/fr/datasets/bases-statistiques-communale-et-departementale-de-la-delinquance-enregistree-par-la-police-et-la-gendarmerie-nationales/;;Vols de véhicules;V0;;;;;;;;;;;;;;;;;;;;;;France;G0;Métropole;G0.1;Moitié nord;G0.1.1;HAUTS DE FRANCE;G0.1.1.5;OISE;G0.1.1.5.3;;;;;;;;;;;;;;;;;;3635;3351;3047;2352;2197;2317;2255;;;;;;;;;;;;;;;;;;;4,413861102;4,064266595;3,683719941;2,835719944;2,647948232;2,792578996;2,717853101
data.gouv.fr;https://www.data.gouv.fr/fr/datasets/bases-statistiques-communale-et-departementale-de-la-delinquance-enregistree-par-la-police-et-la-gendarmerie-nationales/;;Vols de véhicules;V0;;;;;;;;;;;;;;;;;;;;;;France;G0;Métropole;G0.1;Moitié nord;G0.1.1;HAUTS DE FRANCE;G0.1.1.5;PAS DE CALAIS;G0.1.1.5.4;;;;;;;;;;;;;;;;;;2597;2390;2251;2131;1846;1596;1762;;;;;;;;;;;;;;;;;;;1,765795781;1,628045433;1,534692853;1,454331533;1,262509686;1,091530584;1,205060708
data.gouv.fr;https://www.data.gouv.fr/fr/datasets/bases-statistiques-communale-et-departementale-de-la-delinquance-enregistree-par-la-police-et-la-gendarmerie-nationales/;;Vols de véhicules;V0;;;;;;;;;;;;;;;;;;;;;;France;G0;Métropole;G0.1;Moitié nord;G0.1.1;HAUTS DE FRANCE;G0.1.1.5;SOMME;G0.1.1.5.5;;;;;;;;;;;;;;;;;;1286;1269;1188;930;901;954;974;;;;;;;;;;;;;;;;;;;2,245331247;2,2168146;2,081792725;1,629980423;1,584181395;1,677368536;1,712533495
;;;;;;;;;;;;;;;;;;;;;;;;;;;;;;;;;;;;;;;;;;;;;;;;;;;;;;;;;;;;;;;;;;;;;;;;;;;;;;;;;;;;
data.gouv.fr;https://www.data.gouv.fr/fr/datasets/bases-statistiques-communale-et-departementale-de-la-delinquance-enregistree-par-la-police-et-la-gendarmerie-nationales/;;Vols de véhicules;V0;;;;;;;;;;;;;;;;;;;;;;France;G0;Métropole;G0.1;Moitié nord;G0.1.1;GRAND EST;G0.1.1.6;ARDENNES;G0.1.1.6.1;;;;;;;;;;;;;;;;;;417;327;340;353;283;327;386;;;;;;;;;;;;;;;;;;;1,51432068;1,195267181;1,250712722;1,30459528;1,049310162;1,212453791;1,431214567
data.gouv.fr;https://www.data.gouv.fr/fr/datasets/bases-statistiques-communale-et-departementale-de-la-delinquance-enregistree-par-la-police-et-la-gendarmerie-nationales/;;Vols de véhicules;V0;;;;;;;;;;;;;;;;;;;;;;France;G0;Métropole;G0.1;Moitié nord;G0.1.1;GRAND EST;G0.1.1.6;AUBE;G0.1.1.6.2;;;;;;;;;;;;;;;;;;567;454;470;440;416;388;394;;;;;;;;;;;;;;;;;;;1,835486064;1,46442165;1,516031224;1,418247691;1,335752244;1,245845843;1,2651115
data.gouv.fr;https://www.data.gouv.fr/fr/datasets/bases-statistiques-communale-et-departementale-de-la-delinquance-enregistree-par-la-police-et-la-gendarmerie-nationales/;;Vols de véhicules;V0;;;;;;;;;;;;;;;;;;;;;;France;G0;Métropole;G0.1;Moitié nord;G0.1.1;GRAND EST;G0.1.1.6;MARNE;G0.1.1.6.3;;;;;;;;;;;;;;;;;;1524;1390;1233;1190;973;916;1150;;;;;;;;;;;;;;;;;;;2,669548752;2,443333128;2,172832718;2,099302291;1,717082055;1,616492458;2,029439222
data.gouv.fr;https://www.data.gouv.fr/fr/datasets/bases-statistiques-communale-et-departementale-de-la-delinquance-enregistree-par-la-police-et-la-gendarmerie-nationales/;;Vols de véhicules;V0;;;;;;;;;;;;;;;;;;;;;;France;G0;Métropole;G0.1;Moitié nord;G0.1.1;GRAND EST;G0.1.1.6;HAUTE MARNE;G0.1.1.6.4;;;;;;;;;;;;;;;;;;260;237;241;220;205;185;213;;;;;;;;;;;;;;;;;;;1,459985176;1,349350945;1,384508442;1,275273604;1,193261854;1,076846063;1,23982817
data.gouv.fr;https://www.data.gouv.fr/fr/datasets/bases-statistiques-communale-et-departementale-de-la-delinquance-enregistree-par-la-police-et-la-gendarmerie-nationales/;;Vols de véhicules;V0;;;;;;;;;;;;;;;;;;;;;;France;G0;Métropole;G0.1;Moitié nord;G0.1.1;GRAND EST;G0.1.1.6;MEURTHE ET MOSELLE;G0.1.1.6.5;;;;;;;;;;;;;;;;;;1175;998;870;793;668;694;816;;;;;;;;;;;;;;;;;;;1,601207924;1,360635108;1,1861442;1,080734845;0,911833358;0,947323878;1,113856318
data.gouv.fr;https://www.data.gouv.fr/fr/datasets/bases-statistiques-communale-et-departementale-de-la-delinquance-enregistree-par-la-police-et-la-gendarmerie-nationales/;;Vols de véhicules;V0;;;;;;;;;;;;;;;;;;;;;;France;G0;Métropole;G0.1;Moitié nord;G0.1.1;GRAND EST;G0.1.1.6;MEUSE;G0.1.1.6.6;;;;;;;;;;;;;;;;;;270;257;254;283;216;274;289;;;;;;;;;;;;;;;;;;;1,428155828;1,372958592;1,370343395;1,53735;1,180321419;1,497259578;1,579226343
data.gouv.fr;https://www.data.gouv.fr/fr/datasets/bases-statistiques-communale-et-departementale-de-la-delinquance-enregistree-par-la-police-et-la-gendarmerie-nationales/;;Vols de véhicules;V0;;;;;;;;;;;;;;;;;;;;;;France;G0;Métropole;G0.1;Moitié nord;G0.1.1;GRAND EST;G0.1.1.6;MOSELLE;G0.1.1.6.7;;;;;;;;;;;;;;;;;;1358;1167;1053;1114;997;955;996;;;;;;;;;;;;;;;;;;;1,299184613;1,118328123;1,009080769;1,064456979;0,950288566;0,910256349;0,949335418
data.gouv.fr;https://www.data.gouv.fr/fr/datasets/bases-statistiques-communale-et-departementale-de-la-delinquance-enregistree-par-la-police-et-la-gendarmerie-nationales/;;Vols de véhicules;V0;;;;;;;;;;;;;;;;;;;;;;France;G0;Métropole;G0.1;Moitié nord;G0.1.1;GRAND EST;G0.1.1.6;BAS RHIN;G0.1.1.6.8;;;;;;;;;;;;;;;;;;900;924;857;788;832;801;784;;;;;;;;;;;;;;;;;;;0,802563209;0,820925425;0,756030601;0,69119351;0,724692594;0,697690826;0,682883405
data.gouv.fr;https://www.data.gouv.fr/fr/datasets/bases-statistiques-communale-et-departementale-de-la-delinquance-enregistree-par-la-police-et-la-gendarmerie-nationales/;;Vols de véhicules;V0;;;;;;;;;;;;;;;;;;;;;;France;G0;Métropole;G0.1;Moitié nord;G0.1.1;GRAND EST;G0.1.1.6;HAUT RHIN;G0.1.1.6.9;;;;;;;;;;;;;;;;;;759;799;684;673;480;476;509;;;;;;;;;;;;;;;;;;;0,995092711;1,045770454;0,894139854;0,877346217;0,625128607;0,619919202;0,662896794
data.gouv.fr;https://www.data.gouv.fr/fr/datasets/bases-statistiques-communale-et-departementale-de-la-delinquance-enregistree-par-la-police-et-la-gendarmerie-nationales/;;Vols de véhicules;V0;;;;;;;;;;;;;;;;;;;;;;France;G0;Métropole;G0.1;Moitié nord;G0.1.1;GRAND EST;G0.1.1.6;VOSGES;G0.1.1.6.10;;;;;;;;;;;;;;;;;;463;490;422;395;362;346;447;;;;;;;;;;;;;;;;;;;1,25256668;1,332705964;1,15265274;1,083679242;0,998904516;0,95475404;1,233453919
;;;;;;;;;;;;;;;;;;;;;;;;;;;;;;;;;;;;;;;;;;;;;;;;;;;;;;;;;;;;;;;;;;;;;;;;;;;;;;;;;;;;
data.gouv.fr;https://www.data.gouv.fr/fr/datasets/bases-statistiques-communale-et-departementale-de-la-delinquance-enregistree-par-la-police-et-la-gendarmerie-nationales/;;Vols de véhicules;V0;;;;;;;;;;;;;;;;;;;;;;France;G0;Métropole;G0.1;Moitié nord;G0.1.1;PAYS DE LA LOIRE;G0.1.1.7;LOIRE ATLANTIQUE;G0.1.1.7.1;;;;;;;;;;;;;;;;;;4196;4226;3804;4329;3737;4094;4483;;;;;;;;;;;;;;;;;;;3,038703641;3,02958831;2,693093532;3,028814669;2,585853162;2,832882752;3,102055051
data.gouv.fr;https://www.data.gouv.fr/fr/datasets/bases-statistiques-communale-et-departementale-de-la-delinquance-enregistree-par-la-police-et-la-gendarmerie-nationales/;;Vols de véhicules;V0;;;;;;;;;;;;;;;;;;;;;;France;G0;Métropole;G0.1;Moitié nord;G0.1.1;PAYS DE LA LOIRE;G0.1.1.7;MAINE ET LOIRE;G0.1.1.7.2;;;;;;;;;;;;;;;;;;1270;1249;1018;1137;1058;1089;1371;;;;;;;;;;;;;;;;;;;1,566095391;1,53535433;1,247727922;1,389511813;1,289122994;1,326895029;1,670498701
data.gouv.fr;https://www.data.gouv.fr/fr/datasets/bases-statistiques-communale-et-departementale-de-la-delinquance-enregistree-par-la-police-et-la-gendarmerie-nationales/;;Vols de véhicules;V0;;;;;;;;;;;;;;;;;;;;;;France;G0;Métropole;G0.1;Moitié nord;G0.1.1;PAYS DE LA LOIRE;G0.1.1.7;MAYENNE;G0.1.1.7.3;;;;;;;;;;;;;;;;;;234;229;210;187;216;230;231;;;;;;;;;;;;;;;;;;;0,760510647;0,744848672;0,683851975;0,608997531;0,70464347;0,750314806;0,753577044
data.gouv.fr;https://www.data.gouv.fr/fr/datasets/bases-statistiques-communale-et-departementale-de-la-delinquance-enregistree-par-la-police-et-la-gendarmerie-nationales/;;Vols de véhicules;V0;;;;;;;;;;;;;;;;;;;;;;France;G0;Métropole;G0.1;Moitié nord;G0.1.1;PAYS DE LA LOIRE;G0.1.1.7;SARTHE;G0.1.1.7.4;;;;;;;;;;;;;;;;;;981;767;742;861;682;661;705;;;;;;;;;;;;;;;;;;;1,728448572;1,353913286;1,311039768;1,520094913;1,202836719;1,165799225;1,243401594
data.gouv.fr;https://www.data.gouv.fr/fr/datasets/bases-statistiques-communale-et-departementale-de-la-delinquance-enregistree-par-la-police-et-la-gendarmerie-nationales/;;Vols de véhicules;V0;;;;;;;;;;;;;;;;;;;;;;France;G0;Métropole;G0.1;Moitié nord;G0.1.1;PAYS DE LA LOIRE;G0.1.1.7;VENDEE;G0.1.1.7.5;;;;;;;;;;;;;;;;;;869;866;691;719;614;723;786;;;;;;;;;;;;;;;;;;;1,295860256;1,282493665;1,01618992;1,04895819;0,886380205;1,043734346;1,134682152
;;;;;;;;;;;;;;;;;;;;;;;;;;;;;;;;;;;;;;;;;;;;;;;;;;;;;;;;;;;;;;;;;;;;;;;;;;;;;;;;;;;;
data.gouv.fr;https://www.data.gouv.fr/fr/datasets/bases-statistiques-communale-et-departementale-de-la-delinquance-enregistree-par-la-police-et-la-gendarmerie-nationales/;;Vols de véhicules;V0;;;;;;;;;;;;;;;;;;;;;;France;G0;Métropole;G0.1;Moitié nord;G0.1.1;BRETAGNE;G0.1.1.8;COTES D ARMOR;G0.1.1.8.1;;;;;;;;;;;;;;;;;;618;641;581;522;429;393;426;;;;;;;;;;;;;;;;;;;1,031800492;1,070449255;0,969005177;0,869156918;0,71068849;0,651050295;0,70571864
data.gouv.fr;https://www.data.gouv.fr/fr/datasets/bases-statistiques-communale-et-departementale-de-la-delinquance-enregistree-par-la-police-et-la-gendarmerie-nationales/;;Vols de véhicules;V0;;;;;;;;;;;;;;;;;;;;;;France;G0;Métropole;G0.1;Moitié nord;G0.1.1;BRETAGNE;G0.1.1.8;FINISTERE;G0.1.1.8.2;;;;;;;;;;;;;;;;;;951;1072;956;866;730;785;1132;;;;;;;;;;;;;;;;;;;1,047069691;1,179281606;1,048550291;0,946355003;0,79591879;0,855885274;1,234219275
data.gouv.fr;https://www.data.gouv.fr/fr/datasets/bases-statistiques-communale-et-departementale-de-la-delinquance-enregistree-par-la-police-et-la-gendarmerie-nationales/;;Vols de véhicules;V0;;;;;;;;;;;;;;;;;;;;;;France;G0;Métropole;G0.1;Moitié nord;G0.1.1;BRETAGNE;G0.1.1.8;ILLE ET VILAINE;G0.1.1.8.3;;;;;;;;;;;;;;;;;;1174;1332;1214;1239;1087;1136;1562;;;;;;;;;;;;;;;;;;;1,116204069;1,256367908;1,135398624;1,147755716;0,998296376;1,043297776;1,434534442
data.gouv.fr;https://www.data.gouv.fr/fr/datasets/bases-statistiques-communale-et-departementale-de-la-delinquance-enregistree-par-la-police-et-la-gendarmerie-nationales/;;Vols de véhicules;V0;;;;;;;;;;;;;;;;;;;;;;France;G0;Métropole;G0.1;Moitié nord;G0.1.1;BRETAGNE;G0.1.1.8;MORBIHAN;G0.1.1.8.4;;;;;;;;;;;;;;;;;;913;847;701;770;635;668;734;;;;;;;;;;;;;;;;;;;1,221326256;1,128035341;0,92864041;1,01357933;0,830976718;0,874161335;0,960530569
;;;;;;;;;;;;;;;;;;;;;;;;;;;;;;;;;;;;;;;;;;;;;;;;;;;;;;;;;;;;;;;;;;;;;;;;;;;;;;;;;;;;
data.gouv.fr;https://www.data.gouv.fr/fr/datasets/bases-statistiques-communale-et-departementale-de-la-delinquance-enregistree-par-la-police-et-la-gendarmerie-nationales/;;Vols de véhicules;V0;;;;;;;;;;;;;;;;;;;;;;France;G0;Métropole;G0.1;Moitié sud;G0.1.2;NOUVELLE AQUITAINE;G0.1.2.1;;;;;;;;;;;;;;;;;;;;9820;9572;9237;9433;8436;8036;9186;;;;;;;;;;;;;;;;;;;1,654423316;1,606855019;1,544706175;1,569475278;1,398088682;1,331797137;1,522385329
data.gouv.fr;https://www.data.gouv.fr/fr/datasets/bases-statistiques-communale-et-departementale-de-la-delinquance-enregistree-par-la-police-et-la-gendarmerie-nationales/;;Vols de véhicules;V0;;;;;;;;;;;;;;;;;;;;;;France;G0;Métropole;G0.1;Moitié sud;G0.1.2;OCCITANIE;G0.1.2.2;;;;;;;;;;;;;;;;;;;;12569;12425;11415;12053;9775;9031;10084;;;;;;;;;;;;;;;;;;;2,163921951;2,125711408;1,939513679;2,031455281;1,636265605;1,511725287;1,687990011
data.gouv.fr;https://www.data.gouv.fr/fr/datasets/bases-statistiques-communale-et-departementale-de-la-delinquance-enregistree-par-la-police-et-la-gendarmerie-nationales/;;Vols de véhicules;V0;;;;;;;;;;;;;;;;;;;;;;France;G0;Métropole;G0.1;Moitié sud;G0.1.2;AUVERGNE RHONE ALPES;G0.1.2.3;;;;;;;;;;;;;;;;;;;;19709;18424;16759;16660;13928;14448;16084;;;;;;;;;;;;;;;;;;;2,489487979;2,317983737;2,096326968;2,071382888;1,724050002;1,788417177;1,990926209
data.gouv.fr;https://www.data.gouv.fr/fr/datasets/bases-statistiques-communale-et-departementale-de-la-delinquance-enregistree-par-la-police-et-la-gendarmerie-nationales/;;Vols de véhicules;V0;;;;;;;;;;;;;;;;;;;;;;France;G0;Métropole;G0.1;Moitié sud;G0.1.2;PROVENCE ALPES COTE D AZUR;G0.1.2.4;;;;;;;;;;;;;;;;;;;;20999;18608;17170;17396;15243;15639;17476;;;;;;;;;;;;;;;;;;;4,181461781;3,698749128;3,398094376;3,42366743;2,989605516;3,067272891;3,42756321
data.gouv.fr;https://www.data.gouv.fr/fr/datasets/bases-statistiques-communale-et-departementale-de-la-delinquance-enregistree-par-la-police-et-la-gendarmerie-nationales/;;Vols de véhicules;V0;;;;;;;;;;;;;;;;;;;;;;France;G0;Métropole;G0.1;Moitié sud;G0.1.2;CORSE;G0.1.2.5;;;;;;;;;;;;;;;;;;;;771;770;671;700;536;520;527;;;;;;;;;;;;;;;;;;;2,333146722;2,298932937;1,981958565;2,056162613;1,559495026;1,512942936;1,533309475
;;;;;;;;;;;;;;;;;;;;;;;;;;;;;;;;;;;;;;;;;;;;;;;;;;;;;;;;;;;;;;;;;;;;;;;;;;;;;;;;;;;;
data.gouv.fr;https://www.data.gouv.fr/fr/datasets/bases-statistiques-communale-et-departementale-de-la-delinquance-enregistree-par-la-police-et-la-gendarmerie-nationales/;;Vols de véhicules;V0;;;;;;;;;;;;;;;;;;;;;;France;G0;Métropole;G0.1;Moitié sud;G0.1.2;NOUVELLE AQUITAINE;G0.1.2.1;CHARENTE;G0.1.2.1.1;;;;;;;;;;;;;;;;;;559;467;463;416;384;422;472;;;;;;;;;;;;;;;;;;;1,582278481;1,325443115;1,316170994;1,181767822;1,091783759;1,19982486;1,341984203
data.gouv.fr;https://www.data.gouv.fr/fr/datasets/bases-statistiques-communale-et-departementale-de-la-delinquance-enregistree-par-la-police-et-la-gendarmerie-nationales/;;Vols de véhicules;V0;;;;;;;;;;;;;;;;;;;;;;France;G0;Métropole;G0.1;Moitié sud;G0.1.2;NOUVELLE AQUITAINE;G0.1.2.1;CHARENTE MARITIME;G0.1.2.1.2;;;;;;;;;;;;;;;;;;1397;1334;1420;1264;1120;1123;1375;;;;;;;;;;;;;;;;;;;2,175365273;2,070454429;2,19497567;1,940561105;1,708074771;1,712649971;2,096966795
data.gouv.fr;https://www.data.gouv.fr/fr/datasets/bases-statistiques-communale-et-departementale-de-la-delinquance-enregistree-par-la-police-et-la-gendarmerie-nationales/;;Vols de véhicules;V0;;;;;;;;;;;;;;;;;;;;;;France;G0;Métropole;G0.1;Moitié sud;G0.1.2;NOUVELLE AQUITAINE;G0.1.2.1;CORREZE;G0.1.2.1.3;;;;;;;;;;;;;;;;;;230;211;183;150;146;116;154;;;;;;;;;;;;;;;;;;;0,952242946;0,873836265;0,760652249;0,624809954;0,610393411;0,484970107;0,643839625
data.gouv.fr;https://www.data.gouv.fr/fr/datasets/bases-statistiques-communale-et-departementale-de-la-delinquance-enregistree-par-la-police-et-la-gendarmerie-nationales/;;Vols de véhicules;V0;;;;;;;;;;;;;;;;;;;;;;France;G0;Métropole;G0.1;Moitié sud;G0.1.2;NOUVELLE AQUITAINE;G0.1.2.1;CREUSE;G0.1.2.1.4;;;;;;;;;;;;;;;;;;69;80;92;65;56;41;70;;;;;;;;;;;;;;;;;;;0,577396194;0,674320201;0,782958733;0,557380142;0,48277943;0,353463511;0,603474288
data.gouv.fr;https://www.data.gouv.fr/fr/datasets/bases-statistiques-communale-et-departementale-de-la-delinquance-enregistree-par-la-police-et-la-gendarmerie-nationales/;;Vols de véhicules;V0;;;;;;;;;;;;;;;;;;;;;;France;G0;Métropole;G0.1;Moitié sud;G0.1.2;NOUVELLE AQUITAINE;G0.1.2.1;DORDOGNE;G0.1.2.1.5;;;;;;;;;;;;;;;;;;494;454;366;405;333;368;391;;;;;;;;;;;;;;;;;;;1,190966974;1,097662993;0,885302527;0,980100333;0,806672367;0,891457751;0,947173861
data.gouv.fr;https://www.data.gouv.fr/fr/datasets/bases-statistiques-communale-et-departementale-de-la-delinquance-enregistree-par-la-police-et-la-gendarmerie-nationales/;;Vols de véhicules;V0;;;;;;;;;;;;;;;;;;;;;;France;G0;Métropole;G0.1;Moitié sud;G0.1.2;NOUVELLE AQUITAINE;G0.1.2.1;GIRONDE;G0.1.2.1.6;;;;;;;;;;;;;;;;;;3531;3562;3501;3880;3697;3322;3569;;;;;;;;;;;;;;;;;;;2,253812044;2,249612223;2,185604725;2,38953188;2,259239998;2,030077164;2,181019084
data.gouv.fr;https://www.data.gouv.fr/fr/datasets/bases-statistiques-communale-et-departementale-de-la-delinquance-enregistree-par-la-police-et-la-gendarmerie-nationales/;;Vols de véhicules;V0;;;;;;;;;;;;;;;;;;;;;;France;G0;Métropole;G0.1;Moitié sud;G0.1.2;NOUVELLE AQUITAINE;G0.1.2.1;LANDES;G0.1.2.1.7;;;;;;;;;;;;;;;;;;505;452;481;413;380;369;441;;;;;;;;;;;;;;;;;;;1,246882793;1,109354905;1,172155816;0,998332084;0,908825654;0,882517543;1,054716088
data.gouv.fr;https://www.data.gouv.fr/fr/datasets/bases-statistiques-communale-et-departementale-de-la-delinquance-enregistree-par-la-police-et-la-gendarmerie-nationales/;;Vols de véhicules;V0;;;;;;;;;;;;;;;;;;;;;;France;G0;Métropole;G0.1;Moitié sud;G0.1.2;NOUVELLE AQUITAINE;G0.1.2.1;LOT ET GARONNE;G0.1.2.1.8;;;;;;;;;;;;;;;;;;440;450;530;439;322;345;338;;;;;;;;;;;;;;;;;;;1,321984298;1,351992837;1,596529807;1,325199006;0,973268368;1,042787537;1,021629529
data.gouv.fr;https://www.data.gouv.fr/fr/datasets/bases-statistiques-communale-et-departementale-de-la-delinquance-enregistree-par-la-police-et-la-gendarmerie-nationales/;;Vols de véhicules;V0;;;;;;;;;;;;;;;;;;;;;;France;G0;Métropole;G0.1;Moitié sud;G0.1.2;NOUVELLE AQUITAINE;G0.1.2.1;PYRENEES ATLANTIQUES;G0.1.2.1.9;;;;;;;;;;;;;;;;;;1131;1101;972;1118;842;761;1007;;;;;;;;;;;;;;;;;;;1,678076399;1,625550524;1,429811271;1,637804873;1,225190618;1,107327862;1,465281416
data.gouv.fr;https://www.data.gouv.fr/fr/datasets/bases-statistiques-communale-et-departementale-de-la-delinquance-enregistree-par-la-police-et-la-gendarmerie-nationales/;;Vols de véhicules;V0;;;;;;;;;;;;;;;;;;;;;;France;G0;Métropole;G0.1;Moitié sud;G0.1.2;NOUVELLE AQUITAINE;G0.1.2.1;DEUX SEVRES;G0.1.2.1.10;;;;;;;;;;;;;;;;;;471;542;456;452;395;386;476;;;;;;;;;;;;;;;;;;;1,256861369;1,44783906;1,216652126;1,205725596;1,054793167;1,030759905;1,271092525
data.gouv.fr;https://www.data.gouv.fr/fr/datasets/bases-statistiques-communale-et-departementale-de-la-delinquance-enregistree-par-la-police-et-la-gendarmerie-nationales/;;Vols de véhicules;V0;;;;;;;;;;;;;;;;;;;;;;France;G0;Métropole;G0.1;Moitié sud;G0.1.2;NOUVELLE AQUITAINE;G0.1.2.1;VIENNE;G0.1.2.1.11;;;;;;;;;;;;;;;;;;561;475;478;486;432;474;598;;;;;;;;;;;;;;;;;;;1,286493651;1,087265036;1,092356702;1,108488145;0,983311027;1,07891071;1,361157393
data.gouv.fr;https://www.data.gouv.fr/fr/datasets/bases-statistiques-communale-et-departementale-de-la-delinquance-enregistree-par-la-police-et-la-gendarmerie-nationales/;;Vols de véhicules;V0;;;;;;;;;;;;;;;;;;;;;;France;G0;Métropole;G0.1;Moitié sud;G0.1.2;NOUVELLE AQUITAINE;G0.1.2.1;HAUTE VIENNE;G0.1.2.1.12;;;;;;;;;;;;;;;;;;432;444;295;345;329;309;295;;;;;;;;;;;;;;;;;;;1,152067588;1,185815088;0,790462997;0,926525208;0,884116273;0,830370603;0,792748634
;;;;;;;;;;;;;;;;;;;;;;;;;;;;;;;;;;;;;;;;;;;;;;;;;;;;;;;;;;;;;;;;;;;;;;;;;;;;;;;;;;;;
data.gouv.fr;https://www.data.gouv.fr/fr/datasets/bases-statistiques-communale-et-departementale-de-la-delinquance-enregistree-par-la-police-et-la-gendarmerie-nationales/;;Vols de véhicules;V0;;;;;;;;;;;;;;;;;;;;;;France;G0;Métropole;G0.1;Moitié sud;G0.1.2;OCCITANIE;G0.1.2.2;ARIEGE;G0.1.2.2.1;;;;;;;;;;;;;;;;;;229;183;180;174;163;177;127;;;;;;;;;;;;;;;;;;;1,496076881;1,194883548;1,17596331;1,135125614;1,058757811;1,149694064;0,82492173
data.gouv.fr;https://www.data.gouv.fr/fr/datasets/bases-statistiques-communale-et-departementale-de-la-delinquance-enregistree-par-la-police-et-la-gendarmerie-nationales/;;Vols de véhicules;V0;;;;;;;;;;;;;;;;;;;;;;France;G0;Métropole;G0.1;Moitié sud;G0.1.2;OCCITANIE;G0.1.2.2;AUDE;G0.1.2.2.2;;;;;;;;;;;;;;;;;;770;737;642;736;617;613;702;;;;;;;;;;;;;;;;;;;2,092249168;1,990493167;1,722075288;1,967546181;1,644381784;1,633721287;1,870917362
data.gouv.fr;https://www.data.gouv.fr/fr/datasets/bases-statistiques-communale-et-departementale-de-la-delinquance-enregistree-par-la-police-et-la-gendarmerie-nationales/;;Vols de véhicules;V0;;;;;;;;;;;;;;;;;;;;;;France;G0;Métropole;G0.1;Moitié sud;G0.1.2;OCCITANIE;G0.1.2.2;AVEYRON;G0.1.2.2.3;;;;;;;;;;;;;;;;;;210;172;198;204;174;133;158;;;;;;;;;;;;;;;;;;;0,753506496;0,616032607;0,708981144;0,729626782;0,622419998;0,475757814;0,565185975
data.gouv.fr;https://www.data.gouv.fr/fr/datasets/bases-statistiques-communale-et-departementale-de-la-delinquance-enregistree-par-la-police-et-la-gendarmerie-nationales/;;Vols de véhicules;V0;;;;;;;;;;;;;;;;;;;;;;France;G0;Métropole;G0.1;Moitié sud;G0.1.2;OCCITANIE;G0.1.2.2;GARD;G0.1.2.2.4;;;;;;;;;;;;;;;;;;2158;2293;2008;2065;1596;1367;1478;;;;;;;;;;;;;;;;;;;2,908332278;3,081252066;2,693646054;2,759083263;2,123874021;1,819132698;1,966845741
data.gouv.fr;https://www.data.gouv.fr/fr/datasets/bases-statistiques-communale-et-departementale-de-la-delinquance-enregistree-par-la-police-et-la-gendarmerie-nationales/;;Vols de véhicules;V0;;;;;;;;;;;;;;;;;;;;;;France;G0;Métropole;G0.1;Moitié sud;G0.1.2;OCCITANIE;G0.1.2.2;HAUTE GARONNE;G0.1.2.2.5;;;;;;;;;;;;;;;;;;2813;2882;2616;2992;2377;2298;2630;;;;;;;;;;;;;;;;;;;2,086511994;2,114962368;1,894729523;2,137083324;1,678960443;1,623159907;1,857663427
data.gouv.fr;https://www.data.gouv.fr/fr/datasets/bases-statistiques-communale-et-departementale-de-la-delinquance-enregistree-par-la-police-et-la-gendarmerie-nationales/;;Vols de véhicules;V0;;;;;;;;;;;;;;;;;;;;;;France;G0;Métropole;G0.1;Moitié sud;G0.1.2;OCCITANIE;G0.1.2.2;GERS;G0.1.2.2.6;;;;;;;;;;;;;;;;;;166;171;164;156;136;128;160;;;;;;;;;;;;;;;;;;;0,870641547;0,89486161;0,857368402;0,815144976;0,709001715;0,667295732;0,834119665
data.gouv.fr;https://www.data.gouv.fr/fr/datasets/bases-statistiques-communale-et-departementale-de-la-delinquance-enregistree-par-la-police-et-la-gendarmerie-nationales/;;Vols de véhicules;V0;;;;;;;;;;;;;;;;;;;;;;France;G0;Métropole;G0.1;Moitié sud;G0.1.2;OCCITANIE;G0.1.2.2;HERAULT;G0.1.2.2.7;;;;;;;;;;;;;;;;;;3173;3150;2910;3161;2781;2509;2667;;;;;;;;;;;;;;;;;;;2,801813011;2,751351219;2,510308656;2,688787137;2,3389934;2,110224538;2,243112333
data.gouv.fr;https://www.data.gouv.fr/fr/datasets/bases-statistiques-communale-et-departementale-de-la-delinquance-enregistree-par-la-police-et-la-gendarmerie-nationales/;;Vols de véhicules;V0;;;;;;;;;;;;;;;;;;;;;;France;G0;Métropole;G0.1;Moitié sud;G0.1.2;OCCITANIE;G0.1.2.2;LOT;G0.1.2.2.8;;;;;;;;;;;;;;;;;;226;186;229;167;122;111;141;;;;;;;;;;;;;;;;;;;1,303743359;1,070023241;1,316629199;0,959251898;0,698459953;0,635484056;0,807236503
data.gouv.fr;https://www.data.gouv.fr/fr/datasets/bases-statistiques-communale-et-departementale-de-la-delinquance-enregistree-par-la-police-et-la-gendarmerie-nationales/;;Vols de véhicules;V0;;;;;;;;;;;;;;;;;;;;;;France;G0;Métropole;G0.1;Moitié sud;G0.1.2;OCCITANIE;G0.1.2.2;LOZERE;G0.1.2.2.9;;;;;;;;;;;;;;;;;;37;53;36;34;49;51;41;;;;;;;;;;;;;;;;;;;0,484153778;0,691896973;0,470465238;0,443841053;0,63941122;0,665509637;0,535017551
data.gouv.fr;https://www.data.gouv.fr/fr/datasets/bases-statistiques-communale-et-departementale-de-la-delinquance-enregistree-par-la-police-et-la-gendarmerie-nationales/;;Vols de véhicules;V0;;;;;;;;;;;;;;;;;;;;;;France;G0;Métropole;G0.1;Moitié sud;G0.1.2;OCCITANIE;G0.1.2.2;HAUTES PYRENEES;G0.1.2.2.10;;;;;;;;;;;;;;;;;;297;292;222;234;158;149;188;;;;;;;;;;;;;;;;;;;1,303609286;1,277731589;0,968624422;1,019310267;0,687590301;0,648423765;0,818145421
data.gouv.fr;https://www.data.gouv.fr/fr/datasets/bases-statistiques-communale-et-departementale-de-la-delinquance-enregistree-par-la-police-et-la-gendarmerie-nationales/;;Vols de véhicules;V0;;;;;;;;;;;;;;;;;;;;;;France;G0;Métropole;G0.1;Moitié sud;G0.1.2;OCCITANIE;G0.1.2.2;PYRENEES ORIENTALES;G0.1.2.2.11;;;;;;;;;;;;;;;;;;1336;1348;1387;1422;1008;909;1226;;;;;;;;;;;;;;;;;;;2,816372908;2,841172553;2,911681785;2,962629615;2,087972409;1,88290369;2,53953787
data.gouv.fr;https://www.data.gouv.fr/fr/datasets/bases-statistiques-communale-et-departementale-de-la-delinquance-enregistree-par-la-police-et-la-gendarmerie-nationales/;;Vols de véhicules;V0;;;;;;;;;;;;;;;;;;;;;;France;G0;Métropole;G0.1;Moitié sud;G0.1.2;OCCITANIE;G0.1.2.2;TARN;G0.1.2.2.12;;;;;;;;;;;;;;;;;;591;532;481;418;349;319;295;;;;;;;;;;;;;;;;;;;1,529313129;1,371522854;1,237789375;1,072223761;0,892432479;0,815719086;0,754348371
data.gouv.fr;https://www.data.gouv.fr/fr/datasets/bases-statistiques-communale-et-departementale-de-la-delinquance-enregistree-par-la-police-et-la-gendarmerie-nationales/;;Vols de véhicules;V0;;;;;;;;;;;;;;;;;;;;;;France;G0;Métropole;G0.1;Moitié sud;G0.1.2;OCCITANIE;G0.1.2.2;TARN ET GARONNE;G0.1.2.2.13;;;;;;;;;;;;;;;;;;563;426;342;290;245;267;271;;;;;;;;;;;;;;;;;;;2,1915398;1,648932258;1,319831432;1,112522011;0,933988014;1,017856326;1,03310511
;;;;;;;;;;;;;;;;;;;;;;;;;;;;;;;;;;;;;;;;;;;;;;;;;;;;;;;;;;;;;;;;;;;;;;;;;;;;;;;;;;;;
data.gouv.fr;https://www.data.gouv.fr/fr/datasets/bases-statistiques-communale-et-departementale-de-la-delinquance-enregistree-par-la-police-et-la-gendarmerie-nationales/;;Vols de véhicules;V0;;;;;;;;;;;;;;;;;;;;;;France;G0;Métropole;G0.1;Moitié sud;G0.1.2;AUVERGNE RHONE ALPES;G0.1.2.3;AIN;G0.1.2.3.1;;;;;;;;;;;;;;;;;;1283;1032;1254;1230;808;886;1060;;;;;;;;;;;;;;;;;;;2,009633081;1,604103521;1,936278824;1,885253942;1,228232318;1,3467993;1,611294873
data.gouv.fr;https://www.data.gouv.fr/fr/datasets/bases-statistiques-communale-et-departementale-de-la-delinquance-enregistree-par-la-police-et-la-gendarmerie-nationales/;;Vols de véhicules;V0;;;;;;;;;;;;;;;;;;;;;;France;G0;Métropole;G0.1;Moitié sud;G0.1.2;AUVERGNE RHONE ALPES;G0.1.2.3;ALLIER;G0.1.2.3.2;;;;;;;;;;;;;;;;;;534;414;370;389;298;275;279;;;;;;;;;;;;;;;;;;;1,573438936;1,224895558;1,097366025;1,157824243;0,887887781;0,819359529;0,831277486
data.gouv.fr;https://www.data.gouv.fr/fr/datasets/bases-statistiques-communale-et-departementale-de-la-delinquance-enregistree-par-la-police-et-la-gendarmerie-nationales/;;Vols de véhicules;V0;;;;;;;;;;;;;;;;;;;;;;France;G0;Métropole;G0.1;Moitié sud;G0.1.2;AUVERGNE RHONE ALPES;G0.1.2.3;ARDECHE;G0.1.2.3.3;;;;;;;;;;;;;;;;;;634;596;551;605;511;425;470;;;;;;;;;;;;;;;;;;;1,949827314;1,829837402;1,687048003;1,842950182;1,551658696;1,290518485;1,427161618
data.gouv.fr;https://www.data.gouv.fr/fr/datasets/bases-statistiques-communale-et-departementale-de-la-delinquance-enregistree-par-la-police-et-la-gendarmerie-nationales/;;Vols de véhicules;V0;;;;;;;;;;;;;;;;;;;;;;France;G0;Métropole;G0.1;Moitié sud;G0.1.2;AUVERGNE RHONE ALPES;G0.1.2.3;CANTAL;G0.1.2.3.4;;;;;;;;;;;;;;;;;;82;75;90;72;53;33;61;;;;;;;;;;;;;;;;;;;0,561763114;0,516731775;0,621697233;0,497608714;0,367089397;0,228565096;0,422499117
data.gouv.fr;https://www.data.gouv.fr/fr/datasets/bases-statistiques-communale-et-departementale-de-la-delinquance-enregistree-par-la-police-et-la-gendarmerie-nationales/;;Vols de véhicules;V0;;;;;;;;;;;;;;;;;;;;;;France;G0;Métropole;G0.1;Moitié sud;G0.1.2;AUVERGNE RHONE ALPES;G0.1.2.3;DROME;G0.1.2.3.5;;;;;;;;;;;;;;;;;;1783;1681;1360;1383;1233;1171;1196;;;;;;;;;;;;;;;;;;;3,509801065;3,28607202;2,642151644;2,676280377;2,381646832;2,261888435;2,310178112
data.gouv.fr;https://www.data.gouv.fr/fr/datasets/bases-statistiques-communale-et-departementale-de-la-delinquance-enregistree-par-la-police-et-la-gendarmerie-nationales/;;Vols de véhicules;V0;;;;;;;;;;;;;;;;;;;;;;France;G0;Métropole;G0.1;Moitié sud;G0.1.2;AUVERGNE RHONE ALPES;G0.1.2.3;ISERE;G0.1.2.3.6;;;;;;;;;;;;;;;;;;3294;3305;3198;2940;2476;2658;2774;;;;;;;;;;;;;;;;;;;2,629075306;2,625679062;2,530938307;2,31283719;1,938140747;2,080605051;2,171406475
data.gouv.fr;https://www.data.gouv.fr/fr/datasets/bases-statistiques-communale-et-departementale-de-la-delinquance-enregistree-par-la-police-et-la-gendarmerie-nationales/;;Vols de véhicules;V0;;;;;;;;;;;;;;;;;;;;;;France;G0;Métropole;G0.1;Moitié sud;G0.1.2;AUVERGNE RHONE ALPES;G0.1.2.3;LOIRE;G0.1.2.3.7;;;;;;;;;;;;;;;;;;1631;1671;1461;1635;1248;1115;1311;;;;;;;;;;;;;;;;;;;2,140428374;2,190208679;1,913703875;2,135485101;1,623925841;1,450863231;1,705902866
data.gouv.fr;https://www.data.gouv.fr/fr/datasets/bases-statistiques-communale-et-departementale-de-la-delinquance-enregistree-par-la-police-et-la-gendarmerie-nationales/;;Vols de véhicules;V0;;;;;;;;;;;;;;;;;;;;;;France;G0;Métropole;G0.1;Moitié sud;G0.1.2;AUVERGNE RHONE ALPES;G0.1.2.3;HAUTE LOIRE;G0.1.2.3.8;;;;;;;;;;;;;;;;;;194;170;229;201;142;143;182;;;;;;;;;;;;;;;;;;;0,853351163;0,747966192;1,006363381;0,883244716;0,624206006;0,628601823;0,800038683
data.gouv.fr;https://www.data.gouv.fr/fr/datasets/bases-statistiques-communale-et-departementale-de-la-delinquance-enregistree-par-la-police-et-la-gendarmerie-nationales/;;Vols de véhicules;V0;;;;;;;;;;;;;;;;;;;;;;France;G0;Métropole;G0.1;Moitié sud;G0.1.2;AUVERGNE RHONE ALPES;G0.1.2.3;PUY DE DOME;G0.1.2.3.9;;;;;;;;;;;;;;;;;;1822;1444;1282;1063;906;762;893;;;;;;;;;;;;;;;;;;;2,800061472;2,208822441;1,945230089;1,605371576;1,368886095;1,151314795;1,349244242
data.gouv.fr;https://www.data.gouv.fr/fr/datasets/bases-statistiques-communale-et-departementale-de-la-delinquance-enregistree-par-la-police-et-la-gendarmerie-nationales/;;Vols de véhicules;V0;;;;;;;;;;;;;;;;;;;;;;France;G0;Métropole;G0.1;Moitié sud;G0.1.2;AUVERGNE RHONE ALPES;G0.1.2.3;RHONE;G0.1.2.3.10;;;;;;;;;;;;;;;;;;6127;5806;5292;5411;4973;5625;6193;;;;;;;;;;;;;;;;;;;3,337322288;3,149753244;2,845889593;2,884717395;2,640385635;2,986561271;3,288137591
data.gouv.fr;https://www.data.gouv.fr/fr/datasets/bases-statistiques-communale-et-departementale-de-la-delinquance-enregistree-par-la-police-et-la-gendarmerie-nationales/;;Vols de véhicules;V0;;;;;;;;;;;;;;;;;;;;;;France;G0;Métropole;G0.1;Moitié sud;G0.1.2;AUVERGNE RHONE ALPES;G0.1.2.3;SAVOIE;G0.1.2.3.11;;;;;;;;;;;;;;;;;;830;716;508;522;433;432;463;;;;;;;;;;;;;;;;;;;1,931665584;1,660582503;1,171251764;1,196057136;0,98465037;0,98237635;1,052870949
data.gouv.fr;https://www.data.gouv.fr/fr/datasets/bases-statistiques-communale-et-departementale-de-la-delinquance-enregistree-par-la-police-et-la-gendarmerie-nationales/;;Vols de véhicules;V0;;;;;;;;;;;;;;;;;;;;;;France;G0;Métropole;G0.1;Moitié sud;G0.1.2;AUVERGNE RHONE ALPES;G0.1.2.3;HAUTE SAVOIE;G0.1.2.3.12;;;;;;;;;;;;;;;;;;1495;1514;1164;1209;847;923;1202;;;;;;;;;;;;;;;;;;;1,865448157;1,875247721;1,425249694;1,463513837;1,014121067;1,105116582;1,439165906
;;;;;;;;;;;;;;;;;;;;;;;;;;;;;;;;;;;;;;;;;;;;;;;;;;;;;;;;;;;;;;;;;;;;;;;;;;;;;;;;;;;;
data.gouv.fr;https://www.data.gouv.fr/fr/datasets/bases-statistiques-communale-et-departementale-de-la-delinquance-enregistree-par-la-police-et-la-gendarmerie-nationales/;;Vols de véhicules;V0;;;;;;;;;;;;;;;;;;;;;;France;G0;Métropole;G0.1;Moitié sud;G0.1.2;PROVENCE ALPES COTE D AZUR;G0.1.2.4;ALPES DE HAUTE PROVENCE;G0.1.2.4.1;;;;;;;;;;;;;;;;;;353;264;257;236;211;201;237;;;;;;;;;;;;;;;;;;;2,171439117;1,610590855;1,566423678;1,436326898;1,275302053;1,214861198;1,432448278
data.gouv.fr;https://www.data.gouv.fr/fr/datasets/bases-statistiques-communale-et-departementale-de-la-delinquance-enregistree-par-la-police-et-la-gendarmerie-nationales/;;Vols de véhicules;V0;;;;;;;;;;;;;;;;;;;;;;France;G0;Métropole;G0.1;Moitié sud;G0.1.2;PROVENCE ALPES COTE D AZUR;G0.1.2.4;HAUTES ALPES;G0.1.2.4.2;;;;;;;;;;;;;;;;;;236;181;126;160;113;83;124;;;;;;;;;;;;;;;;;;;1,672489671;1,281107556;0,895535118;1,132983997;0,803669855;0,590306177;0,881903204
data.gouv.fr;https://www.data.gouv.fr/fr/datasets/bases-statistiques-communale-et-departementale-de-la-delinquance-enregistree-par-la-police-et-la-gendarmerie-nationales/;;Vols de véhicules;V0;;;;;;;;;;;;;;;;;;;;;;France;G0;Métropole;G0.1;Moitié sud;G0.1.2;PROVENCE ALPES COTE D AZUR;G0.1.2.4;ALPES MARITIMES;G0.1.2.4.3;;;;;;;;;;;;;;;;;;3584;3302;2828;2880;2364;2329;2812;;;;;;;;;;;;;;;;;;;3,307176129;3,048065651;2,603526545;2,631860314;2,154162984;2,122269708;2,562396916
data.gouv.fr;https://www.data.gouv.fr/fr/datasets/bases-statistiques-communale-et-departementale-de-la-delinquance-enregistree-par-la-police-et-la-gendarmerie-nationales/;;Vols de véhicules;V0;;;;;;;;;;;;;;;;;;;;;;France;G0;Métropole;G0.1;Moitié sud;G0.1.2;PROVENCE ALPES COTE D AZUR;G0.1.2.4;BOUCHES DU RHONE;G0.1.2.4.4;;;;;;;;;;;;;;;;;;12017;10787;10333;10124;9325;9667;10558;;;;;;;;;;;;;;;;;;;5,949843468;5,329118914;5,07924617;4,955190861;4,553067034;4,720053514;5,155097238
data.gouv.fr;https://www.data.gouv.fr/fr/datasets/bases-statistiques-communale-et-departementale-de-la-delinquance-enregistree-par-la-police-et-la-gendarmerie-nationales/;;Vols de véhicules;V0;;;;;;;;;;;;;;;;;;;;;;France;G0;Métropole;G0.1;Moitié sud;G0.1.2;PROVENCE ALPES COTE D AZUR;G0.1.2.4;VAR;G0.1.2.4.5;;;;;;;;;;;;;;;;;;3195;2689;2380;2552;2199;2205;2562;;;;;;;;;;;;;;;;;;;3,026081125;2,539811474;2,229096832;2,370181042;2,026375129;2,03190412;2,360879073
data.gouv.fr;https://www.data.gouv.fr/fr/datasets/bases-statistiques-communale-et-departementale-de-la-delinquance-enregistree-par-la-police-et-la-gendarmerie-nationales/;;Vols de véhicules;V0;;;;;;;;;;;;;;;;;;;;;;France;G0;Métropole;G0.1;Moitié sud;G0.1.2;PROVENCE ALPES COTE D AZUR;G0.1.2.4;VAUCLUSE;G0.1.2.4.6;;;;;;;;;;;;;;;;;;1614;1385;1246;1444;1031;1154;1183;;;;;;;;;;;;;;;;;;;2,887226438;2,475517401;2,225822759;2,571824981;1,834712185;2,053596374;2,105203215
;;;;;;;;;;;;;;;;;;;;;;;;;;;;;;;;;;;;;;;;;;;;;;;;;;;;;;;;;;;;;;;;;;;;;;;;;;;;;;;;;;;;
data.gouv.fr;https://www.data.gouv.fr/fr/datasets/bases-statistiques-communale-et-departementale-de-la-delinquance-enregistree-par-la-police-et-la-gendarmerie-nationales/;;Vols de véhicules;V0;;;;;;;;;;;;;;;;;;;;;;France;G0;Métropole;G0.1;Moitié sud;G0.1.2;CORSE;G0.1.2.5;CORSE DU SUD;G0.1.2.5.1;;;;;;;;;;;;;;;;;;393;440;400;368;291;289;303;;;;;;;;;;;;;;;;;;;2,546936871;2,798110004;2,534003155;2,321664027;1,809543945;1,797107217;1,884164314
data.gouv.fr;https://www.data.gouv.fr/fr/datasets/bases-statistiques-communale-et-departementale-de-la-delinquance-enregistree-par-la-police-et-la-gendarmerie-nationales/;;Vols de véhicules;V0;;;;;;;;;;;;;;;;;;;;;;France;G0;Métropole;G0.1;Moitié sud;G0.1.2;CORSE;G0.1.2.5;HAUTE CORSE;G0.1.2.5.2;;;;;;;;;;;;;;;;;;378;330;271;332;245;231;224;;;;;;;;;;;;;;;;;;;2,145874018;1,857177428;1,499714999;1,824847609;1,339625014;1,263075014;1,224800013
;;;;;;;;;;;;;;;;;;;;;;;;;;;;;;;;;;;;;;;;;;;;;;;;;;;;;;;;;;;;;;;;;;;;;;;;;;;;;;;;;;;;
;;;;;;;;;;;;;;;;;;;;;;;;;;;;;;;;;;;;;;;;;;;;;;;;;;;;;;;;;;;;;;;;;;;;;;;;;;;;;;;;;;;;
data.gouv.fr;https://www.data.gouv.fr/fr/datasets/bases-statistiques-communale-et-departementale-de-la-delinquance-enregistree-par-la-police-et-la-gendarmerie-nationales/;;Vols de véhicules;V0;;;;;;;;;;;;;;;;;;;;;;France;G0;Outre-mer;G0.2;GUADELOUPE;G0.2.1;;;;;;;;;;;;;;;;;;;;;;977;872;771;622;558;524;609;;;;;;;;;;;;;;;;;;;2,479003324;2,234447909;1,98901527;1,618784142;1,454795742;1,366152274;1,587760944
data.gouv.fr;https://www.data.gouv.fr/fr/datasets/bases-statistiques-communale-et-departementale-de-la-delinquance-enregistree-par-la-police-et-la-gendarmerie-nationales/;;Vols de véhicules;V0;;;;;;;;;;;;;;;;;;;;;;France;G0;Outre-mer;G0.2;MARTINIQUE;G0.2.2;;;;;;;;;;;;;;;;;;;;;;618;660;482;591;453;469;466;;;;;;;;;;;;;;;;;;;1,641521462;1,771365078;1,307001678;1,621363591;1,254066025;1,298359748;1,290054675
data.gouv.fr;https://www.data.gouv.fr/fr/datasets/bases-statistiques-communale-et-departementale-de-la-delinquance-enregistree-par-la-police-et-la-gendarmerie-nationales/;;Vols de véhicules;V0;;;;;;;;;;;;;;;;;;;;;;France;G0;Outre-mer;G0.2;GUYANE;G0.2.3;;;;;;;;;;;;;;;;;;;;;;917;772;632;804;670;810;590;;;;;;;;;;;;;;;;;;;3,404467017;2,873092668;2,288793603;2,854323021;2,349780629;2,840779566;2,069209807
data.gouv.fr;https://www.data.gouv.fr/fr/datasets/bases-statistiques-communale-et-departementale-de-la-delinquance-enregistree-par-la-police-et-la-gendarmerie-nationales/;;Vols de véhicules;V0;;;;;;;;;;;;;;;;;;;;;;France;G0;Outre-mer;G0.2;LA REUNION;G0.2.4;;;;;;;;;;;;;;;;;;;;;;1874;1431;1140;1047;882;966;1031;;;;;;;;;;;;;;;;;;;2,197147694;1,676313376;1,33183638;1,215731355;1,021917938;1,119243456;1,194554869
data.gouv.fr;https://www.data.gouv.fr/fr/datasets/bases-statistiques-communale-et-departementale-de-la-delinquance-enregistree-par-la-police-et-la-gendarmerie-nationales/;;Vols de véhicules;V0;;;;;;;;;;;;;;;;;;;;;;France;G0;Outre-mer;G0.2;MAYOTTE;G0.2.5;;;;;;;;;;;;;;;;;;;;;;532;466;512;462;510;441;385;;;;;;;;;;;;;;;;;;;2,073928535;1,816636649;1,995961297;1,801043202;1,988164573;1,719177602;1,500869335
