A0_V0.1_V0.3.5;France;;;;;;;;;;;;;;;;;;;;;;;;;;;;;;;;;;;;;;;;;;;;;;;;;;;;;;;;;;;;;;;;;;;;;;;;;;;;;;;;;;;
;;;;;;;;;;;;;;;;;;;;;;;;;;;;;;;;;;;;;;;;;;;;;;;;;;;;;;;;;;;;;;;;;;;;;;;;;;;;;taux pour 1000;ratio;ratio;ratio;ratio;ratio;ratio;ratio
;;;;;;;;;;;;;;;;;;;;;;;;;;;;;;;;;;;;;;;;;;;;;;;;;;;;;victimes;victimes;victimes;victimes;victimes;victimes;victimes;;;;;;;;;;;;;;;;;;;taux pour 1000 habitants;taux pour 1000 habitants;taux pour 1000 habitants;taux pour 1000 habitants;taux pour 1000 habitants;taux pour 1000 habitants;taux pour 1000 habitants
Source;Lien;Niveau;Niv 1;Niv 1 id;Niv 2;Niv 2 id;Niv 3;Niv 3 id;Niv 4;Niv 4 id;Niv 5;Niv 5 id;Niv 6;Niv 6 id;Niv 7;Niv 7 id;Niv 8;Niv 8 id;Niv 9;Niv 9 id;Niv 10;Niv 10 id;Niv 11;Niv 11 id;;Niv 1 geo;Niv 1 geo id;Niv 2 geo;Niv 2 geo id;Niv 3 geo;Niv 3 geo id;Niv 4 geo;Niv 4 geo id;Niv 5 geo;Niv 5 geo id;Niv 6 geo;Niv 6 geo id;Niv 7 geo;Niv 7 geo id;Niv 8 geo;Niv 8 geo id;Niv 9 geo;Niv 9 geo id;Niv 10 geo;Niv 10 geo id;Niv 11 geo;Niv 11 geo id;Niv 12 geo;Niv 12 geo id;Niv 13 geo;Niv 13 geo id;Data / ventil;2016;2017;2018;2019;2020;2021;2022;;;;;;;;;;;;;;;;;;;2016;2017;2018;2019;2020;2021;2022
;;;;;;;;;;;;;;;;;;;;;;;;;;;;;;;;;;;;;;;;;;;;;;;;;;;;;;;;;;;;;;;;;;;;;;;;;;;;;;;;;;;;
data.gouv.fr;https://www.data.gouv.fr/fr/datasets/bases-statistiques-communale-et-departementale-de-la-delinquance-enregistree-par-la-police-et-la-gendarmerie-nationales/;;Violences sexuelles;V0;;;;;;;;;;;;;;;;;;;;;;France;G0;;;;;;;;;;;;;;;;;;;;;;;;;;37505;41634;49425;55527;57108;75833;84461;;;;;;;;;;;;;;;;;;;0,562984492;0,623442134;0,737807083;0,825742661;0,847065039;1,124807086;1,252783502
;;;;;;;;;;;;;;;;;;;;;;;;;;;;;;;;;;;;;;;;;;;;;;;;;;;;;;;;;;;;;;;;;;;;;;;;;;;;;;;;;;;;
data.gouv.fr;https://www.data.gouv.fr/fr/datasets/bases-statistiques-communale-et-departementale-de-la-delinquance-enregistree-par-la-police-et-la-gendarmerie-nationales/;;Violences sexuelles;V0;;;;;;;;;;;;;;;;;;;;;;France;G0;Métropole;G0.1;;;;;;;;;;;;;;;;;;;;;;;;35733;39766;47392;53137;54731;72638;81057;;;;;;;;;;;;;;;;;;;0,55426818;0,615200083;0,730861344;0,816277085;0,838543119;1,112899364;1,24188832
data.gouv.fr;https://www.data.gouv.fr/fr/datasets/bases-statistiques-communale-et-departementale-de-la-delinquance-enregistree-par-la-police-et-la-gendarmerie-nationales/;;Violences sexuelles;V0;;;;;;;;;;;;;;;;;;;;;;France;G0;Outre-mer;G0.2;;;;;;;;;;;;;;;;;;;;;;;;1772;1868;2033;2390;2377;3195;3404;;;;;;;;;;;;;;;;;;;0,824422253;0,87219455;0,947777153;1,112583694;1,105829307;1,486379737;1,583610837
;;;;;;;;;;;;;;;;;;;;;;;;;;;;;;;;;;;;;;;;;;;;;;;;;;;;;;;;;;;;;;;;;;;;;;;;;;;;;;;;;;;;
data.gouv.fr;https://www.data.gouv.fr/fr/datasets/bases-statistiques-communale-et-departementale-de-la-delinquance-enregistree-par-la-police-et-la-gendarmerie-nationales/;;Violences sexuelles;V0;;;;;;;;;;;;;;;;;;;;;;France;G0;Métropole;G0.1;Moitié nord;G0.1.1;;;;;;;;;;;;;;;;;;;;;;23144;25613;30571;34119;34731;46145;51497;;;;;;;;;;;;;;;;;;;0,586585154;0,648054049;0,772133037;0,859662811;0,873951006;1,161166369;1,295841034
data.gouv.fr;https://www.data.gouv.fr/fr/datasets/bases-statistiques-communale-et-departementale-de-la-delinquance-enregistree-par-la-police-et-la-gendarmerie-nationales/;;Violences sexuelles;V0;;;;;;;;;;;;;;;;;;;;;;France;G0;Métropole;G0.1;Moitié sud;G0.1.2;;;;;;;;;;;;;;;;;;;;;;12589;14153;16821;19018;20000;26493;29560;;;;;;;;;;;;;;;;;;;0,503292047;0,56350096;0,666148696;0,748505852;0,783424615;1,037763417;1,157901581
;;;;;;;;;;;;;;;;;;;;;;;;;;;;;;;;;;;;;;;;;;;;;;;;;;;;;;;;;;;;;;;;;;;;;;;;;;;;;;;;;;;;
data.gouv.fr;https://www.data.gouv.fr/fr/datasets/bases-statistiques-communale-et-departementale-de-la-delinquance-enregistree-par-la-police-et-la-gendarmerie-nationales/;;Violences sexuelles;V0;;;;;;;;;;;;;;;;;;;;;;France;G0;Métropole;G0.1;Moitié nord;G0.1.1;ILE DE FRANCE;G0.1.1.1;;;;;;;;;;;;;;;;;;;;7580;8296;9923;10989;10381;13871;16097;;;;;;;;;;;;;;;;;;;0,62556057;0,68140302;0,812465146;0,896143573;0,845923587;1,130315584;1,311707155
data.gouv.fr;https://www.data.gouv.fr/fr/datasets/bases-statistiques-communale-et-departementale-de-la-delinquance-enregistree-par-la-police-et-la-gendarmerie-nationales/;;Violences sexuelles;V0;;;;;;;;;;;;;;;;;;;;;;France;G0;Métropole;G0.1;Moitié nord;G0.1.1;CENTRE VAL DE LOIRE;G0.1.1.2;;;;;;;;;;;;;;;;;;;;1483;1619;1952;2245;2335;3232;3495;;;;;;;;;;;;;;;;;;;0,575282036;0,628432312;0,758690839;0,872461312;0,906844364;1,255212413;1,35735377
data.gouv.fr;https://www.data.gouv.fr/fr/datasets/bases-statistiques-communale-et-departementale-de-la-delinquance-enregistree-par-la-police-et-la-gendarmerie-nationales/;;Violences sexuelles;V0;;;;;;;;;;;;;;;;;;;;;;France;G0;Métropole;G0.1;Moitié nord;G0.1.1;BOURGOGNE FRANCHE COMTE;G0.1.1.3;;;;;;;;;;;;;;;;;;;;1469;1685;2059;2202;2313;2888;3165;;;;;;;;;;;;;;;;;;;0,521229178;0,599340619;0,73331251;0,784864449;0,825571663;1,030804567;1,129673287
data.gouv.fr;https://www.data.gouv.fr/fr/datasets/bases-statistiques-communale-et-departementale-de-la-delinquance-enregistree-par-la-police-et-la-gendarmerie-nationales/;;Violences sexuelles;V0;;;;;;;;;;;;;;;;;;;;;;France;G0;Métropole;G0.1;Moitié nord;G0.1.1;NORMANDIE;G0.1.1.4;;;;;;;;;;;;;;;;;;;;2039;2285;2674;2996;3245;4253;4702;;;;;;;;;;;;;;;;;;;0,61122404;0,686087703;0,803611866;0,90104396;0,975786658;1,278896967;1,413913365
data.gouv.fr;https://www.data.gouv.fr/fr/datasets/bases-statistiques-communale-et-departementale-de-la-delinquance-enregistree-par-la-police-et-la-gendarmerie-nationales/;;Violences sexuelles;V0;;;;;;;;;;;;;;;;;;;;;;France;G0;Métropole;G0.1;Moitié nord;G0.1.1;HAUTS DE FRANCE;G0.1.1.5;;;;;;;;;;;;;;;;;;;;4050;4408;5217;5878;5767;7680;8286;;;;;;;;;;;;;;;;;;;0,674228009;0,734199838;0,86890509;0,978859597;0,961529804;1,280483596;1,381521755
data.gouv.fr;https://www.data.gouv.fr/fr/datasets/bases-statistiques-communale-et-departementale-de-la-delinquance-enregistree-par-la-police-et-la-gendarmerie-nationales/;;Violences sexuelles;V0;;;;;;;;;;;;;;;;;;;;;;France;G0;Métropole;G0.1;Moitié nord;G0.1.1;GRAND EST;G0.1.1.6;;;;;;;;;;;;;;;;;;;;2791;3253;3697;4108;4423;5915;6749;;;;;;;;;;;;;;;;;;;0,502413421;0,586169851;0,666079441;0,739351707;0,795124483;1,063341921;1,213270435
data.gouv.fr;https://www.data.gouv.fr/fr/datasets/bases-statistiques-communale-et-departementale-de-la-delinquance-enregistree-par-la-police-et-la-gendarmerie-nationales/;;Violences sexuelles;V0;;;;;;;;;;;;;;;;;;;;;;France;G0;Métropole;G0.1;Moitié nord;G0.1.1;PAYS DE LA LOIRE;G0.1.1.7;;;;;;;;;;;;;;;;;;;;2161;2354;2897;3266;3444;4661;4923;;;;;;;;;;;;;;;;;;;0,57817356;0,6264637;0,766113709;0,858014833;0,898719247;1,216298028;1,284667495
data.gouv.fr;https://www.data.gouv.fr/fr/datasets/bases-statistiques-communale-et-departementale-de-la-delinquance-enregistree-par-la-police-et-la-gendarmerie-nationales/;;Violences sexuelles;V0;;;;;;;;;;;;;;;;;;;;;;France;G0;Métropole;G0.1;Moitié nord;G0.1.1;BRETAGNE;G0.1.1.8;;;;;;;;;;;;;;;;;;;;1571;1713;2152;2435;2823;3645;4080;;;;;;;;;;;;;;;;;;;0,475120587;0,516134242;0,645197268;0,725814;0,836733272;1,080372929;1,209306324
;;;;;;;;;;;;;;;;;;;;;;;;;;;;;;;;;;;;;;;;;;;;;;;;;;;;;;;;;;;;;;;;;;;;;;;;;;;;;;;;;;;;
data.gouv.fr;https://www.data.gouv.fr/fr/datasets/bases-statistiques-communale-et-departementale-de-la-delinquance-enregistree-par-la-police-et-la-gendarmerie-nationales/;;Violences sexuelles;V0;;;;;;;;;;;;;;;;;;;;;;France;G0;Métropole;G0.1;Moitié nord;G0.1.1;ILE DE FRANCE;G0.1.1.1;PARIS;G0.1.1.1.1;;;;;;;;;;;;;;;;;;2102;2218;2844;2949;2554;3559;4265;;;;;;;;;;;;;;;;;;;0,959674058;1,013930806;1,307224992;1,36185863;1,190173288;1,658506943;1,98750551
data.gouv.fr;https://www.data.gouv.fr/fr/datasets/bases-statistiques-communale-et-departementale-de-la-delinquance-enregistree-par-la-police-et-la-gendarmerie-nationales/;;Violences sexuelles;V0;;;;;;;;;;;;;;;;;;;;;;France;G0;Métropole;G0.1;Moitié nord;G0.1.1;ILE DE FRANCE;G0.1.1.1;SEINE ET MARNE;G0.1.1.1.2;;;;;;;;;;;;;;;;;;780;919;1007;1071;1058;1313;1518;;;;;;;;;;;;;;;;;;;0,558073644;0,654559803;0,712912279;0,753590107;0,740566526;0,919058459;1,062551973
data.gouv.fr;https://www.data.gouv.fr/fr/datasets/bases-statistiques-communale-et-departementale-de-la-delinquance-enregistree-par-la-police-et-la-gendarmerie-nationales/;;Violences sexuelles;V0;;;;;;;;;;;;;;;;;;;;;;France;G0;Métropole;G0.1;Moitié nord;G0.1.1;ILE DE FRANCE;G0.1.1.1;YVELINES;G0.1.1.1.3;;;;;;;;;;;;;;;;;;734;779;891;1060;1038;1435;1602;;;;;;;;;;;;;;;;;;;0,512638566;0,541624428;0,618149879;0,731939564;0,715998849;0,989844267;1,105038687
data.gouv.fr;https://www.data.gouv.fr/fr/datasets/bases-statistiques-communale-et-departementale-de-la-delinquance-enregistree-par-la-police-et-la-gendarmerie-nationales/;;Violences sexuelles;V0;;;;;;;;;;;;;;;;;;;;;;France;G0;Métropole;G0.1;Moitié nord;G0.1.1;ILE DE FRANCE;G0.1.1.1;ESSONNE;G0.1.1.1.4;;;;;;;;;;;;;;;;;;625;705;842;901;960;1252;1513;;;;;;;;;;;;;;;;;;;0,485500998;0,543926921;0,64937018;0,692193578;0,735002504;0,958565765;1,158394571
data.gouv.fr;https://www.data.gouv.fr/fr/datasets/bases-statistiques-communale-et-departementale-de-la-delinquance-enregistree-par-la-police-et-la-gendarmerie-nationales/;;Violences sexuelles;V0;;;;;;;;;;;;;;;;;;;;;;France;G0;Métropole;G0.1;Moitié nord;G0.1.1;ILE DE FRANCE;G0.1.1.1;HAUTS DE SEINE;G0.1.1.1.5;;;;;;;;;;;;;;;;;;800;834;1018;1068;1174;1462;1676;;;;;;;;;;;;;;;;;;;0,498980832;0,518235811;0,628736598;0,657490933;0,721922651;0,899021223;1,030615301
data.gouv.fr;https://www.data.gouv.fr/fr/datasets/bases-statistiques-communale-et-departementale-de-la-delinquance-enregistree-par-la-police-et-la-gendarmerie-nationales/;;Violences sexuelles;V0;;;;;;;;;;;;;;;;;;;;;;France;G0;Métropole;G0.1;Moitié nord;G0.1.1;ILE DE FRANCE;G0.1.1.1;SEINE SAINT DENIS;G0.1.1.1.6;;;;;;;;;;;;;;;;;;1118;1251;1403;1689;1560;2100;2443;;;;;;;;;;;;;;;;;;;0,69585351;0,770742112;0,8593249;1,026808268;0,9423579;1,268558712;1,475756635
data.gouv.fr;https://www.data.gouv.fr/fr/datasets/bases-statistiques-communale-et-departementale-de-la-delinquance-enregistree-par-la-police-et-la-gendarmerie-nationales/;;Violences sexuelles;V0;;;;;;;;;;;;;;;;;;;;;;France;G0;Métropole;G0.1;Moitié nord;G0.1.1;ILE DE FRANCE;G0.1.1.1;VAL DE MARNE;G0.1.1.1.7;;;;;;;;;;;;;;;;;;725;806;1018;1092;1072;1518;1606;;;;;;;;;;;;;;;;;;;0,526067173;0,580722603;0,72874975;0,776051009;0,761378777;1,07814644;1,140647683
data.gouv.fr;https://www.data.gouv.fr/fr/datasets/bases-statistiques-communale-et-departementale-de-la-delinquance-enregistree-par-la-police-et-la-gendarmerie-nationales/;;Violences sexuelles;V0;;;;;;;;;;;;;;;;;;;;;;France;G0;Métropole;G0.1;Moitié nord;G0.1.1;ILE DE FRANCE;G0.1.1.1;VAL D OISE;G0.1.1.1.8;;;;;;;;;;;;;;;;;;696;784;900;1159;965;1232;1474;;;;;;;;;;;;;;;;;;;0,569593992;0,638115346;0,726637983;0,927441877;0,770887455;0,984179632;1,177500631
;;;;;;;;;;;;;;;;;;;;;;;;;;;;;;;;;;;;;;;;;;;;;;;;;;;;;;;;;;;;;;;;;;;;;;;;;;;;;;;;;;;;
data.gouv.fr;https://www.data.gouv.fr/fr/datasets/bases-statistiques-communale-et-departementale-de-la-delinquance-enregistree-par-la-police-et-la-gendarmerie-nationales/;;Violences sexuelles;V0;;;;;;;;;;;;;;;;;;;;;;France;G0;Métropole;G0.1;Moitié nord;G0.1.1;CENTRE VAL DE LOIRE;G0.1.1.2;CHER;G0.1.1.2.1;;;;;;;;;;;;;;;;;;193;191;224;247;242;290;309;;;;;;;;;;;;;;;;;;;0,628439321;0,627760833;0,738279808;0,81705292;0,804165711;0,963669654;1,026806631
data.gouv.fr;https://www.data.gouv.fr/fr/datasets/bases-statistiques-communale-et-departementale-de-la-delinquance-enregistree-par-la-police-et-la-gendarmerie-nationales/;;Violences sexuelles;V0;;;;;;;;;;;;;;;;;;;;;;France;G0;Métropole;G0.1;Moitié nord;G0.1.1;CENTRE VAL DE LOIRE;G0.1.1.2;EURE ET LOIR;G0.1.1.2.2;;;;;;;;;;;;;;;;;;270;239;326;352;421;531;580;;;;;;;;;;;;;;;;;;;0,622221608;0,551666193;0,75463487;0,815617216;0,97579518;1,230753541;1,344325902
data.gouv.fr;https://www.data.gouv.fr/fr/datasets/bases-statistiques-communale-et-departementale-de-la-delinquance-enregistree-par-la-police-et-la-gendarmerie-nationales/;;Violences sexuelles;V0;;;;;;;;;;;;;;;;;;;;;;France;G0;Métropole;G0.1;Moitié nord;G0.1.1;CENTRE VAL DE LOIRE;G0.1.1.2;INDRE;G0.1.1.2.3;;;;;;;;;;;;;;;;;;91;119;144;168;191;283;269;;;;;;;;;;;;;;;;;;;0,407149728;0,535476439;0,652779981;0,766017983;0,873314526;1,293968643;1,22995606
data.gouv.fr;https://www.data.gouv.fr/fr/datasets/bases-statistiques-communale-et-departementale-de-la-delinquance-enregistree-par-la-police-et-la-gendarmerie-nationales/;;Violences sexuelles;V0;;;;;;;;;;;;;;;;;;;;;;France;G0;Métropole;G0.1;Moitié nord;G0.1.1;CENTRE VAL DE LOIRE;G0.1.1.2;INDRE ET LOIRE;G0.1.1.2.4;;;;;;;;;;;;;;;;;;306;362;450;532;526;823;881;;;;;;;;;;;;;;;;;;;0,504764748;0,596856446;0,740423852;0,872018214;0,859310036;1,344509809;1,439262627
data.gouv.fr;https://www.data.gouv.fr/fr/datasets/bases-statistiques-communale-et-departementale-de-la-delinquance-enregistree-par-la-police-et-la-gendarmerie-nationales/;;Violences sexuelles;V0;;;;;;;;;;;;;;;;;;;;;;France;G0;Métropole;G0.1;Moitié nord;G0.1.1;CENTRE VAL DE LOIRE;G0.1.1.2;LOIR ET CHER;G0.1.1.2.5;;;;;;;;;;;;;;;;;;178;198;269;298;304;385;449;;;;;;;;;;;;;;;;;;;0,534905595;0,59653827;0,814539376;0,904482957;0,923010593;1,168944337;1,363262357
data.gouv.fr;https://www.data.gouv.fr/fr/datasets/bases-statistiques-communale-et-departementale-de-la-delinquance-enregistree-par-la-police-et-la-gendarmerie-nationales/;;Violences sexuelles;V0;;;;;;;;;;;;;;;;;;;;;;France;G0;Métropole;G0.1;Moitié nord;G0.1.1;CENTRE VAL DE LOIRE;G0.1.1.2;LOIRET;G0.1.1.2.6;;;;;;;;;;;;;;;;;;445;510;539;648;651;920;1007;;;;;;;;;;;;;;;;;;;0,659914285;0,752095914;0,793995684;0,952333364;0,954120158;1,348372573;1,475881718
;;;;;;;;;;;;;;;;;;;;;;;;;;;;;;;;;;;;;;;;;;;;;;;;;;;;;;;;;;;;;;;;;;;;;;;;;;;;;;;;;;;;
data.gouv.fr;https://www.data.gouv.fr/fr/datasets/bases-statistiques-communale-et-departementale-de-la-delinquance-enregistree-par-la-police-et-la-gendarmerie-nationales/;;Violences sexuelles;V0;;;;;;;;;;;;;;;;;;;;;;France;G0;Métropole;G0.1;Moitié nord;G0.1.1;BOURGOGNE FRANCHE COMTE;G0.1.1.3;COTE D OR;G0.1.1.3.1;;;;;;;;;;;;;;;;;;276;288;373;388;424;547;621;;;;;;;;;;;;;;;;;;;0,517616787;0,53950871;0,699523649;0,726423078;0,792407836;1,022280864;1,160578458
data.gouv.fr;https://www.data.gouv.fr/fr/datasets/bases-statistiques-communale-et-departementale-de-la-delinquance-enregistree-par-la-police-et-la-gendarmerie-nationales/;;Violences sexuelles;V0;;;;;;;;;;;;;;;;;;;;;;France;G0;Métropole;G0.1;Moitié nord;G0.1.1;BOURGOGNE FRANCHE COMTE;G0.1.1.3;DOUBS;G0.1.1.3.2;;;;;;;;;;;;;;;;;;297;294;417;429;459;573;594;;;;;;;;;;;;;;;;;;;0,551481852;0,545386752;0,770148526;0,788640634;0,841878986;1,050973113;1,089490452
data.gouv.fr;https://www.data.gouv.fr/fr/datasets/bases-statistiques-communale-et-departementale-de-la-delinquance-enregistree-par-la-police-et-la-gendarmerie-nationales/;;Violences sexuelles;V0;;;;;;;;;;;;;;;;;;;;;;France;G0;Métropole;G0.1;Moitié nord;G0.1.1;BOURGOGNE FRANCHE COMTE;G0.1.1.3;JURA;G0.1.1.3.3;;;;;;;;;;;;;;;;;;160;184;186;221;233;267;384;;;;;;;;;;;;;;;;;;;0,614163375;0,707180961;0,716084175;0,852626746;0,900316077;1,031692672;1,483782719
data.gouv.fr;https://www.data.gouv.fr/fr/datasets/bases-statistiques-communale-et-departementale-de-la-delinquance-enregistree-par-la-police-et-la-gendarmerie-nationales/;;Violences sexuelles;V0;;;;;;;;;;;;;;;;;;;;;;France;G0;Métropole;G0.1;Moitié nord;G0.1.1;BOURGOGNE FRANCHE COMTE;G0.1.1.3;NIEVRE;G0.1.1.3.4;;;;;;;;;;;;;;;;;;76;123;145;183;183;237;239;;;;;;;;;;;;;;;;;;;0,363356457;0,593680918;0,704471695;0,895075617;0,902945675;1,169388661;1,17925692
data.gouv.fr;https://www.data.gouv.fr/fr/datasets/bases-statistiques-communale-et-departementale-de-la-delinquance-enregistree-par-la-police-et-la-gendarmerie-nationales/;;Violences sexuelles;V0;;;;;;;;;;;;;;;;;;;;;;France;G0;Métropole;G0.1;Moitié nord;G0.1.1;BOURGOGNE FRANCHE COMTE;G0.1.1.3;HAUTE SAONE;G0.1.1.3.5;;;;;;;;;;;;;;;;;;122;149;171;218;176;201;273;;;;;;;;;;;;;;;;;;;0,514242841;0,62959786;0,724521011;0,926425654;0,750209931;0,856773842;1,163677904
data.gouv.fr;https://www.data.gouv.fr/fr/datasets/bases-statistiques-communale-et-departementale-de-la-delinquance-enregistree-par-la-police-et-la-gendarmerie-nationales/;;Violences sexuelles;V0;;;;;;;;;;;;;;;;;;;;;;France;G0;Métropole;G0.1;Moitié nord;G0.1.1;BOURGOGNE FRANCHE COMTE;G0.1.1.3;SAONE ET LOIRE;G0.1.1.3.6;;;;;;;;;;;;;;;;;;218;248;323;328;364;452;455;;;;;;;;;;;;;;;;;;;0,392776516;0,447980925;0,584948885;0,594749163;0,660541535;0,820232895;0,825676919
data.gouv.fr;https://www.data.gouv.fr/fr/datasets/bases-statistiques-communale-et-departementale-de-la-delinquance-enregistree-par-la-police-et-la-gendarmerie-nationales/;;Violences sexuelles;V0;;;;;;;;;;;;;;;;;;;;;;France;G0;Métropole;G0.1;Moitié nord;G0.1.1;BOURGOGNE FRANCHE COMTE;G0.1.1.3;YONNE;G0.1.1.3.7;;;;;;;;;;;;;;;;;;223;288;340;313;366;464;465;;;;;;;;;;;;;;;;;;;0,654834618;0,851338049;1,007395468;0,93236066;1,095296807;1,388573002;1,391565616
data.gouv.fr;https://www.data.gouv.fr/fr/datasets/bases-statistiques-communale-et-departementale-de-la-delinquance-enregistree-par-la-police-et-la-gendarmerie-nationales/;;Violences sexuelles;V0;;;;;;;;;;;;;;;;;;;;;;France;G0;Métropole;G0.1;Moitié nord;G0.1.1;BOURGOGNE FRANCHE COMTE;G0.1.1.3;TERRITOIRE DE BELFORT;G0.1.1.3.8;;;;;;;;;;;;;;;;;;97;111;104;122;108;147;134;;;;;;;;;;;;;;;;;;;0,673195039;0,778281051;0,733158503;0,863301207;0,770767913;1,049100771;0,956323152
;;;;;;;;;;;;;;;;;;;;;;;;;;;;;;;;;;;;;;;;;;;;;;;;;;;;;;;;;;;;;;;;;;;;;;;;;;;;;;;;;;;;
data.gouv.fr;https://www.data.gouv.fr/fr/datasets/bases-statistiques-communale-et-departementale-de-la-delinquance-enregistree-par-la-police-et-la-gendarmerie-nationales/;;Violences sexuelles;V0;;;;;;;;;;;;;;;;;;;;;;France;G0;Métropole;G0.1;Moitié nord;G0.1.1;NORMANDIE;G0.1.1.4;CALVADOS;G0.1.1.4.1;;;;;;;;;;;;;;;;;;361;448;542;599;739;1019;1063;;;;;;;;;;;;;;;;;;;0,520413621;0,645531281;0,780916814;0,861988329;1,05942682;1,460833464;1,52391165
data.gouv.fr;https://www.data.gouv.fr/fr/datasets/bases-statistiques-communale-et-departementale-de-la-delinquance-enregistree-par-la-police-et-la-gendarmerie-nationales/;;Violences sexuelles;V0;;;;;;;;;;;;;;;;;;;;;;France;G0;Métropole;G0.1;Moitié nord;G0.1.1;NORMANDIE;G0.1.1.4;EURE;G0.1.1.4.2;;;;;;;;;;;;;;;;;;371;403;493;515;629;810;798;;;;;;;;;;;;;;;;;;;0,615435657;0,669609848;0,821718709;0,859039177;1,048913732;1,350747414;1,330736341
data.gouv.fr;https://www.data.gouv.fr/fr/datasets/bases-statistiques-communale-et-departementale-de-la-delinquance-enregistree-par-la-police-et-la-gendarmerie-nationales/;;Violences sexuelles;V0;;;;;;;;;;;;;;;;;;;;;;France;G0;Métropole;G0.1;Moitié nord;G0.1.1;NORMANDIE;G0.1.1.4;MANCHE;G0.1.1.4.3;;;;;;;;;;;;;;;;;;285;388;403;515;441;614;684;;;;;;;;;;;;;;;;;;;0,571873457;0,780867931;0,812527849;1,040309467;0,890741739;1,240171039;1,381558616
data.gouv.fr;https://www.data.gouv.fr/fr/datasets/bases-statistiques-communale-et-departementale-de-la-delinquance-enregistree-par-la-police-et-la-gendarmerie-nationales/;;Violences sexuelles;V0;;;;;;;;;;;;;;;;;;;;;;France;G0;Métropole;G0.1;Moitié nord;G0.1.1;NORMANDIE;G0.1.1.4;ORNE;G0.1.1.4.4;;;;;;;;;;;;;;;;;;225;224;240;243;293;393;429;;;;;;;;;;;;;;;;;;;0,78862142;0,790480358;0,852293914;0,868036951;1,052159081;1,411257743;1,540533262
data.gouv.fr;https://www.data.gouv.fr/fr/datasets/bases-statistiques-communale-et-departementale-de-la-delinquance-enregistree-par-la-police-et-la-gendarmerie-nationales/;;Violences sexuelles;V0;;;;;;;;;;;;;;;;;;;;;;France;G0;Métropole;G0.1;Moitié nord;G0.1.1;NORMANDIE;G0.1.1.4;SEINE MARITIME;G0.1.1.4.5;;;;;;;;;;;;;;;;;;797;822;996;1124;1143;1417;1728;;;;;;;;;;;;;;;;;;;0,634677943;0,65530486;0,793067507;0,895166024;0,91094642;1,129318528;1,37717884
;;;;;;;;;;;;;;;;;;;;;;;;;;;;;;;;;;;;;;;;;;;;;;;;;;;;;;;;;;;;;;;;;;;;;;;;;;;;;;;;;;;;
data.gouv.fr;https://www.data.gouv.fr/fr/datasets/bases-statistiques-communale-et-departementale-de-la-delinquance-enregistree-par-la-police-et-la-gendarmerie-nationales/;;Violences sexuelles;V0;;;;;;;;;;;;;;;;;;;;;;France;G0;Métropole;G0.1;Moitié nord;G0.1.1;HAUTS DE FRANCE;G0.1.1.5;AISNE;G0.1.1.5.1;;;;;;;;;;;;;;;;;;352;381;418;484;520;684;748;;;;;;;;;;;;;;;;;;;0,656549831;0,712829052;0,783775473;0,910895934;0,982292292;1,292092169;1,412989682
data.gouv.fr;https://www.data.gouv.fr/fr/datasets/bases-statistiques-communale-et-departementale-de-la-delinquance-enregistree-par-la-police-et-la-gendarmerie-nationales/;;Violences sexuelles;V0;;;;;;;;;;;;;;;;;;;;;;France;G0;Métropole;G0.1;Moitié nord;G0.1.1;HAUTS DE FRANCE;G0.1.1.5;NORD;G0.1.1.5.2;;;;;;;;;;;;;;;;;;1792;1878;2279;2611;2565;3373;3668;;;;;;;;;;;;;;;;;;;0,688245255;0,721098189;0,874441819;1,001017503;0,983608066;1,293454194;1,406578708
data.gouv.fr;https://www.data.gouv.fr/fr/datasets/bases-statistiques-communale-et-departementale-de-la-delinquance-enregistree-par-la-police-et-la-gendarmerie-nationales/;;Violences sexuelles;V0;;;;;;;;;;;;;;;;;;;;;;France;G0;Métropole;G0.1;Moitié nord;G0.1.1;HAUTS DE FRANCE;G0.1.1.5;OISE;G0.1.1.5.3;;;;;;;;;;;;;;;;;;462;546;593;675;673;956;988;;;;;;;;;;;;;;;;;;;0,560991425;0,662217117;0,716916943;0,813822688;0,811137533;1,152225084;1,190793288
data.gouv.fr;https://www.data.gouv.fr/fr/datasets/bases-statistiques-communale-et-departementale-de-la-delinquance-enregistree-par-la-police-et-la-gendarmerie-nationales/;;Violences sexuelles;V0;;;;;;;;;;;;;;;;;;;;;;France;G0;Métropole;G0.1;Moitié nord;G0.1.1;HAUTS DE FRANCE;G0.1.1.5;PAS DE CALAIS;G0.1.1.5.4;;;;;;;;;;;;;;;;;;1103;1203;1411;1547;1459;1897;2139;;;;;;;;;;;;;;;;;;;0,749970253;0,819472241;0,961995387;1,055772352;0,997834037;1,297389423;1,462897193
data.gouv.fr;https://www.data.gouv.fr/fr/datasets/bases-statistiques-communale-et-departementale-de-la-delinquance-enregistree-par-la-police-et-la-gendarmerie-nationales/;;Violences sexuelles;V0;;;;;;;;;;;;;;;;;;;;;;France;G0;Métropole;G0.1;Moitié nord;G0.1.1;HAUTS DE FRANCE;G0.1.1.5;SOMME;G0.1.1.5.5;;;;;;;;;;;;;;;;;;341;400;516;561;550;770;743;;;;;;;;;;;;;;;;;;;0,595379437;0,698759527;0,904213002;0,983246255;0,967036368;1,353850915;1,30637822
;;;;;;;;;;;;;;;;;;;;;;;;;;;;;;;;;;;;;;;;;;;;;;;;;;;;;;;;;;;;;;;;;;;;;;;;;;;;;;;;;;;;
data.gouv.fr;https://www.data.gouv.fr/fr/datasets/bases-statistiques-communale-et-departementale-de-la-delinquance-enregistree-par-la-police-et-la-gendarmerie-nationales/;;Violences sexuelles;V0;;;;;;;;;;;;;;;;;;;;;;France;G0;Métropole;G0.1;Moitié nord;G0.1.1;GRAND EST;G0.1.1.6;ARDENNES;G0.1.1.6.1;;;;;;;;;;;;;;;;;;160;178;205;229;214;312;331;;;;;;;;;;;;;;;;;;;0,581034314;0,650634734;0,7541062;0,84632385;0,793471289;1,156836645;1,22728503
data.gouv.fr;https://www.data.gouv.fr/fr/datasets/bases-statistiques-communale-et-departementale-de-la-delinquance-enregistree-par-la-police-et-la-gendarmerie-nationales/;;Violences sexuelles;V0;;;;;;;;;;;;;;;;;;;;;;France;G0;Métropole;G0.1;Moitié nord;G0.1.1;GRAND EST;G0.1.1.6;AUBE;G0.1.1.6.2;;;;;;;;;;;;;;;;;;177;210;255;273;320;373;420;;;;;;;;;;;;;;;;;;;0,572982422;0,677375653;0,822527579;0,879958226;1,027501726;1,197681699;1,348596015
data.gouv.fr;https://www.data.gouv.fr/fr/datasets/bases-statistiques-communale-et-departementale-de-la-delinquance-enregistree-par-la-police-et-la-gendarmerie-nationales/;;Violences sexuelles;V0;;;;;;;;;;;;;;;;;;;;;;France;G0;Métropole;G0.1;Moitié nord;G0.1.1;GRAND EST;G0.1.1.6;MARNE;G0.1.1.6.3;;;;;;;;;;;;;;;;;;362;358;413;438;442;658;763;;;;;;;;;;;;;;;;;;;0,634105412;0,629290115;0,727802038;0,772684373;0,780010553;1,161192181;1,346488805
data.gouv.fr;https://www.data.gouv.fr/fr/datasets/bases-statistiques-communale-et-departementale-de-la-delinquance-enregistree-par-la-police-et-la-gendarmerie-nationales/;;Violences sexuelles;V0;;;;;;;;;;;;;;;;;;;;;;France;G0;Métropole;G0.1;Moitié nord;G0.1.1;GRAND EST;G0.1.1.6;HAUTE MARNE;G0.1.1.6.4;;;;;;;;;;;;;;;;;;106;144;139;141;157;236;210;;;;;;;;;;;;;;;;;;;0,595224725;0,819858802;0,798533915;0,817334446;0,913863957;1,37370633;1,222365802
data.gouv.fr;https://www.data.gouv.fr/fr/datasets/bases-statistiques-communale-et-departementale-de-la-delinquance-enregistree-par-la-police-et-la-gendarmerie-nationales/;;Violences sexuelles;V0;;;;;;;;;;;;;;;;;;;;;;France;G0;Métropole;G0.1;Moitié nord;G0.1.1;GRAND EST;G0.1.1.6;MEURTHE ET MOSELLE;G0.1.1.6.5;;;;;;;;;;;;;;;;;;421;467;504;577;620;875;1078;;;;;;;;;;;;;;;;;;;0,573709392;0,636689976;0,687145605;0,786360663;0,846312398;1,194392498;1,471491557
data.gouv.fr;https://www.data.gouv.fr/fr/datasets/bases-statistiques-communale-et-departementale-de-la-delinquance-enregistree-par-la-police-et-la-gendarmerie-nationales/;;Violences sexuelles;V0;;;;;;;;;;;;;;;;;;;;;;France;G0;Métropole;G0.1;Moitié nord;G0.1.1;GRAND EST;G0.1.1.6;MEUSE;G0.1.1.6.6;;;;;;;;;;;;;;;;;;99;135;145;155;163;192;243;;;;;;;;;;;;;;;;;;;0,523657137;0,72120393;0,782282647;0,842011484;0,890705515;1,049174595;1,327861596
data.gouv.fr;https://www.data.gouv.fr/fr/datasets/bases-statistiques-communale-et-departementale-de-la-delinquance-enregistree-par-la-police-et-la-gendarmerie-nationales/;;Violences sexuelles;V0;;;;;;;;;;;;;;;;;;;;;;France;G0;Métropole;G0.1;Moitié nord;G0.1.1;GRAND EST;G0.1.1.6;MOSELLE;G0.1.1.6.7;;;;;;;;;;;;;;;;;;428;538;554;643;673;873;991;;;;;;;;;;;;;;;;;;;0,409463192;0,515561723;0,530893396;0,614403804;0,64146861;0,832098212;0,944569678
data.gouv.fr;https://www.data.gouv.fr/fr/datasets/bases-statistiques-communale-et-departementale-de-la-delinquance-enregistree-par-la-police-et-la-gendarmerie-nationales/;;Violences sexuelles;V0;;;;;;;;;;;;;;;;;;;;;;France;G0;Métropole;G0.1;Moitié nord;G0.1.1;GRAND EST;G0.1.1.6;BAS RHIN;G0.1.1.6.8;;;;;;;;;;;;;;;;;;548;639;760;799;824;1182;1311;;;;;;;;;;;;;;;;;;;0,48867182;0,567717907;0,670458876;0,700842151;0,717724396;1,029551257;1,14191345
data.gouv.fr;https://www.data.gouv.fr/fr/datasets/bases-statistiques-communale-et-departementale-de-la-delinquance-enregistree-par-la-police-et-la-gendarmerie-nationales/;;Violences sexuelles;V0;;;;;;;;;;;;;;;;;;;;;;France;G0;Métropole;G0.1;Moitié nord;G0.1.1;GRAND EST;G0.1.1.6;HAUT RHIN;G0.1.1.6.9;;;;;;;;;;;;;;;;;;327;404;467;584;708;804;962;;;;;;;;;;;;;;;;;;;0,428715832;0,528775048;0,610472678;0,76132272;0,922064696;1,047090417;1,252861917
data.gouv.fr;https://www.data.gouv.fr/fr/datasets/bases-statistiques-communale-et-departementale-de-la-delinquance-enregistree-par-la-police-et-la-gendarmerie-nationales/;;Violences sexuelles;V0;;;;;;;;;;;;;;;;;;;;;;France;G0;Métropole;G0.1;Moitié nord;G0.1.1;GRAND EST;G0.1.1.6;VOSGES;G0.1.1.6.10;;;;;;;;;;;;;;;;;;163;180;255;269;302;410;440;;;;;;;;;;;;;;;;;;;0,440968399;0,489565456;0,696508172;0,737999281;0,833340232;1,131355944;1,214138086
;;;;;;;;;;;;;;;;;;;;;;;;;;;;;;;;;;;;;;;;;;;;;;;;;;;;;;;;;;;;;;;;;;;;;;;;;;;;;;;;;;;;
data.gouv.fr;https://www.data.gouv.fr/fr/datasets/bases-statistiques-communale-et-departementale-de-la-delinquance-enregistree-par-la-police-et-la-gendarmerie-nationales/;;Violences sexuelles;V0;;;;;;;;;;;;;;;;;;;;;;France;G0;Métropole;G0.1;Moitié nord;G0.1.1;PAYS DE LA LOIRE;G0.1.1.7;LOIRE ATLANTIQUE;G0.1.1.7.1;;;;;;;;;;;;;;;;;;719;880;1022;1132;1245;1785;1786;;;;;;;;;;;;;;;;;;;0,520693021;0,630865526;0,723538799;0,792011598;0,861489748;1,235147951;1,235839911
data.gouv.fr;https://www.data.gouv.fr/fr/datasets/bases-statistiques-communale-et-departementale-de-la-delinquance-enregistree-par-la-police-et-la-gendarmerie-nationales/;;Violences sexuelles;V0;;;;;;;;;;;;;;;;;;;;;;France;G0;Métropole;G0.1;Moitié nord;G0.1.1;PAYS DE LA LOIRE;G0.1.1.7;MAINE ET LOIRE;G0.1.1.7.2;;;;;;;;;;;;;;;;;;517;500;602;754;762;1000;1034;;;;;;;;;;;;;;;;;;;0,63753647;0,614633439;0,737850893;0,921452865;0,928460985;1,218452736;1,259880129
data.gouv.fr;https://www.data.gouv.fr/fr/datasets/bases-statistiques-communale-et-departementale-de-la-delinquance-enregistree-par-la-police-et-la-gendarmerie-nationales/;;Violences sexuelles;V0;;;;;;;;;;;;;;;;;;;;;;France;G0;Métropole;G0.1;Moitié nord;G0.1.1;PAYS DE LA LOIRE;G0.1.1.7;MAYENNE;G0.1.1.7.3;;;;;;;;;;;;;;;;;;166;168;226;279;293;333;411;;;;;;;;;;;;;;;;;;;0,539507553;0,546439201;0,735954983;0,90861129;0,955835818;1,08632535;1,340779936
data.gouv.fr;https://www.data.gouv.fr/fr/datasets/bases-statistiques-communale-et-departementale-de-la-delinquance-enregistree-par-la-police-et-la-gendarmerie-nationales/;;Violences sexuelles;V0;;;;;;;;;;;;;;;;;;;;;;France;G0;Métropole;G0.1;Moitié nord;G0.1.1;PAYS DE LA LOIRE;G0.1.1.7;SARTHE;G0.1.1.7.4;;;;;;;;;;;;;;;;;;451;436;608;621;573;798;812;;;;;;;;;;;;;;;;;;;0,794628243;0,769629977;1,074275173;1,096375077;1,010594487;1,407424783;1,432116446
data.gouv.fr;https://www.data.gouv.fr/fr/datasets/bases-statistiques-communale-et-departementale-de-la-delinquance-enregistree-par-la-police-et-la-gendarmerie-nationales/;;Violences sexuelles;V0;;;;;;;;;;;;;;;;;;;;;;France;G0;Métropole;G0.1;Moitié nord;G0.1.1;PAYS DE LA LOIRE;G0.1.1.7;VENDEE;G0.1.1.7.5;;;;;;;;;;;;;;;;;;308;370;439;480;571;745;880;;;;;;;;;;;;;;;;;;;0,459292243;0,54794764;0,64559678;0,700278069;0,824304718;1,075493897;1,270382053
;;;;;;;;;;;;;;;;;;;;;;;;;;;;;;;;;;;;;;;;;;;;;;;;;;;;;;;;;;;;;;;;;;;;;;;;;;;;;;;;;;;;
data.gouv.fr;https://www.data.gouv.fr/fr/datasets/bases-statistiques-communale-et-departementale-de-la-delinquance-enregistree-par-la-police-et-la-gendarmerie-nationales/;;Violences sexuelles;V0;;;;;;;;;;;;;;;;;;;;;;France;G0;Métropole;G0.1;Moitié nord;G0.1.1;BRETAGNE;G0.1.1.8;COTES D ARMOR;G0.1.1.8.1;;;;;;;;;;;;;;;;;;300;304;407;405;442;601;812;;;;;;;;;;;;;;;;;;;0,500874025;0,507670161;0,678803971;0,674345884;0,732224505;0,995626532;1,345172619
data.gouv.fr;https://www.data.gouv.fr/fr/datasets/bases-statistiques-communale-et-departementale-de-la-delinquance-enregistree-par-la-police-et-la-gendarmerie-nationales/;;Violences sexuelles;V0;;;;;;;;;;;;;;;;;;;;;;France;G0;Métropole;G0.1;Moitié nord;G0.1.1;BRETAGNE;G0.1.1.8;FINISTERE;G0.1.1.8.2;;;;;;;;;;;;;;;;;;418;438;551;637;734;1029;997;;;;;;;;;;;;;;;;;;;0,460226215;0,481833343;0,604342271;0,696106394;0,800279989;1,121918404;1,087028813
data.gouv.fr;https://www.data.gouv.fr/fr/datasets/bases-statistiques-communale-et-departementale-de-la-delinquance-enregistree-par-la-police-et-la-gendarmerie-nationales/;;Violences sexuelles;V0;;;;;;;;;;;;;;;;;;;;;;France;G0;Métropole;G0.1;Moitié nord;G0.1.1;BRETAGNE;G0.1.1.8;ILLE ET VILAINE;G0.1.1.8.3;;;;;;;;;;;;;;;;;;545;623;700;755;932;1098;1313;;;;;;;;;;;;;;;;;;;0,518169692;0,587625531;0,654677955;0,699399165;0,855945006;1,008398731;1,205853856
data.gouv.fr;https://www.data.gouv.fr/fr/datasets/bases-statistiques-communale-et-departementale-de-la-delinquance-enregistree-par-la-police-et-la-gendarmerie-nationales/;;Violences sexuelles;V0;;;;;;;;;;;;;;;;;;;;;;France;G0;Métropole;G0.1;Moitié nord;G0.1.1;BRETAGNE;G0.1.1.8;MORBIHAN;G0.1.1.8.4;;;;;;;;;;;;;;;;;;308;348;494;638;715;917;958;;;;;;;;;;;;;;;;;;;0,412013677;0,463466704;0,654419918;0,839822874;0,935666699;1,200008899;1,253662514
;;;;;;;;;;;;;;;;;;;;;;;;;;;;;;;;;;;;;;;;;;;;;;;;;;;;;;;;;;;;;;;;;;;;;;;;;;;;;;;;;;;;
data.gouv.fr;https://www.data.gouv.fr/fr/datasets/bases-statistiques-communale-et-departementale-de-la-delinquance-enregistree-par-la-police-et-la-gendarmerie-nationales/;;Violences sexuelles;V0;;;;;;;;;;;;;;;;;;;;;;France;G0;Métropole;G0.1;Moitié sud;G0.1.2;NOUVELLE AQUITAINE;G0.1.2.1;;;;;;;;;;;;;;;;;;;;3200;3554;4206;4803;5279;7100;7794;;;;;;;;;;;;;;;;;;;0,539119614;0,596611235;0,703370593;0,799129626;0,874882664;1,176674922;1,291690753
data.gouv.fr;https://www.data.gouv.fr/fr/datasets/bases-statistiques-communale-et-departementale-de-la-delinquance-enregistree-par-la-police-et-la-gendarmerie-nationales/;;Violences sexuelles;V0;;;;;;;;;;;;;;;;;;;;;;France;G0;Métropole;G0.1;Moitié sud;G0.1.2;OCCITANIE;G0.1.2.2;;;;;;;;;;;;;;;;;;;;2848;3364;3939;4429;4683;6312;7175;;;;;;;;;;;;;;;;;;;0,490321403;0,575524602;0,669272394;0,746479336;0,783900954;1,05658399;1,201044063
data.gouv.fr;https://www.data.gouv.fr/fr/datasets/bases-statistiques-communale-et-departementale-de-la-delinquance-enregistree-par-la-police-et-la-gendarmerie-nationales/;;Violences sexuelles;V0;;;;;;;;;;;;;;;;;;;;;;France;G0;Métropole;G0.1;Moitié sud;G0.1.2;AUVERGNE RHONE ALPES;G0.1.2.3;;;;;;;;;;;;;;;;;;;;3874;4310;5141;5935;6070;7860;8724;;;;;;;;;;;;;;;;;;;0,489333626;0,542255205;0,643070407;0,737914612;0,751362975;0,972934594;1,079883129
data.gouv.fr;https://www.data.gouv.fr/fr/datasets/bases-statistiques-communale-et-departementale-de-la-delinquance-enregistree-par-la-police-et-la-gendarmerie-nationales/;;Violences sexuelles;V0;;;;;;;;;;;;;;;;;;;;;;France;G0;Métropole;G0.1;Moitié sud;G0.1.2;PROVENCE ALPES COTE D AZUR;G0.1.2.4;;;;;;;;;;;;;;;;;;;;2535;2776;3378;3660;3738;4954;5575;;;;;;;;;;;;;;;;;;;0,50478621;0,551791035;0,668535981;0,720316325;0,733132941;0,971626696;1,09342326
data.gouv.fr;https://www.data.gouv.fr/fr/datasets/bases-statistiques-communale-et-departementale-de-la-delinquance-enregistree-par-la-police-et-la-gendarmerie-nationales/;;Violences sexuelles;V0;;;;;;;;;;;;;;;;;;;;;;France;G0;Métropole;G0.1;Moitié sud;G0.1.2;CORSE;G0.1.2.5;;;;;;;;;;;;;;;;;;;;132;149;157;191;230;267;292;;;;;;;;;;;;;;;;;;;0,399449244;0,444858451;0,463736952;0,561038656;0,669186299;0,776838007;0,849575649
;;;;;;;;;;;;;;;;;;;;;;;;;;;;;;;;;;;;;;;;;;;;;;;;;;;;;;;;;;;;;;;;;;;;;;;;;;;;;;;;;;;;
data.gouv.fr;https://www.data.gouv.fr/fr/datasets/bases-statistiques-communale-et-departementale-de-la-delinquance-enregistree-par-la-police-et-la-gendarmerie-nationales/;;Violences sexuelles;V0;;;;;;;;;;;;;;;;;;;;;;France;G0;Métropole;G0.1;Moitié sud;G0.1.2;NOUVELLE AQUITAINE;G0.1.2.1;CHARENTE;G0.1.2.1.1;;;;;;;;;;;;;;;;;;242;236;313;305;396;440;488;;;;;;;;;;;;;;;;;;;0,684993546;0,669817077;0,889765705;0,866440351;1,125902001;1,251002223;1,387475193
data.gouv.fr;https://www.data.gouv.fr/fr/datasets/bases-statistiques-communale-et-departementale-de-la-delinquance-enregistree-par-la-police-et-la-gendarmerie-nationales/;;Violences sexuelles;V0;;;;;;;;;;;;;;;;;;;;;;France;G0;Métropole;G0.1;Moitié sud;G0.1.2;NOUVELLE AQUITAINE;G0.1.2.1;CHARENTE MARITIME;G0.1.2.1.2;;;;;;;;;;;;;;;;;;367;434;478;574;635;851;853;;;;;;;;;;;;;;;;;;;0,57148107;0,673596119;0,738872092;0,881235818;0,968417392;1,297831813;1,300881946
data.gouv.fr;https://www.data.gouv.fr/fr/datasets/bases-statistiques-communale-et-departementale-de-la-delinquance-enregistree-par-la-police-et-la-gendarmerie-nationales/;;Violences sexuelles;V0;;;;;;;;;;;;;;;;;;;;;;France;G0;Métropole;G0.1;Moitié sud;G0.1.2;NOUVELLE AQUITAINE;G0.1.2.1;CORREZE;G0.1.2.1.3;;;;;;;;;;;;;;;;;;107;122;132;174;189;237;274;;;;;;;;;;;;;;;;;;;0,442999979;0,5052513;0,548667196;0,724779546;0,790166813;0,990844099;1,14553284
data.gouv.fr;https://www.data.gouv.fr/fr/datasets/bases-statistiques-communale-et-departementale-de-la-delinquance-enregistree-par-la-police-et-la-gendarmerie-nationales/;;Violences sexuelles;V0;;;;;;;;;;;;;;;;;;;;;;France;G0;Métropole;G0.1;Moitié sud;G0.1.2;NOUVELLE AQUITAINE;G0.1.2.1;CREUSE;G0.1.2.1.4;;;;;;;;;;;;;;;;;;62;59;76;85;117;155;145;;;;;;;;;;;;;;;;;;;0,518819769;0,497311148;0,646791997;0,728881724;1,008664167;1,336264494;1,250053882
data.gouv.fr;https://www.data.gouv.fr/fr/datasets/bases-statistiques-communale-et-departementale-de-la-delinquance-enregistree-par-la-police-et-la-gendarmerie-nationales/;;Violences sexuelles;V0;;;;;;;;;;;;;;;;;;;;;;France;G0;Métropole;G0.1;Moitié sud;G0.1.2;NOUVELLE AQUITAINE;G0.1.2.1;DORDOGNE;G0.1.2.1.5;;;;;;;;;;;;;;;;;;237;244;268;313;353;476;496;;;;;;;;;;;;;;;;;;;0,571374844;0,589933415;0,648254309;0,757460258;0,855121158;1,153081222;1,201530013
data.gouv.fr;https://www.data.gouv.fr/fr/datasets/bases-statistiques-communale-et-departementale-de-la-delinquance-enregistree-par-la-police-et-la-gendarmerie-nationales/;;Violences sexuelles;V0;;;;;;;;;;;;;;;;;;;;;;France;G0;Métropole;G0.1;Moitié sud;G0.1.2;NOUVELLE AQUITAINE;G0.1.2.1;GIRONDE;G0.1.2.1.6;;;;;;;;;;;;;;;;;;968;1007;1226;1423;1501;1996;2351;;;;;;;;;;;;;;;;;;;0,617867476;0,635979649;0,765367436;0,876366975;0,917262439;1,219757381;1,436698197
data.gouv.fr;https://www.data.gouv.fr/fr/datasets/bases-statistiques-communale-et-departementale-de-la-delinquance-enregistree-par-la-police-et-la-gendarmerie-nationales/;;Violences sexuelles;V0;;;;;;;;;;;;;;;;;;;;;;France;G0;Métropole;G0.1;Moitié sud;G0.1.2;NOUVELLE AQUITAINE;G0.1.2.1;LANDES;G0.1.2.1.7;;;;;;;;;;;;;;;;;;184;225;295;327;329;474;514;;;;;;;;;;;;;;;;;;;0,45430977;0,552223128;0,718889742;0,790446953;0,786851684;1,133640421;1,229306279
data.gouv.fr;https://www.data.gouv.fr/fr/datasets/bases-statistiques-communale-et-departementale-de-la-delinquance-enregistree-par-la-police-et-la-gendarmerie-nationales/;;Violences sexuelles;V0;;;;;;;;;;;;;;;;;;;;;;France;G0;Métropole;G0.1;Moitié sud;G0.1.2;NOUVELLE AQUITAINE;G0.1.2.1;LOT ET GARONNE;G0.1.2.1.8;;;;;;;;;;;;;;;;;;163;195;246;281;266;400;383;;;;;;;;;;;;;;;;;;;0,489735092;0,585863563;0,741030816;0,848248111;0,804004304;1,209029029;1,157645295
data.gouv.fr;https://www.data.gouv.fr/fr/datasets/bases-statistiques-communale-et-departementale-de-la-delinquance-enregistree-par-la-police-et-la-gendarmerie-nationales/;;Violences sexuelles;V0;;;;;;;;;;;;;;;;;;;;;;France;G0;Métropole;G0.1;Moitié sud;G0.1.2;NOUVELLE AQUITAINE;G0.1.2.1;PYRENEES ATLANTIQUES;G0.1.2.1.9;;;;;;;;;;;;;;;;;;274;279;378;386;428;660;690;;;;;;;;;;;;;;;;;;;0,406536634;0,411924247;0,556037716;0,565467514;0,622780979;0,960363192;1,004016064
data.gouv.fr;https://www.data.gouv.fr/fr/datasets/bases-statistiques-communale-et-departementale-de-la-delinquance-enregistree-par-la-police-et-la-gendarmerie-nationales/;;Violences sexuelles;V0;;;;;;;;;;;;;;;;;;;;;;France;G0;Métropole;G0.1;Moitié sud;G0.1.2;NOUVELLE AQUITAINE;G0.1.2.1;DEUX SEVRES;G0.1.2.1.10;;;;;;;;;;;;;;;;;;208;252;255;312;396;498;517;;;;;;;;;;;;;;;;;;;0,555047059;0,673165024;0,680364675;0,832270765;1,05746353;1,329840499;1,380577386
data.gouv.fr;https://www.data.gouv.fr/fr/datasets/bases-statistiques-communale-et-departementale-de-la-delinquance-enregistree-par-la-police-et-la-gendarmerie-nationales/;;Violences sexuelles;V0;;;;;;;;;;;;;;;;;;;;;;France;G0;Métropole;G0.1;Moitié sud;G0.1.2;NOUVELLE AQUITAINE;G0.1.2.1;VIENNE;G0.1.2.1.11;;;;;;;;;;;;;;;;;;221;287;325;359;434;526;659;;;;;;;;;;;;;;;;;;;0,506800529;0,65693698;0,742711147;0,81882149;0,987863393;1,197272222;1,500004552
data.gouv.fr;https://www.data.gouv.fr/fr/datasets/bases-statistiques-communale-et-departementale-de-la-delinquance-enregistree-par-la-police-et-la-gendarmerie-nationales/;;Violences sexuelles;V0;;;;;;;;;;;;;;;;;;;;;;France;G0;Métropole;G0.1;Moitié sud;G0.1.2;NOUVELLE AQUITAINE;G0.1.2.1;HAUTE VIENNE;G0.1.2.1.12;;;;;;;;;;;;;;;;;;167;214;214;264;235;387;424;;;;;;;;;;;;;;;;;;;0,445359461;0,571541506;0,573420615;0,708993203;0,631511624;1,039978717;1,139408206
;;;;;;;;;;;;;;;;;;;;;;;;;;;;;;;;;;;;;;;;;;;;;;;;;;;;;;;;;;;;;;;;;;;;;;;;;;;;;;;;;;;;
data.gouv.fr;https://www.data.gouv.fr/fr/datasets/bases-statistiques-communale-et-departementale-de-la-delinquance-enregistree-par-la-police-et-la-gendarmerie-nationales/;;Violences sexuelles;V0;;;;;;;;;;;;;;;;;;;;;;France;G0;Métropole;G0.1;Moitié sud;G0.1.2;OCCITANIE;G0.1.2.2;ARIEGE;G0.1.2.2.1;;;;;;;;;;;;;;;;;;77;91;107;126;172;181;211;;;;;;;;;;;;;;;;;;;0,503047685;0,594177065;0,699044856;0,821987514;1,117216831;1,175675851;1,370539252
data.gouv.fr;https://www.data.gouv.fr/fr/datasets/bases-statistiques-communale-et-departementale-de-la-delinquance-enregistree-par-la-police-et-la-gendarmerie-nationales/;;Violences sexuelles;V0;;;;;;;;;;;;;;;;;;;;;;France;G0;Métropole;G0.1;Moitié sud;G0.1.2;OCCITANIE;G0.1.2.2;AUDE;G0.1.2.2.2;;;;;;;;;;;;;;;;;;166;195;260;287;267;442;448;;;;;;;;;;;;;;;;;;;0,451056314;0,526656944;0,697413668;0,767236079;0,711588228;1,177985006;1,193975753
data.gouv.fr;https://www.data.gouv.fr/fr/datasets/bases-statistiques-communale-et-departementale-de-la-delinquance-enregistree-par-la-police-et-la-gendarmerie-nationales/;;Violences sexuelles;V0;;;;;;;;;;;;;;;;;;;;;;France;G0;Métropole;G0.1;Moitié sud;G0.1.2;OCCITANIE;G0.1.2.2;AVEYRON;G0.1.2.2.3;;;;;;;;;;;;;;;;;;115;158;150;169;196;229;261;;;;;;;;;;;;;;;;;;;0,41263451;0,565890418;0,537106927;0,604445716;0,701116779;0,819161951;0,933629996
data.gouv.fr;https://www.data.gouv.fr/fr/datasets/bases-statistiques-communale-et-departementale-de-la-delinquance-enregistree-par-la-police-et-la-gendarmerie-nationales/;;Violences sexuelles;V0;;;;;;;;;;;;;;;;;;;;;;France;G0;Métropole;G0.1;Moitié sud;G0.1.2;OCCITANIE;G0.1.2.2;GARD;G0.1.2.2.4;;;;;;;;;;;;;;;;;;354;402;408;541;585;750;902;;;;;;;;;;;;;;;;;;;0,477085091;0,540193341;0,547314537;0,722839731;0,778487658;0,9980611;1,200334816
data.gouv.fr;https://www.data.gouv.fr/fr/datasets/bases-statistiques-communale-et-departementale-de-la-delinquance-enregistree-par-la-police-et-la-gendarmerie-nationales/;;Violences sexuelles;V0;;;;;;;;;;;;;;;;;;;;;;France;G0;Métropole;G0.1;Moitié sud;G0.1.2;OCCITANIE;G0.1.2.2;HAUTE GARONNE;G0.1.2.2.5;;;;;;;;;;;;;;;;;;743;810;949;1102;1083;1501;1678;;;;;;;;;;;;;;;;;;;0,551112126;0,594420374;0,687346452;0,78712093;0,764961784;1,060210191;1,185231646
data.gouv.fr;https://www.data.gouv.fr/fr/datasets/bases-statistiques-communale-et-departementale-de-la-delinquance-enregistree-par-la-police-et-la-gendarmerie-nationales/;;Violences sexuelles;V0;;;;;;;;;;;;;;;;;;;;;;France;G0;Métropole;G0.1;Moitié sud;G0.1.2;OCCITANIE;G0.1.2.2;GERS;G0.1.2.2.6;;;;;;;;;;;;;;;;;;72;111;124;133;150;185;235;;;;;;;;;;;;;;;;;;;0,377627659;0,58087508;0,648254157;0,694963345;0,781987186;0,964450863;1,225113258
data.gouv.fr;https://www.data.gouv.fr/fr/datasets/bases-statistiques-communale-et-departementale-de-la-delinquance-enregistree-par-la-police-et-la-gendarmerie-nationales/;;Violences sexuelles;V0;;;;;;;;;;;;;;;;;;;;;;France;G0;Métropole;G0.1;Moitié sud;G0.1.2;OCCITANIE;G0.1.2.2;HERAULT;G0.1.2.2.7;;;;;;;;;;;;;;;;;;576;688;881;897;913;1248;1396;;;;;;;;;;;;;;;;;;;0,508617805;0,600930044;0,759993789;0,762999703;0,767889599;1,049645366;1,174122541
data.gouv.fr;https://www.data.gouv.fr/fr/datasets/bases-statistiques-communale-et-departementale-de-la-delinquance-enregistree-par-la-police-et-la-gendarmerie-nationales/;;Violences sexuelles;V0;;;;;;;;;;;;;;;;;;;;;;France;G0;Métropole;G0.1;Moitié sud;G0.1.2;OCCITANIE;G0.1.2.2;LOT;G0.1.2.2.8;;;;;;;;;;;;;;;;;;86;90;128;124;136;165;247;;;;;;;;;;;;;;;;;;;0,496114729;0,517753181;0,735932478;0,712258895;0,778611095;0,944638461;1,414095151
data.gouv.fr;https://www.data.gouv.fr/fr/datasets/bases-statistiques-communale-et-departementale-de-la-delinquance-enregistree-par-la-police-et-la-gendarmerie-nationales/;;Violences sexuelles;V0;;;;;;;;;;;;;;;;;;;;;;France;G0;Métropole;G0.1;Moitié sud;G0.1.2;OCCITANIE;G0.1.2.2;LOZERE;G0.1.2.2.9;;;;;;;;;;;;;;;;;;27;34;49;58;67;87;95;;;;;;;;;;;;;;;;;;;0,353301405;0,443858435;0,640355463;0,757140619;0,874296974;1,135281145;1,239674814
data.gouv.fr;https://www.data.gouv.fr/fr/datasets/bases-statistiques-communale-et-departementale-de-la-delinquance-enregistree-par-la-police-et-la-gendarmerie-nationales/;;Violences sexuelles;V0;;;;;;;;;;;;;;;;;;;;;;France;G0;Métropole;G0.1;Moitié sud;G0.1.2;OCCITANIE;G0.1.2.2;HAUTES PYRENEES;G0.1.2.2.10;;;;;;;;;;;;;;;;;;88;94;135;141;162;267;290;;;;;;;;;;;;;;;;;;;0,386254603;0,411324553;0,589028365;0,614199776;0,70499765;1,161940571;1,26203283
data.gouv.fr;https://www.data.gouv.fr/fr/datasets/bases-statistiques-communale-et-departementale-de-la-delinquance-enregistree-par-la-police-et-la-gendarmerie-nationales/;;Violences sexuelles;V0;;;;;;;;;;;;;;;;;;;;;;France;G0;Métropole;G0.1;Moitié sud;G0.1.2;OCCITANIE;G0.1.2.2;PYRENEES ORIENTALES;G0.1.2.2.11;;;;;;;;;;;;;;;;;;251;308;330;384;413;569;657;;;;;;;;;;;;;;;;;;;0,529123952;0,64916999;0,692757743;0,800035002;0,855488695;1,178627282;1,360910588
data.gouv.fr;https://www.data.gouv.fr/fr/datasets/bases-statistiques-communale-et-departementale-de-la-delinquance-enregistree-par-la-police-et-la-gendarmerie-nationales/;;Violences sexuelles;V0;;;;;;;;;;;;;;;;;;;;;;France;G0;Métropole;G0.1;Moitié sud;G0.1.2;OCCITANIE;G0.1.2.2;TARN;G0.1.2.2.12;;;;;;;;;;;;;;;;;;146;212;243;280;307;411;490;;;;;;;;;;;;;;;;;;;0,377799859;0,546546701;0,625328104;0,718236012;0,785033728;1,050973493;1,25298543
data.gouv.fr;https://www.data.gouv.fr/fr/datasets/bases-statistiques-communale-et-departementale-de-la-delinquance-enregistree-par-la-police-et-la-gendarmerie-nationales/;;Violences sexuelles;V0;;;;;;;;;;;;;;;;;;;;;;France;G0;Métropole;G0.1;Moitié sud;G0.1.2;OCCITANIE;G0.1.2.2;TARN ET GARONNE;G0.1.2.2.13;;;;;;;;;;;;;;;;;;147;171;175;187;232;277;265;;;;;;;;;;;;;;;;;;;0,572213767;0,661895343;0,675352341;0,717384883;0,884429467;1,055978286;1,010231934
;;;;;;;;;;;;;;;;;;;;;;;;;;;;;;;;;;;;;;;;;;;;;;;;;;;;;;;;;;;;;;;;;;;;;;;;;;;;;;;;;;;;
data.gouv.fr;https://www.data.gouv.fr/fr/datasets/bases-statistiques-communale-et-departementale-de-la-delinquance-enregistree-par-la-police-et-la-gendarmerie-nationales/;;Violences sexuelles;V0;;;;;;;;;;;;;;;;;;;;;;France;G0;Métropole;G0.1;Moitié sud;G0.1.2;AUVERGNE RHONE ALPES;G0.1.2.3;AIN;G0.1.2.3.1;;;;;;;;;;;;;;;;;;314;306;388;459;473;662;721;;;;;;;;;;;;;;;;;;;0,491835376;0,475635346;0,599103815;0,703521593;0,719002335;1,006299251;1,095984532
data.gouv.fr;https://www.data.gouv.fr/fr/datasets/bases-statistiques-communale-et-departementale-de-la-delinquance-enregistree-par-la-police-et-la-gendarmerie-nationales/;;Violences sexuelles;V0;;;;;;;;;;;;;;;;;;;;;;France;G0;Métropole;G0.1;Moitié sud;G0.1.2;AUVERGNE RHONE ALPES;G0.1.2.3;ALLIER;G0.1.2.3.2;;;;;;;;;;;;;;;;;;161;192;246;266;283;347;376;;;;;;;;;;;;;;;;;;;0,474388893;0,568067505;0,729600114;0,791725575;0,843195443;1,033882751;1,120287938
data.gouv.fr;https://www.data.gouv.fr/fr/datasets/bases-statistiques-communale-et-departementale-de-la-delinquance-enregistree-par-la-police-et-la-gendarmerie-nationales/;;Violences sexuelles;V0;;;;;;;;;;;;;;;;;;;;;;France;G0;Métropole;G0.1;Moitié sud;G0.1.2;AUVERGNE RHONE ALPES;G0.1.2.3;ARDECHE;G0.1.2.3.3;;;;;;;;;;;;;;;;;;136;160;193;219;257;305;359;;;;;;;;;;;;;;;;;;;0,418259487;0,491231517;0,59092607;0,667117504;0,780384119;0,926136795;1,090108555
data.gouv.fr;https://www.data.gouv.fr/fr/datasets/bases-statistiques-communale-et-departementale-de-la-delinquance-enregistree-par-la-police-et-la-gendarmerie-nationales/;;Violences sexuelles;V0;;;;;;;;;;;;;;;;;;;;;;France;G0;Métropole;G0.1;Moitié sud;G0.1.2;AUVERGNE RHONE ALPES;G0.1.2.3;CANTAL;G0.1.2.3.4;;;;;;;;;;;;;;;;;;55;68;127;104;105;132;154;;;;;;;;;;;;;;;;;;;0,376792333;0,468503476;0,877283874;0,718768142;0,727252578;0,914260384;1,066637115
data.gouv.fr;https://www.data.gouv.fr/fr/datasets/bases-statistiques-communale-et-departementale-de-la-delinquance-enregistree-par-la-police-et-la-gendarmerie-nationales/;;Violences sexuelles;V0;;;;;;;;;;;;;;;;;;;;;;France;G0;Métropole;G0.1;Moitié sud;G0.1.2;AUVERGNE RHONE ALPES;G0.1.2.3;DROME;G0.1.2.3.5;;;;;;;;;;;;;;;;;;231;303;361;461;355;540;610;;;;;;;;;;;;;;;;;;;0,454719039;0,592313993;0,701335841;0,892093459;0,685713403;1,043057007;1,1782681
data.gouv.fr;https://www.data.gouv.fr/fr/datasets/bases-statistiques-communale-et-departementale-de-la-delinquance-enregistree-par-la-police-et-la-gendarmerie-nationales/;;Violences sexuelles;V0;;;;;;;;;;;;;;;;;;;;;;France;G0;Métropole;G0.1;Moitié sud;G0.1.2;AUVERGNE RHONE ALPES;G0.1.2.3;ISERE;G0.1.2.3.6;;;;;;;;;;;;;;;;;;600;647;814;906;968;1217;1443;;;;;;;;;;;;;;;;;;;0,478884391;0,51401342;0,644210063;0,712731461;0,757722231;0,952632185;1,129538408
data.gouv.fr;https://www.data.gouv.fr/fr/datasets/bases-statistiques-communale-et-departementale-de-la-delinquance-enregistree-par-la-police-et-la-gendarmerie-nationales/;;Violences sexuelles;V0;;;;;;;;;;;;;;;;;;;;;;France;G0;Métropole;G0.1;Moitié sud;G0.1.2;AUVERGNE RHONE ALPES;G0.1.2.3;LOIRE;G0.1.2.3.7;;;;;;;;;;;;;;;;;;360;386;421;453;518;695;708;;;;;;;;;;;;;;;;;;;0,472442805;0,505936894;0,551450603;0,591666514;0,674033322;0,904349727;0,921265621
data.gouv.fr;https://www.data.gouv.fr/fr/datasets/bases-statistiques-communale-et-departementale-de-la-delinquance-enregistree-par-la-police-et-la-gendarmerie-nationales/;;Violences sexuelles;V0;;;;;;;;;;;;;;;;;;;;;;France;G0;Métropole;G0.1;Moitié sud;G0.1.2;AUVERGNE RHONE ALPES;G0.1.2.3;HAUTE LOIRE;G0.1.2.3.8;;;;;;;;;;;;;;;;;;109;117;128;141;176;224;226;;;;;;;;;;;;;;;;;;;0,479460189;0,514776732;0,562508789;0,619589577;0,773663782;0,984662995;0,993454629
data.gouv.fr;https://www.data.gouv.fr/fr/datasets/bases-statistiques-communale-et-departementale-de-la-delinquance-enregistree-par-la-police-et-la-gendarmerie-nationales/;;Violences sexuelles;V0;;;;;;;;;;;;;;;;;;;;;;France;G0;Métropole;G0.1;Moitié sud;G0.1.2;AUVERGNE RHONE ALPES;G0.1.2.3;PUY DE DOME;G0.1.2.3.9;;;;;;;;;;;;;;;;;;280;280;351;460;442;583;641;;;;;;;;;;;;;;;;;;;0,430305824;0,42830352;0,532586397;0,694704539;0,667823018;0,880861582;0,968494467
data.gouv.fr;https://www.data.gouv.fr/fr/datasets/bases-statistiques-communale-et-departementale-de-la-delinquance-enregistree-par-la-police-et-la-gendarmerie-nationales/;;Violences sexuelles;V0;;;;;;;;;;;;;;;;;;;;;;France;G0;Métropole;G0.1;Moitié sud;G0.1.2;AUVERGNE RHONE ALPES;G0.1.2.3;RHONE;G0.1.2.3.10;;;;;;;;;;;;;;;;;;1043;1158;1371;1598;1533;1885;2162;;;;;;;;;;;;;;;;;;;0,568112803;0,62821465;0,737285456;0,851927259;0,813937498;1,000829866;1,147901416
data.gouv.fr;https://www.data.gouv.fr/fr/datasets/bases-statistiques-communale-et-departementale-de-la-delinquance-enregistree-par-la-police-et-la-gendarmerie-nationales/;;Violences sexuelles;V0;;;;;;;;;;;;;;;;;;;;;;France;G0;Métropole;G0.1;Moitié sud;G0.1.2;AUVERGNE RHONE ALPES;G0.1.2.3;SAVOIE;G0.1.2.3.11;;;;;;;;;;;;;;;;;;223;245;286;331;369;490;481;;;;;;;;;;;;;;;;;;;0,518989669;0,56821608;0,659405521;0,758419372;0,839113132;1,114269471;1,093803297
data.gouv.fr;https://www.data.gouv.fr/fr/datasets/bases-statistiques-communale-et-departementale-de-la-delinquance-enregistree-par-la-police-et-la-gendarmerie-nationales/;;Violences sexuelles;V0;;;;;;;;;;;;;;;;;;;;;;France;G0;Métropole;G0.1;Moitié sud;G0.1.2;AUVERGNE RHONE ALPES;G0.1.2.3;HAUTE SAVOIE;G0.1.2.3.12;;;;;;;;;;;;;;;;;;362;448;455;537;591;780;843;;;;;;;;;;;;;;;;;;;0,45170049;0,554894966;0,5571208;0,650047089;0,707609859;0,933901337;1,00933183
;;;;;;;;;;;;;;;;;;;;;;;;;;;;;;;;;;;;;;;;;;;;;;;;;;;;;;;;;;;;;;;;;;;;;;;;;;;;;;;;;;;;
data.gouv.fr;https://www.data.gouv.fr/fr/datasets/bases-statistiques-communale-et-departementale-de-la-delinquance-enregistree-par-la-police-et-la-gendarmerie-nationales/;;Violences sexuelles;V0;;;;;;;;;;;;;;;;;;;;;;France;G0;Métropole;G0.1;Moitié sud;G0.1.2;PROVENCE ALPES COTE D AZUR;G0.1.2.4;ALPES DE HAUTE PROVENCE;G0.1.2.4.1;;;;;;;;;;;;;;;;;;70;83;122;105;116;193;189;;;;;;;;;;;;;;;;;;;0,430596992;0,506360004;0,74359412;0,639043747;0,701113925;1,166508513;1,142332171
data.gouv.fr;https://www.data.gouv.fr/fr/datasets/bases-statistiques-communale-et-departementale-de-la-delinquance-enregistree-par-la-police-et-la-gendarmerie-nationales/;;Violences sexuelles;V0;;;;;;;;;;;;;;;;;;;;;;France;G0;Métropole;G0.1;Moitié sud;G0.1.2;PROVENCE ALPES COTE D AZUR;G0.1.2.4;HAUTES ALPES;G0.1.2.4.2;;;;;;;;;;;;;;;;;;59;60;125;117;120;192;196;;;;;;;;;;;;;;;;;;;0,418122418;0,424676538;0,888427696;0,828494548;0,853454714;1,365527542;1,393976032
data.gouv.fr;https://www.data.gouv.fr/fr/datasets/bases-statistiques-communale-et-departementale-de-la-delinquance-enregistree-par-la-police-et-la-gendarmerie-nationales/;;Violences sexuelles;V0;;;;;;;;;;;;;;;;;;;;;;France;G0;Métropole;G0.1;Moitié sud;G0.1.2;PROVENCE ALPES COTE D AZUR;G0.1.2.4;ALPES MARITIMES;G0.1.2.4.3;;;;;;;;;;;;;;;;;;542;554;588;731;816;1020;1156;;;;;;;;;;;;;;;;;;;0,500136569;0,51139563;0,541327301;0,668017323;0,743568949;0,929461186;1,053389344
data.gouv.fr;https://www.data.gouv.fr/fr/datasets/bases-statistiques-communale-et-departementale-de-la-delinquance-enregistree-par-la-police-et-la-gendarmerie-nationales/;;Violences sexuelles;V0;;;;;;;;;;;;;;;;;;;;;;France;G0;Métropole;G0.1;Moitié sud;G0.1.2;PROVENCE ALPES COTE D AZUR;G0.1.2.4;BOUCHES DU RHONE;G0.1.2.4.4;;;;;;;;;;;;;;;;;;1078;1215;1486;1604;1530;1983;2323;;;;;;;;;;;;;;;;;;;0,533738143;0,600248399;0,730451931;0,785077651;0,747044779;0,968228625;1,134238576
data.gouv.fr;https://www.data.gouv.fr/fr/datasets/bases-statistiques-communale-et-departementale-de-la-delinquance-enregistree-par-la-police-et-la-gendarmerie-nationales/;;Violences sexuelles;V0;;;;;;;;;;;;;;;;;;;;;;France;G0;Métropole;G0.1;Moitié sud;G0.1.2;PROVENCE ALPES COTE D AZUR;G0.1.2.4;VAR;G0.1.2.4.5;;;;;;;;;;;;;;;;;;485;559;699;715;780;1104;1158;;;;;;;;;;;;;;;;;;;0,459358168;0,527986097;0,65468012;0,664059344;0,718768804;1,017334308;1,067095225
data.gouv.fr;https://www.data.gouv.fr/fr/datasets/bases-statistiques-communale-et-departementale-de-la-delinquance-enregistree-par-la-police-et-la-gendarmerie-nationales/;;Violences sexuelles;V0;;;;;;;;;;;;;;;;;;;;;;France;G0;Métropole;G0.1;Moitié sud;G0.1.2;PROVENCE ALPES COTE D AZUR;G0.1.2.4;VAUCLUSE;G0.1.2.4.6;;;;;;;;;;;;;;;;;;301;305;358;388;376;462;553;;;;;;;;;;;;;;;;;;;0,538448053;0,545150041;0,639522109;0,691044385;0,66910939;0,822150368;0,984089077
;;;;;;;;;;;;;;;;;;;;;;;;;;;;;;;;;;;;;;;;;;;;;;;;;;;;;;;;;;;;;;;;;;;;;;;;;;;;;;;;;;;;
data.gouv.fr;https://www.data.gouv.fr/fr/datasets/bases-statistiques-communale-et-departementale-de-la-delinquance-enregistree-par-la-police-et-la-gendarmerie-nationales/;;Violences sexuelles;V0;;;;;;;;;;;;;;;;;;;;;;France;G0;Métropole;G0.1;Moitié sud;G0.1.2;CORSE;G0.1.2.5;CORSE DU SUD;G0.1.2.5.1;;;;;;;;;;;;;;;;;;71;60;84;96;93;100;135;;;;;;;;;;;;;;;;;;;0,460133633;0,381560455;0,532140663;0,605651485;0,578307859;0,621836407;0,83947915
data.gouv.fr;https://www.data.gouv.fr/fr/datasets/bases-statistiques-communale-et-departementale-de-la-delinquance-enregistree-par-la-police-et-la-gendarmerie-nationales/;;Violences sexuelles;V0;;;;;;;;;;;;;;;;;;;;;;France;G0;Métropole;G0.1;Moitié sud;G0.1.2;CORSE;G0.1.2.5;HAUTE CORSE;G0.1.2.5.2;;;;;;;;;;;;;;;;;;61;89;73;95;137;167;157;;;;;;;;;;;;;;;;;;;0,346291839;0,500875125;0,403982269;0,522170249;0,749096437;0,913132153;0,858453581
;;;;;;;;;;;;;;;;;;;;;;;;;;;;;;;;;;;;;;;;;;;;;;;;;;;;;;;;;;;;;;;;;;;;;;;;;;;;;;;;;;;;
;;;;;;;;;;;;;;;;;;;;;;;;;;;;;;;;;;;;;;;;;;;;;;;;;;;;;;;;;;;;;;;;;;;;;;;;;;;;;;;;;;;;
data.gouv.fr;https://www.data.gouv.fr/fr/datasets/bases-statistiques-communale-et-departementale-de-la-delinquance-enregistree-par-la-police-et-la-gendarmerie-nationales/;;Violences sexuelles;V0;;;;;;;;;;;;;;;;;;;;;;France;G0;Outre-mer;G0.2;GUADELOUPE;G0.2.1;;;;;;;;;;;;;;;;;;;;;;264;277;296;320;317;482;520;;;;;;;;;;;;;;;;;;;0,669863744;0,709795953;0,763616757;0,832814993;0,826469982;1,256651519;1,355723631
data.gouv.fr;https://www.data.gouv.fr/fr/datasets/bases-statistiques-communale-et-departementale-de-la-delinquance-enregistree-par-la-police-et-la-gendarmerie-nationales/;;Violences sexuelles;V0;;;;;;;;;;;;;;;;;;;;;;France;G0;Outre-mer;G0.2;MARTINIQUE;G0.2.2;;;;;;;;;;;;;;;;;;;;;;235;275;320;372;389;550;543;;;;;;;;;;;;;;;;;;;0,624203145;0,738068783;0,867718957;1,020553733;1,076891134;1,522596719;1,503218216
data.gouv.fr;https://www.data.gouv.fr/fr/datasets/bases-statistiques-communale-et-departementale-de-la-delinquance-enregistree-par-la-police-et-la-gendarmerie-nationales/;;Violences sexuelles;V0;;;;;;;;;;;;;;;;;;;;;;France;G0;Outre-mer;G0.2;GUYANE;G0.2.3;;;;;;;;;;;;;;;;;;;;;;305;320;356;459;426;554;566;;;;;;;;;;;;;;;;;;;1,132347263;1,190919241;1,289257156;1,629520232;1,494039624;1,942952938;1,985038561
data.gouv.fr;https://www.data.gouv.fr/fr/datasets/bases-statistiques-communale-et-departementale-de-la-delinquance-enregistree-par-la-police-et-la-gendarmerie-nationales/;;Violences sexuelles;V0;;;;;;;;;;;;;;;;;;;;;;France;G0;Outre-mer;G0.2;LA REUNION;G0.2.4;;;;;;;;;;;;;;;;;;;;;;734;807;827;952;982;1230;1394;;;;;;;;;;;;;;;;;;;0,860569054;0,945342344;0,966165515;1,105421442;1,13778165;1,425123656;1,615140143
data.gouv.fr;https://www.data.gouv.fr/fr/datasets/bases-statistiques-communale-et-departementale-de-la-delinquance-enregistree-par-la-police-et-la-gendarmerie-nationales/;;Violences sexuelles;V0;;;;;;;;;;;;;;;;;;;;;;France;G0;Outre-mer;G0.2;MAYOTTE;G0.2.5;;;;;;;;;;;;;;;;;;;;;;234;189;234;287;263;379;381;;;;;;;;;;;;;;;;;;;0,912216687;0,736790401;0,912216687;1,118829868;1,025269182;1,477479163;1,485275887
