A0_V0.1_V0.3.1.1.1;France;;;;;;;;;;;;;;;;;;;;;;;;;;;;;;;;;;;;;;;;;;;;;;;;;;;;;;;;;;;;;;;;;;;;;;;;;;;;;;;;;;;
;;;;;;;;;;;;;;;;;;;;;;;;;;;;;;;;;;;;;;;;;;;;;;;;;;;;;;;;;;;;;;;;;;;;;;;;;;;;;taux pour 1000;ratio;ratio;ratio;ratio;ratio;ratio;ratio
;;;;;;;;;;;;;;;;;;;;;;;;;;;;;;;;;;;;;;;;;;;;;;;;;;;;;victimes entendues;victimes entendues;victimes entendues;victimes entendues;victimes entendues;victimes entendues;victimes entendues;;;;;;;;;;;;;;;;;;;taux pour 1000 habitants;taux pour 1000 habitants;taux pour 1000 habitants;taux pour 1000 habitants;taux pour 1000 habitants;taux pour 1000 habitants;taux pour 1000 habitants
Source;Lien;Niveau;Niv 1;Niv 1 id;Niv 2;Niv 2 id;Niv 3;Niv 3 id;Niv 4;Niv 4 id;Niv 5;Niv 5 id;Niv 6;Niv 6 id;Niv 7;Niv 7 id;Niv 8;Niv 8 id;Niv 9;Niv 9 id;Niv 10;Niv 10 id;Niv 11;Niv 11 id;;Niv 1 geo;Niv 1 geo id;Niv 2 geo;Niv 2 geo id;Niv 3 geo;Niv 3 geo id;Niv 4 geo;Niv 4 geo id;Niv 5 geo;Niv 5 geo id;Niv 6 geo;Niv 6 geo id;Niv 7 geo;Niv 7 geo id;Niv 8 geo;Niv 8 geo id;Niv 9 geo;Niv 9 geo id;Niv 10 geo;Niv 10 geo id;Niv 11 geo;Niv 11 geo id;Niv 12 geo;Niv 12 geo id;Niv 13 geo;Niv 13 geo id;Data / ventil;2016;2017;2018;2019;2020;2021;2022;;;;;;;;;;;;;;;;;;;2016;2017;2018;2019;2020;2021;2022
;;;;;;;;;;;;;;;;;;;;;;;;;;;;;;;;;;;;;;;;;;;;;;;;;;;;;;;;;;;;;;;;;;;;;;;;;;;;;;;;;;;;
data.gouv.fr;https://www.data.gouv.fr/fr/datasets/bases-statistiques-communale-et-departementale-de-la-delinquance-enregistree-par-la-police-et-la-gendarmerie-nationales/;;Vols sans violence contre des personnes;V0;;;;;;;;;;;;;;;;;;;;;;France;G0;;;;;;;;;;;;;;;;;;;;;;;;;;714543;719656;708118;728626;553772;583768;663661;;;;;;;;;;;;;;;;;;;10,72594662;10,77638162;10,57065202;10,8354057;8,213926255;8,658847507;9,843875299
;;;;;;;;;;;;;;;;;;;;;;;;;;;;;;;;;;;;;;;;;;;;;;;;;;;;;;;;;;;;;;;;;;;;;;;;;;;;;;;;;;;;
data.gouv.fr;https://www.data.gouv.fr/fr/datasets/bases-statistiques-communale-et-departementale-de-la-delinquance-enregistree-par-la-police-et-la-gendarmerie-nationales/;;Vols sans violence contre des personnes;V0;;;;;;;;;;;;;;;;;;;;;;France;G0;Métropole;G0.1;;;;;;;;;;;;;;;;;;;;;;;;699806;705788;695462;715763;543755;573884;652562;;;;;;;;;;;;;;;;;;;10,85495754;10,91889645;10,72514964;10,99536923;8,330964425;8,792576046;9,998015295
data.gouv.fr;https://www.data.gouv.fr/fr/datasets/bases-statistiques-communale-et-departementale-de-la-delinquance-enregistree-par-la-police-et-la-gendarmerie-nationales/;;Vols sans violence contre des personnes;V0;;;;;;;;;;;;;;;;;;;;;;France;G0;Outre-mer;G0.2;;;;;;;;;;;;;;;;;;;;;;;;14737;13868;12656;12863;10017;9884;11099;;;;;;;;;;;;;;;;;;;6,856383038;6,475157397;5,900180838;5,987934751;4,6601145;4,598240164;5,163483162
;;;;;;;;;;;;;;;;;;;;;;;;;;;;;;;;;;;;;;;;;;;;;;;;;;;;;;;;;;;;;;;;;;;;;;;;;;;;;;;;;;;;
data.gouv.fr;https://www.data.gouv.fr/fr/datasets/bases-statistiques-communale-et-departementale-de-la-delinquance-enregistree-par-la-police-et-la-gendarmerie-nationales/;;Vols sans violence contre des personnes;V0;;;;;;;;;;;;;;;;;;;;;;France;G0;Métropole;G0.1;Moitié nord;G0.1.1;;;;;;;;;;;;;;;;;;;;;;433010;437369;435539;458623;343416;356937;408421;;;;;;;;;;;;;;;;;;;10,97464733;11,06620667;11,00042689;11,55547166;8,641523672;8,981758377;10,27727229
data.gouv.fr;https://www.data.gouv.fr/fr/datasets/bases-statistiques-communale-et-departementale-de-la-delinquance-enregistree-par-la-police-et-la-gendarmerie-nationales/;;Vols sans violence contre des personnes;V0;;;;;;;;;;;;;;;;;;;;;;France;G0;Métropole;G0.1;Moitié sud;G0.1.2;;;;;;;;;;;;;;;;;;;;;;266796;268419;259923;257140;200339;216947;244141;;;;;;;;;;;;;;;;;;;10,66616134;10,68708855;10,29352402;10,12045403;7,847525201;8,498081001;9,563303451
;;;;;;;;;;;;;;;;;;;;;;;;;;;;;;;;;;;;;;;;;;;;;;;;;;;;;;;;;;;;;;;;;;;;;;;;;;;;;;;;;;;;
data.gouv.fr;https://www.data.gouv.fr/fr/datasets/bases-statistiques-communale-et-departementale-de-la-delinquance-enregistree-par-la-police-et-la-gendarmerie-nationales/;;Vols sans violence contre des personnes;V0;;;;;;;;;;;;;;;;;;;;;;France;G0;Métropole;G0.1;Moitié nord;G0.1.1;ILE DE FRANCE;G0.1.1.1;;;;;;;;;;;;;;;;;;;;237879;241103;245294;271515;202374;207370;231890;;;;;;;;;;;;;;;;;;;19,6316257;19,80331634;20,0839288;22,14181658;16,49098738;16,89809982;18,89617769
data.gouv.fr;https://www.data.gouv.fr/fr/datasets/bases-statistiques-communale-et-departementale-de-la-delinquance-enregistree-par-la-police-et-la-gendarmerie-nationales/;;Vols sans violence contre des personnes;V0;;;;;;;;;;;;;;;;;;;;;;France;G0;Métropole;G0.1;Moitié nord;G0.1.1;CENTRE VAL DE LOIRE;G0.1.1.2;;;;;;;;;;;;;;;;;;;;16970;17100;16300;15860;11908;12837;14360;;;;;;;;;;;;;;;;;;;6,582964359;6,637549432;6,335379441;6,163579695;4,624712072;4,985507967;5,576995747
data.gouv.fr;https://www.data.gouv.fr/fr/datasets/bases-statistiques-communale-et-departementale-de-la-delinquance-enregistree-par-la-police-et-la-gendarmerie-nationales/;;Vols sans violence contre des personnes;V0;;;;;;;;;;;;;;;;;;;;;;France;G0;Métropole;G0.1;Moitié nord;G0.1.1;BOURGOGNE FRANCHE COMTE;G0.1.1.3;;;;;;;;;;;;;;;;;;;;17268;17795;16336;15819;12691;12861;14515;;;;;;;;;;;;;;;;;;;6,127015283;6,329534901;5,818063706;5,638406319;4,529757879;4,590435433;5,180792342
data.gouv.fr;https://www.data.gouv.fr/fr/datasets/bases-statistiques-communale-et-departementale-de-la-delinquance-enregistree-par-la-police-et-la-gendarmerie-nationales/;;Vols sans violence contre des personnes;V0;;;;;;;;;;;;;;;;;;;;;;France;G0;Métropole;G0.1;Moitié nord;G0.1.1;NORMANDIE;G0.1.1.4;;;;;;;;;;;;;;;;;;;;20387;20428;20079;20912;16392;16374;19812;;;;;;;;;;;;;;;;;;;6,111341099;6,133654088;6,034301665;6,28926278;4,929150972;4,923738288;5,957560948
data.gouv.fr;https://www.data.gouv.fr/fr/datasets/bases-statistiques-communale-et-departementale-de-la-delinquance-enregistree-par-la-police-et-la-gendarmerie-nationales/;;Vols sans violence contre des personnes;V0;;;;;;;;;;;;;;;;;;;;;;France;G0;Métropole;G0.1;Moitié nord;G0.1.1;HAUTS DE FRANCE;G0.1.1.5;;;;;;;;;;;;;;;;;;;;46747;45869;45480;44403;32525;34459;41410;;;;;;;;;;;;;;;;;;;7,782255984;7,639975582;7,574813778;7,394403314;5,422881375;5,745336489;6,904274181
data.gouv.fr;https://www.data.gouv.fr/fr/datasets/bases-statistiques-communale-et-departementale-de-la-delinquance-enregistree-par-la-police-et-la-gendarmerie-nationales/;;Vols sans violence contre des personnes;V0;;;;;;;;;;;;;;;;;;;;;;France;G0;Métropole;G0.1;Moitié nord;G0.1.1;GRAND EST;G0.1.1.6;;;;;;;;;;;;;;;;;;;;38155;38663;37336;37121;28407;31000;36532;;;;;;;;;;;;;;;;;;;6,868356883;6,966825994;6,72673573;6,680982157;5,106737777;5,572882426;6,567372283
data.gouv.fr;https://www.data.gouv.fr/fr/datasets/bases-statistiques-communale-et-departementale-de-la-delinquance-enregistree-par-la-police-et-la-gendarmerie-nationales/;;Vols sans violence contre des personnes;V0;;;;;;;;;;;;;;;;;;;;;;France;G0;Métropole;G0.1;Moitié nord;G0.1.1;PAYS DE LA LOIRE;G0.1.1.7;;;;;;;;;;;;;;;;;;;;31718;32354;31185;30903;22396;24782;28439;;;;;;;;;;;;;;;;;;;8,486121694;8,610283159;8,246895415;8,118564725;5,844284626;6,466916485;7,421218542
data.gouv.fr;https://www.data.gouv.fr/fr/datasets/bases-statistiques-communale-et-departementale-de-la-delinquance-enregistree-par-la-police-et-la-gendarmerie-nationales/;;Vols sans violence contre des personnes;V0;;;;;;;;;;;;;;;;;;;;;;France;G0;Métropole;G0.1;Moitié nord;G0.1.1;BRETAGNE;G0.1.1.8;;;;;;;;;;;;;;;;;;;;23886;24057;23529;22090;16723;17254;21463;;;;;;;;;;;;;;;;;;;7,223889462;7,248477208;7,054296708;6,584489221;4,956673933;5,114061595;6,361603339
;;;;;;;;;;;;;;;;;;;;;;;;;;;;;;;;;;;;;;;;;;;;;;;;;;;;;;;;;;;;;;;;;;;;;;;;;;;;;;;;;;;;
data.gouv.fr;https://www.data.gouv.fr/fr/datasets/bases-statistiques-communale-et-departementale-de-la-delinquance-enregistree-par-la-police-et-la-gendarmerie-nationales/;;Vols sans violence contre des personnes;V0;;;;;;;;;;;;;;;;;;;;;;France;G0;Métropole;G0.1;Moitié nord;G0.1.1;ILE DE FRANCE;G0.1.1.1;PARIS;G0.1.1.1.1;;;;;;;;;;;;;;;;;;132355;134264;140854;163694;111324;107457;121894;;;;;;;;;;;;;;;;;;;60,42705039;61,37709906;64,74256998;75,59446815;51,87738885;50,07535279;56,80304729
data.gouv.fr;https://www.data.gouv.fr/fr/datasets/bases-statistiques-communale-et-departementale-de-la-delinquance-enregistree-par-la-police-et-la-gendarmerie-nationales/;;Vols sans violence contre des personnes;V0;;;;;;;;;;;;;;;;;;;;;;France;G0;Métropole;G0.1;Moitié nord;G0.1.1;ILE DE FRANCE;G0.1.1.1;SEINE ET MARNE;G0.1.1.1.2;;;;;;;;;;;;;;;;;;10164;10552;10286;10044;8132;9107;10610;;;;;;;;;;;;;;;;;;;7,272128872;7,515685575;7,282041407;7,067282016;5,692142715;6,374611868;7,426664315
data.gouv.fr;https://www.data.gouv.fr/fr/datasets/bases-statistiques-communale-et-departementale-de-la-delinquance-enregistree-par-la-police-et-la-gendarmerie-nationales/;;Vols sans violence contre des personnes;V0;;;;;;;;;;;;;;;;;;;;;;France;G0;Métropole;G0.1;Moitié nord;G0.1.1;ILE DE FRANCE;G0.1.1.1;YVELINES;G0.1.1.1.3;;;;;;;;;;;;;;;;;;11132;10483;10024;10162;8723;9234;10946;;;;;;;;;;;;;;;;;;;7,774785446;7,288637846;6,954359587;7,016952687;6,017011526;6,369492655;7,550407906
data.gouv.fr;https://www.data.gouv.fr/fr/datasets/bases-statistiques-communale-et-departementale-de-la-delinquance-enregistree-par-la-police-et-la-gendarmerie-nationales/;;Vols sans violence contre des personnes;V0;;;;;;;;;;;;;;;;;;;;;;France;G0;Métropole;G0.1;Moitié nord;G0.1.1;ILE DE FRANCE;G0.1.1.1;ESSONNE;G0.1.1.1.4;;;;;;;;;;;;;;;;;;9351;9677;9069;9007;8138;9232;10120;;;;;;;;;;;;;;;;;;;7,263871735;7,466072076;6,99422585;6,919631025;6,230677473;7,068274076;7,748151392
data.gouv.fr;https://www.data.gouv.fr/fr/datasets/bases-statistiques-communale-et-departementale-de-la-delinquance-enregistree-par-la-police-et-la-gendarmerie-nationales/;;Vols sans violence contre des personnes;V0;;;;;;;;;;;;;;;;;;;;;;France;G0;Métropole;G0.1;Moitié nord;G0.1.1;ILE DE FRANCE;G0.1.1.1;HAUTS DE SEINE;G0.1.1.1.5;;;;;;;;;;;;;;;;;;21086;20052;20080;20927;18253;19808;22036;;;;;;;;;;;;;;;;;;;13,15188727;12,46002935;12,40179851;12,88325165;11,22423692;12,18044623;13,55050046
data.gouv.fr;https://www.data.gouv.fr/fr/datasets/bases-statistiques-communale-et-departementale-de-la-delinquance-enregistree-par-la-police-et-la-gendarmerie-nationales/;;Vols sans violence contre des personnes;V0;;;;;;;;;;;;;;;;;;;;;;France;G0;Métropole;G0.1;Moitié nord;G0.1.1;ILE DE FRANCE;G0.1.1.1;SEINE SAINT DENIS;G0.1.1.1.6;;;;;;;;;;;;;;;;;;25294;25927;25066;27306;23151;25144;25621;;;;;;;;;;;;;;;;;;;15,74321885;15,97364567;15,35269989;16,60037096;13,98495369;15,18887631;15,47702036
data.gouv.fr;https://www.data.gouv.fr/fr/datasets/bases-statistiques-communale-et-departementale-de-la-delinquance-enregistree-par-la-police-et-la-gendarmerie-nationales/;;Vols sans violence contre des personnes;V0;;;;;;;;;;;;;;;;;;;;;;France;G0;Métropole;G0.1;Moitié nord;G0.1.1;ILE DE FRANCE;G0.1.1.1;VAL DE MARNE;G0.1.1.1.7;;;;;;;;;;;;;;;;;;16608;17692;17094;17307;15015;16587;18131;;;;;;;;;;;;;;;;;;;12,05092911;12,74707729;12,23698255;12,29955569;10,66427457;11,78077405;12,87738677
data.gouv.fr;https://www.data.gouv.fr/fr/datasets/bases-statistiques-communale-et-departementale-de-la-delinquance-enregistree-par-la-police-et-la-gendarmerie-nationales/;;Vols sans violence contre des personnes;V0;;;;;;;;;;;;;;;;;;;;;;France;G0;Métropole;G0.1;Moitié nord;G0.1.1;ILE DE FRANCE;G0.1.1.1;VAL D OISE;G0.1.1.1.8;;;;;;;;;;;;;;;;;;11889;12456;12821;13068;9638;10801;12532;;;;;;;;;;;;;;;;;;;9,729745655;10,13822034;10,35136176;10,45712722;7,699288387;8,628347569;10,01115191
;;;;;;;;;;;;;;;;;;;;;;;;;;;;;;;;;;;;;;;;;;;;;;;;;;;;;;;;;;;;;;;;;;;;;;;;;;;;;;;;;;;;
data.gouv.fr;https://www.data.gouv.fr/fr/datasets/bases-statistiques-communale-et-departementale-de-la-delinquance-enregistree-par-la-police-et-la-gendarmerie-nationales/;;Vols sans violence contre des personnes;V0;;;;;;;;;;;;;;;;;;;;;;France;G0;Métropole;G0.1;Moitié nord;G0.1.1;CENTRE VAL DE LOIRE;G0.1.1.2;CHER;G0.1.1.2.1;;;;;;;;;;;;;;;;;;1941;1820;1650;1576;1153;1321;1359;;;;;;;;;;;;;;;;;;;6,320210999;5,981804796;5,4382218;5,213260736;3,831417625;4,389681424;4,515955379
data.gouv.fr;https://www.data.gouv.fr/fr/datasets/bases-statistiques-communale-et-departementale-de-la-delinquance-enregistree-par-la-police-et-la-gendarmerie-nationales/;;Vols sans violence contre des personnes;V0;;;;;;;;;;;;;;;;;;;;;;France;G0;Métropole;G0.1;Moitié nord;G0.1.1;CENTRE VAL DE LOIRE;G0.1.1.2;EURE ET LOIR;G0.1.1.2.2;;;;;;;;;;;;;;;;;;2174;2061;2051;1913;1517;1590;1871;;;;;;;;;;;;;;;;;;;5,010036204;4,757255334;4,747718155;4,432601518;3,516107574;3,685307213;4,336609935
data.gouv.fr;https://www.data.gouv.fr/fr/datasets/bases-statistiques-communale-et-departementale-de-la-delinquance-enregistree-par-la-police-et-la-gendarmerie-nationales/;;Vols sans violence contre des personnes;V0;;;;;;;;;;;;;;;;;;;;;;France;G0;Métropole;G0.1;Moitié nord;G0.1.1;CENTRE VAL DE LOIRE;G0.1.1.2;INDRE;G0.1.1.2.3;;;;;;;;;;;;;;;;;;1006;1037;1059;1011;783;958;1022;;;;;;;;;;;;;;;;;;;4,501017874;4,666294683;4,80065278;4,609786792;3,580132323;4,380289611;4,672918562
data.gouv.fr;https://www.data.gouv.fr/fr/datasets/bases-statistiques-communale-et-departementale-de-la-delinquance-enregistree-par-la-police-et-la-gendarmerie-nationales/;;Vols sans violence contre des personnes;V0;;;;;;;;;;;;;;;;;;;;;;France;G0;Métropole;G0.1;Moitié nord;G0.1.1;CENTRE VAL DE LOIRE;G0.1.1.2;INDRE ET LOIRE;G0.1.1.2.4;;;;;;;;;;;;;;;;;;5168;5833;5622;5538;4039;4332;4879;;;;;;;;;;;;;;;;;;;8,524915749;9,617302901;9,250361985;9,077512912;6,598390182;7,077055278;7,970672369
data.gouv.fr;https://www.data.gouv.fr/fr/datasets/bases-statistiques-communale-et-departementale-de-la-delinquance-enregistree-par-la-police-et-la-gendarmerie-nationales/;;Vols sans violence contre des personnes;V0;;;;;;;;;;;;;;;;;;;;;;France;G0;Métropole;G0.1;Moitié nord;G0.1.1;CENTRE VAL DE LOIRE;G0.1.1.2;LOIR ET CHER;G0.1.1.2.5;;;;;;;;;;;;;;;;;;2110;1943;1662;1663;1225;1325;1461;;;;;;;;;;;;;;;;;;;6,340734864;5,85390838;5,032581575;5,047500531;3,719368345;4,022990251;4,435916042
data.gouv.fr;https://www.data.gouv.fr/fr/datasets/bases-statistiques-communale-et-departementale-de-la-delinquance-enregistree-par-la-police-et-la-gendarmerie-nationales/;;Vols sans violence contre des personnes;V0;;;;;;;;;;;;;;;;;;;;;;France;G0;Métropole;G0.1;Moitié nord;G0.1.1;CENTRE VAL DE LOIRE;G0.1.1.2;LOIRET;G0.1.1.2.6;;;;;;;;;;;;;;;;;;4571;4406;4256;4159;3191;3311;3768;;;;;;;;;;;;;;;;;;;6,77858022;6,497518821;6,269472413;6,112275401;4,676800957;4,85267564;5,52246506
;;;;;;;;;;;;;;;;;;;;;;;;;;;;;;;;;;;;;;;;;;;;;;;;;;;;;;;;;;;;;;;;;;;;;;;;;;;;;;;;;;;;
data.gouv.fr;https://www.data.gouv.fr/fr/datasets/bases-statistiques-communale-et-departementale-de-la-delinquance-enregistree-par-la-police-et-la-gendarmerie-nationales/;;Vols sans violence contre des personnes;V0;;;;;;;;;;;;;;;;;;;;;;France;G0;Métropole;G0.1;Moitié nord;G0.1.1;BOURGOGNE FRANCHE COMTE;G0.1.1.3;COTE D OR;G0.1.1.3.1;;;;;;;;;;;;;;;;;;3898;4212;3895;3741;3114;2979;3410;;;;;;;;;;;;;;;;;;;7,310399409;7,890314882;7,304677244;7,003991582;5,819712266;5,567412602;6,372902642
data.gouv.fr;https://www.data.gouv.fr/fr/datasets/bases-statistiques-communale-et-departementale-de-la-delinquance-enregistree-par-la-police-et-la-gendarmerie-nationales/;;Vols sans violence contre des personnes;V0;;;;;;;;;;;;;;;;;;;;;;France;G0;Métropole;G0.1;Moitié nord;G0.1.1;BOURGOGNE FRANCHE COMTE;G0.1.1.3;DOUBS;G0.1.1.3.2;;;;;;;;;;;;;;;;;;3589;3573;3175;3274;2691;2734;2949;;;;;;;;;;;;;;;;;;;6,664203257;6,628118583;5,863840696;6,01867001;4,935721897;5,014590735;5,408934922
data.gouv.fr;https://www.data.gouv.fr/fr/datasets/bases-statistiques-communale-et-departementale-de-la-delinquance-enregistree-par-la-police-et-la-gendarmerie-nationales/;;Vols sans violence contre des personnes;V0;;;;;;;;;;;;;;;;;;;;;;France;G0;Métropole;G0.1;Moitié nord;G0.1.1;BOURGOGNE FRANCHE COMTE;G0.1.1.3;JURA;G0.1.1.3.3;;;;;;;;;;;;;;;;;;1327;1517;1341;1256;1001;975;1194;;;;;;;;;;;;;;;;;;;5,093717493;5,830399557;5,162735904;4,845697707;3,867881514;3,767417059;4,613636891
data.gouv.fr;https://www.data.gouv.fr/fr/datasets/bases-statistiques-communale-et-departementale-de-la-delinquance-enregistree-par-la-police-et-la-gendarmerie-nationales/;;Vols sans violence contre des personnes;V0;;;;;;;;;;;;;;;;;;;;;;France;G0;Métropole;G0.1;Moitié nord;G0.1.1;BOURGOGNE FRANCHE COMTE;G0.1.1.3;NIEVRE;G0.1.1.3.4;;;;;;;;;;;;;;;;;;1142;1171;993;1057;881;885;944;;;;;;;;;;;;;;;;;;;5,459908874;5,652035408;4,824416503;5,169917633;4,346967978;4,366704495;4,657818128
data.gouv.fr;https://www.data.gouv.fr/fr/datasets/bases-statistiques-communale-et-departementale-de-la-delinquance-enregistree-par-la-police-et-la-gendarmerie-nationales/;;Vols sans violence contre des personnes;V0;;;;;;;;;;;;;;;;;;;;;;France;G0;Métropole;G0.1;Moitié nord;G0.1.1;BOURGOGNE FRANCHE COMTE;G0.1.1.3;HAUTE SAONE;G0.1.1.3.5;;;;;;;;;;;;;;;;;;1138;1158;1125;1141;929;857;1004;;;;;;;;;;;;;;;;;;;4,796789776;4,893116256;4,766585599;4,848860879;3,959914919;3,653010857;4,279606651
data.gouv.fr;https://www.data.gouv.fr/fr/datasets/bases-statistiques-communale-et-departementale-de-la-delinquance-enregistree-par-la-police-et-la-gendarmerie-nationales/;;Vols sans violence contre des personnes;V0;;;;;;;;;;;;;;;;;;;;;;France;G0;Métropole;G0.1;Moitié nord;G0.1.1;BOURGOGNE FRANCHE COMTE;G0.1.1.3;SAONE ET LOIRE;G0.1.1.3.6;;;;;;;;;;;;;;;;;;2687;2826;2787;2589;2019;2221;2497;;;;;;;;;;;;;;;;;;;4,841240813;5,104814892;5,047221493;4,694529214;3,663827911;4,030392169;4,531242344
data.gouv.fr;https://www.data.gouv.fr/fr/datasets/bases-statistiques-communale-et-departementale-de-la-delinquance-enregistree-par-la-police-et-la-gendarmerie-nationales/;;Vols sans violence contre des personnes;V0;;;;;;;;;;;;;;;;;;;;;;France;G0;Métropole;G0.1;Moitié nord;G0.1.1;BOURGOGNE FRANCHE COMTE;G0.1.1.3;YONNE;G0.1.1.3.7;;;;;;;;;;;;;;;;;;2303;2118;1944;1767;1501;1618;1782;;;;;;;;;;;;;;;;;;;6,762709077;6,260881903;5,759931734;5,263518485;4,491913956;4,842049821;5,332838554
data.gouv.fr;https://www.data.gouv.fr/fr/datasets/bases-statistiques-communale-et-departementale-de-la-delinquance-enregistree-par-la-police-et-la-gendarmerie-nationales/;;Vols sans violence contre des personnes;V0;;;;;;;;;;;;;;;;;;;;;;France;G0;Métropole;G0.1;Moitié nord;G0.1.1;BOURGOGNE FRANCHE COMTE;G0.1.1.3;TERRITOIRE DE BELFORT;G0.1.1.3.8;;;;;;;;;;;;;;;;;;1184;1220;1076;994;555;592;735;;;;;;;;;;;;;;;;;;;8,217143571;8,554080016;7,585370668;7,033781967;3,960890665;4,224950043;5,245503854
;;;;;;;;;;;;;;;;;;;;;;;;;;;;;;;;;;;;;;;;;;;;;;;;;;;;;;;;;;;;;;;;;;;;;;;;;;;;;;;;;;;;
data.gouv.fr;https://www.data.gouv.fr/fr/datasets/bases-statistiques-communale-et-departementale-de-la-delinquance-enregistree-par-la-police-et-la-gendarmerie-nationales/;;Vols sans violence contre des personnes;V0;;;;;;;;;;;;;;;;;;;;;;France;G0;Métropole;G0.1;Moitié nord;G0.1.1;NORMANDIE;G0.1.1.4;CALVADOS;G0.1.1.4.1;;;;;;;;;;;;;;;;;;5079;5094;4852;4843;3448;3550;4484;;;;;;;;;;;;;;;;;;;7,321830414;7,340036484;6,990790369;6,969297962;4,943036096;5,089262802;6,428240678
data.gouv.fr;https://www.data.gouv.fr/fr/datasets/bases-statistiques-communale-et-departementale-de-la-delinquance-enregistree-par-la-police-et-la-gendarmerie-nationales/;;Vols sans violence contre des personnes;V0;;;;;;;;;;;;;;;;;;;;;;France;G0;Métropole;G0.1;Moitié nord;G0.1.1;NORMANDIE;G0.1.1.4;EURE;G0.1.1.4.2;;;;;;;;;;;;;;;;;;2891;2761;2762;2707;2413;2439;2550;;;;;;;;;;;;;;;;;;;4,795753328;4,587575165;4,603624896;4,515376801;4,023893221;4,067250545;4,252352969
data.gouv.fr;https://www.data.gouv.fr/fr/datasets/bases-statistiques-communale-et-departementale-de-la-delinquance-enregistree-par-la-police-et-la-gendarmerie-nationales/;;Vols sans violence contre des personnes;V0;;;;;;;;;;;;;;;;;;;;;;France;G0;Métropole;G0.1;Moitié nord;G0.1.1;NORMANDIE;G0.1.1.4;MANCHE;G0.1.1.4.3;;;;;;;;;;;;;;;;;;2109;2325;2097;2028;1598;1674;2213;;;;;;;;;;;;;;;;;;;4,231863585;4,679169945;4,227967491;4,096597279;3,227676416;3,381182929;4,469867277
data.gouv.fr;https://www.data.gouv.fr/fr/datasets/bases-statistiques-communale-et-departementale-de-la-delinquance-enregistree-par-la-police-et-la-gendarmerie-nationales/;;Vols sans violence contre des personnes;V0;;;;;;;;;;;;;;;;;;;;;;France;G0;Métropole;G0.1;Moitié nord;G0.1.1;NORMANDIE;G0.1.1.4;ORNE;G0.1.1.4.4;;;;;;;;;;;;;;;;;;1190;1260;1164;1203;966;1062;1169;;;;;;;;;;;;;;;;;;;4,170931064;4,446452014;4,133625481;4,29731873;3,468893078;3,813627794;4,197863363
data.gouv.fr;https://www.data.gouv.fr/fr/datasets/bases-statistiques-communale-et-departementale-de-la-delinquance-enregistree-par-la-police-et-la-gendarmerie-nationales/;;Vols sans violence contre des personnes;V0;;;;;;;;;;;;;;;;;;;;;;France;G0;Métropole;G0.1;Moitié nord;G0.1.1;NORMANDIE;G0.1.1.4;SEINE MARITIME;G0.1.1.4.5;;;;;;;;;;;;;;;;;;9118;8988;9204;10131;7967;7649;9396;;;;;;;;;;;;;;;;;;;7,260970492;7,165304238;7,328708168;8,06844038;6,349527671;6,096088509;7,48840994
;;;;;;;;;;;;;;;;;;;;;;;;;;;;;;;;;;;;;;;;;;;;;;;;;;;;;;;;;;;;;;;;;;;;;;;;;;;;;;;;;;;;
data.gouv.fr;https://www.data.gouv.fr/fr/datasets/bases-statistiques-communale-et-departementale-de-la-delinquance-enregistree-par-la-police-et-la-gendarmerie-nationales/;;Vols sans violence contre des personnes;V0;;;;;;;;;;;;;;;;;;;;;;France;G0;Métropole;G0.1;Moitié nord;G0.1.1;HAUTS DE FRANCE;G0.1.1.5;AISNE;G0.1.1.5.1;;;;;;;;;;;;;;;;;;2860;2905;2949;2949;2328;2305;2605;;;;;;;;;;;;;;;;;;;5,334467374;5,435087654;5,529554711;5,550066341;4,397647032;4,354199488;4,92090658
data.gouv.fr;https://www.data.gouv.fr/fr/datasets/bases-statistiques-communale-et-departementale-de-la-delinquance-enregistree-par-la-police-et-la-gendarmerie-nationales/;;Vols sans violence contre des personnes;V0;;;;;;;;;;;;;;;;;;;;;;France;G0;Métropole;G0.1;Moitié nord;G0.1.1;HAUTS DE FRANCE;G0.1.1.5;NORD;G0.1.1.5.2;;;;;;;;;;;;;;;;;;25013;24923;25183;24871;17758;19273;22986;;;;;;;;;;;;;;;;;;;9,606628662;9,569717869;9,662601286;9,535161363;6,809712296;7,390673785;8,814508775
data.gouv.fr;https://www.data.gouv.fr/fr/datasets/bases-statistiques-communale-et-departementale-de-la-delinquance-enregistree-par-la-police-et-la-gendarmerie-nationales/;;Vols sans violence contre des personnes;V0;;;;;;;;;;;;;;;;;;;;;;France;G0;Métropole;G0.1;Moitié nord;G0.1.1;HAUTS DE FRANCE;G0.1.1.5;OISE;G0.1.1.5.3;;;;;;;;;;;;;;;;;;5097;4957;4620;4637;3596;3949;4290;;;;;;;;;;;;;;;;;;;6,189119681;6,012106687;5,585423737;5,59066045;4,334101885;4,759557382;5,170549802
data.gouv.fr;https://www.data.gouv.fr/fr/datasets/bases-statistiques-communale-et-departementale-de-la-delinquance-enregistree-par-la-police-et-la-gendarmerie-nationales/;;Vols sans violence contre des personnes;V0;;;;;;;;;;;;;;;;;;;;;;France;G0;Métropole;G0.1;Moitié nord;G0.1.1;HAUTS DE FRANCE;G0.1.1.5;PAS DE CALAIS;G0.1.1.5.4;;;;;;;;;;;;;;;;;;9676;8877;8519;7848;5827;5857;7365;;;;;;;;;;;;;;;;;;;6,579068147;6,04692858;5,808106805;5,35598023;3,985180899;4,005698391;5,037044332
data.gouv.fr;https://www.data.gouv.fr/fr/datasets/bases-statistiques-communale-et-departementale-de-la-delinquance-enregistree-par-la-police-et-la-gendarmerie-nationales/;;Vols sans violence contre des personnes;V0;;;;;;;;;;;;;;;;;;;;;;France;G0;Métropole;G0.1;Moitié nord;G0.1.1;HAUTS DE FRANCE;G0.1.1.5;SOMME;G0.1.1.5.5;;;;;;;;;;;;;;;;;;4101;4207;4209;4098;3016;3075;4164;;;;;;;;;;;;;;;;;;;7,160267065;7,349203327;7,375644427;7,182429863;5,30287579;5,406612419;7,321344427
;;;;;;;;;;;;;;;;;;;;;;;;;;;;;;;;;;;;;;;;;;;;;;;;;;;;;;;;;;;;;;;;;;;;;;;;;;;;;;;;;;;;
data.gouv.fr;https://www.data.gouv.fr/fr/datasets/bases-statistiques-communale-et-departementale-de-la-delinquance-enregistree-par-la-police-et-la-gendarmerie-nationales/;;Vols sans violence contre des personnes;V0;;;;;;;;;;;;;;;;;;;;;;France;G0;Métropole;G0.1;Moitié nord;G0.1.1;GRAND EST;G0.1.1.6;ARDENNES;G0.1.1.6.1;;;;;;;;;;;;;;;;;;1605;1564;1533;1478;1150;1174;1319;;;;;;;;;;;;;;;;;;;5,828500459;5,716813059;5,639242951;5,462299783;4,263981224;4,352968658;4,890601073
data.gouv.fr;https://www.data.gouv.fr/fr/datasets/bases-statistiques-communale-et-departementale-de-la-delinquance-enregistree-par-la-police-et-la-gendarmerie-nationales/;;Vols sans violence contre des personnes;V0;;;;;;;;;;;;;;;;;;;;;;France;G0;Métropole;G0.1;Moitié nord;G0.1.1;GRAND EST;G0.1.1.6;AUBE;G0.1.1.6.2;;;;;;;;;;;;;;;;;;2343;2356;2289;2192;1751;1940;2192;;;;;;;;;;;;;;;;;;;7,584733418;7,599509709;7,38339462;7,065452131;5,622361006;6,229229213;7,038386822
data.gouv.fr;https://www.data.gouv.fr/fr/datasets/bases-statistiques-communale-et-departementale-de-la-delinquance-enregistree-par-la-police-et-la-gendarmerie-nationales/;;Vols sans violence contre des personnes;V0;;;;;;;;;;;;;;;;;;;;;;France;G0;Métropole;G0.1;Moitié nord;G0.1.1;GRAND EST;G0.1.1.6;MARNE;G0.1.1.6.3;;;;;;;;;;;;;;;;;;4017;4136;4026;3999;3091;3457;4004;;;;;;;;;;;;;;;;;;;7,036468068;7,270234402;7,094748195;7,054714169;5,454779682;6,100670774;7,065977951
data.gouv.fr;https://www.data.gouv.fr/fr/datasets/bases-statistiques-communale-et-departementale-de-la-delinquance-enregistree-par-la-police-et-la-gendarmerie-nationales/;;Vols sans violence contre des personnes;V0;;;;;;;;;;;;;;;;;;;;;;France;G0;Métropole;G0.1;Moitié nord;G0.1.1;GRAND EST;G0.1.1.6;HAUTE MARNE;G0.1.1.6.4;;;;;;;;;;;;;;;;;;870;825;869;861;563;585;817;;;;;;;;;;;;;;;;;;;4,88533501;4,69710772;4,992273179;4,990957151;3,277104506;3,405161876;4,755585048
data.gouv.fr;https://www.data.gouv.fr/fr/datasets/bases-statistiques-communale-et-departementale-de-la-delinquance-enregistree-par-la-police-et-la-gendarmerie-nationales/;;Vols sans violence contre des personnes;V0;;;;;;;;;;;;;;;;;;;;;;France;G0;Métropole;G0.1;Moitié nord;G0.1.1;GRAND EST;G0.1.1.6;MEURTHE ET MOSELLE;G0.1.1.6.5;;;;;;;;;;;;;;;;;;5761;5674;5183;5086;3988;4373;4992;;;;;;;;;;;;;;;;;;;7,850688383;7,735715036;7,066419985;6,931421718;5,44369975;5,969232449;6,814179828
data.gouv.fr;https://www.data.gouv.fr/fr/datasets/bases-statistiques-communale-et-departementale-de-la-delinquance-enregistree-par-la-police-et-la-gendarmerie-nationales/;;Vols sans violence contre des personnes;V0;;;;;;;;;;;;;;;;;;;;;;France;G0;Métropole;G0.1;Moitié nord;G0.1.1;GRAND EST;G0.1.1.6;MEUSE;G0.1.1.6.6;;;;;;;;;;;;;;;;;;869;803;796;878;748;813;835;;;;;;;;;;;;;;;;;;;4,596545979;4,289827819;4,294461978;4,769587632;4,087409358;4,442598674;4,562816597
data.gouv.fr;https://www.data.gouv.fr/fr/datasets/bases-statistiques-communale-et-departementale-de-la-delinquance-enregistree-par-la-police-et-la-gendarmerie-nationales/;;Vols sans violence contre des personnes;V0;;;;;;;;;;;;;;;;;;;;;;France;G0;Métropole;G0.1;Moitié nord;G0.1.1;GRAND EST;G0.1.1.6;MOSELLE;G0.1.1.6.7;;;;;;;;;;;;;;;;;;6495;6308;6077;5922;4530;4522;5567;;;;;;;;;;;;;;;;;;;6,213699605;6,044913284;5,823536402;5,658630367;4,317760483;4,310135299;5,306174969
data.gouv.fr;https://www.data.gouv.fr/fr/datasets/bases-statistiques-communale-et-departementale-de-la-delinquance-enregistree-par-la-police-et-la-gendarmerie-nationales/;;Vols sans violence contre des personnes;V0;;;;;;;;;;;;;;;;;;;;;;France;G0;Métropole;G0.1;Moitié nord;G0.1.1;GRAND EST;G0.1.1.6;BAS RHIN;G0.1.1.6.8;;;;;;;;;;;;;;;;;;8895;9810;9708;9482;7498;8234;10027;;;;;;;;;;;;;;;;;;;7,931999711;8,715669281;8,56422996;8,317128003;6,53094359;7,172017807;8,733765187
data.gouv.fr;https://www.data.gouv.fr/fr/datasets/bases-statistiques-communale-et-departementale-de-la-delinquance-enregistree-par-la-police-et-la-gendarmerie-nationales/;;Vols sans violence contre des personnes;V0;;;;;;;;;;;;;;;;;;;;;;France;G0;Métropole;G0.1;Moitié nord;G0.1.1;GRAND EST;G0.1.1.6;HAUT RHIN;G0.1.1.6.9;;;;;;;;;;;;;;;;;;5358;5152;4956;5265;3727;4479;5095;;;;;;;;;;;;;;;;;;;7,024646572;6,743190712;6,478592279;6,863637193;4,853863165;5,833231316;6,635479695
data.gouv.fr;https://www.data.gouv.fr/fr/datasets/bases-statistiques-communale-et-departementale-de-la-delinquance-enregistree-par-la-police-et-la-gendarmerie-nationales/;;Vols sans violence contre des personnes;V0;;;;;;;;;;;;;;;;;;;;;;France;G0;Métropole;G0.1;Moitié nord;G0.1.1;GRAND EST;G0.1.1.6;VOSGES;G0.1.1.6.10;;;;;;;;;;;;;;;;;;1942;2035;1899;1958;1361;1423;1684;;;;;;;;;;;;;;;;;;;5,253746202;5,534809464;5,186937331;5,37175685;3,755549853;3,926632947;4,646837584
;;;;;;;;;;;;;;;;;;;;;;;;;;;;;;;;;;;;;;;;;;;;;;;;;;;;;;;;;;;;;;;;;;;;;;;;;;;;;;;;;;;;
data.gouv.fr;https://www.data.gouv.fr/fr/datasets/bases-statistiques-communale-et-departementale-de-la-delinquance-enregistree-par-la-police-et-la-gendarmerie-nationales/;;Vols sans violence contre des personnes;V0;;;;;;;;;;;;;;;;;;;;;;France;G0;Métropole;G0.1;Moitié nord;G0.1.1;PAYS DE LA LOIRE;G0.1.1.7;LOIRE ATLANTIQUE;G0.1.1.7.1;;;;;;;;;;;;;;;;;;16805;17597;17373;17147;12044;13961;15246;;;;;;;;;;;;;;;;;;;12,17002257;12,61515984;12,29945161;11,99701666;8,333961863;9,660448487;10,54961662
data.gouv.fr;https://www.data.gouv.fr/fr/datasets/bases-statistiques-communale-et-departementale-de-la-delinquance-enregistree-par-la-police-et-la-gendarmerie-nationales/;;Vols sans violence contre des personnes;V0;;;;;;;;;;;;;;;;;;;;;;France;G0;Métropole;G0.1;Moitié nord;G0.1.1;PAYS DE LA LOIRE;G0.1.1.7;MAINE ET LOIRE;G0.1.1.7.2;;;;;;;;;;;;;;;;;;5247;4940;4781;4693;3684;3886;4622;;;;;;;;;;;;;;;;;;;6,470316943;6,072578375;5,859908835;5,735249727;4,488779878;4,734907331;5,631688544
data.gouv.fr;https://www.data.gouv.fr/fr/datasets/bases-statistiques-communale-et-departementale-de-la-delinquance-enregistree-par-la-police-et-la-gendarmerie-nationales/;;Vols sans violence contre des personnes;V0;;;;;;;;;;;;;;;;;;;;;;France;G0;Métropole;G0.1;Moitié nord;G0.1.1;PAYS DE LA LOIRE;G0.1.1.7;MAYENNE;G0.1.1.7.3;;;;;;;;;;;;;;;;;;1379;1489;1336;1344;1084;1123;1367;;;;;;;;;;;;;;;;;;;4,481812745;4,843142676;4,350601138;4,376966215;3,536266303;3,663493596;4,459479738
data.gouv.fr;https://www.data.gouv.fr/fr/datasets/bases-statistiques-communale-et-departementale-de-la-delinquance-enregistree-par-la-police-et-la-gendarmerie-nationales/;;Vols sans violence contre des personnes;V0;;;;;;;;;;;;;;;;;;;;;;France;G0;Métropole;G0.1;Moitié nord;G0.1.1;PAYS DE LA LOIRE;G0.1.1.7;SARTHE;G0.1.1.7.4;;;;;;;;;;;;;;;;;;4095;4103;3835;4040;2718;2861;3578;;;;;;;;;;;;;;;;;;;7,215083489;7,242641737;6,776061333;7,132617247;4,793709975;5,045917674;6,310483551
data.gouv.fr;https://www.data.gouv.fr/fr/datasets/bases-statistiques-communale-et-departementale-de-la-delinquance-enregistree-par-la-police-et-la-gendarmerie-nationales/;;Vols sans violence contre des personnes;V0;;;;;;;;;;;;;;;;;;;;;;France;G0;Métropole;G0.1;Moitié nord;G0.1.1;PAYS DE LA LOIRE;G0.1.1.7;VENDEE;G0.1.1.7.5;;;;;;;;;;;;;;;;;;4192;4225;3860;3679;2866;2951;3626;;;;;;;;;;;;;;;;;;;6,251146367;6,256969672;5,676545719;5,367339614;4,137403368;4,260110725;5,234551505
;;;;;;;;;;;;;;;;;;;;;;;;;;;;;;;;;;;;;;;;;;;;;;;;;;;;;;;;;;;;;;;;;;;;;;;;;;;;;;;;;;;;
data.gouv.fr;https://www.data.gouv.fr/fr/datasets/bases-statistiques-communale-et-departementale-de-la-delinquance-enregistree-par-la-police-et-la-gendarmerie-nationales/;;Vols sans violence contre des personnes;V0;;;;;;;;;;;;;;;;;;;;;;France;G0;Métropole;G0.1;Moitié nord;G0.1.1;BRETAGNE;G0.1.1.8;COTES D ARMOR;G0.1.1.8.1;;;;;;;;;;;;;;;;;;3511;3494;3421;3204;2413;2538;3062;;;;;;;;;;;;;;;;;;;5,861895675;5,83486692;5,705622565;5,33482522;3,997415678;4,204492744;5,072559804
data.gouv.fr;https://www.data.gouv.fr/fr/datasets/bases-statistiques-communale-et-departementale-de-la-delinquance-enregistree-par-la-police-et-la-gendarmerie-nationales/;;Vols sans violence contre des personnes;V0;;;;;;;;;;;;;;;;;;;;;;France;G0;Métropole;G0.1;Moitié nord;G0.1.1;BRETAGNE;G0.1.1.8;FINISTERE;G0.1.1.8.2;;;;;;;;;;;;;;;;;;6523;6795;6606;6065;4179;4580;4987;;;;;;;;;;;;;;;;;;;7,181951205;7,475017271;7,245526387;6,627763389;4,556362498;4,993572683;5,437324666
data.gouv.fr;https://www.data.gouv.fr/fr/datasets/bases-statistiques-communale-et-departementale-de-la-delinquance-enregistree-par-la-police-et-la-gendarmerie-nationales/;;Vols sans violence contre des personnes;V0;;;;;;;;;;;;;;;;;;;;;;France;G0;Métropole;G0.1;Moitié nord;G0.1.1;BRETAGNE;G0.1.1.8;ILLE ET VILAINE;G0.1.1.8.3;;;;;;;;;;;;;;;;;;8833;8679;8933;8494;6887;6715;9304;;;;;;;;;;;;;;;;;;;8,398152083;8,186199006;8,354625954;7,868472197;6,324992768;6,167028668;8,54475573
data.gouv.fr;https://www.data.gouv.fr/fr/datasets/bases-statistiques-communale-et-departementale-de-la-delinquance-enregistree-par-la-police-et-la-gendarmerie-nationales/;;Vols sans violence contre des personnes;V0;;;;;;;;;;;;;;;;;;;;;;France;G0;Métropole;G0.1;Moitié nord;G0.1.1;BRETAGNE;G0.1.1.8;MORBIHAN;G0.1.1.8.4;;;;;;;;;;;;;;;;;;5019;5089;4569;4327;3244;3421;4110;;;;;;;;;;;;;;;;;;;6,713950141;6,77753465;6,05272187;5,695789302;4,245178699;4,476805281;5,378447735
;;;;;;;;;;;;;;;;;;;;;;;;;;;;;;;;;;;;;;;;;;;;;;;;;;;;;;;;;;;;;;;;;;;;;;;;;;;;;;;;;;;;
data.gouv.fr;https://www.data.gouv.fr/fr/datasets/bases-statistiques-communale-et-departementale-de-la-delinquance-enregistree-par-la-police-et-la-gendarmerie-nationales/;;Vols sans violence contre des personnes;V0;;;;;;;;;;;;;;;;;;;;;;France;G0;Métropole;G0.1;Moitié sud;G0.1.2;NOUVELLE AQUITAINE;G0.1.2.1;;;;;;;;;;;;;;;;;;;;50861;52279;49972;49795;37250;39743;45894;;;;;;;;;;;;;;;;;;;8,568800845;8,776094187;8,356831976;8,284959342;6,17340012;6,586562174;7,605960405
data.gouv.fr;https://www.data.gouv.fr/fr/datasets/bases-statistiques-communale-et-departementale-de-la-delinquance-enregistree-par-la-police-et-la-gendarmerie-nationales/;;Vols sans violence contre des personnes;V0;;;;;;;;;;;;;;;;;;;;;;France;G0;Métropole;G0.1;Moitié sud;G0.1.2;OCCITANIE;G0.1.2.2;;;;;;;;;;;;;;;;;;;;65236;65683;62065;63167;48756;50319;56091;;;;;;;;;;;;;;;;;;;11,23125248;11,23727182;10,54541537;10,64638976;8,16140827;8,423043374;9,389235197
data.gouv.fr;https://www.data.gouv.fr/fr/datasets/bases-statistiques-communale-et-departementale-de-la-delinquance-enregistree-par-la-police-et-la-gendarmerie-nationales/;;Vols sans violence contre des personnes;V0;;;;;;;;;;;;;;;;;;;;;;France;G0;Métropole;G0.1;Moitié sud;G0.1.2;AUVERGNE RHONE ALPES;G0.1.2.3;;;;;;;;;;;;;;;;;;;;77255;80130;80954;79874;63022;71645;78534;;;;;;;;;;;;;;;;;;;9,758252263;10,08141754;10,1262637;9,930950588;7,801053938;8,868434981;9,721176256
data.gouv.fr;https://www.data.gouv.fr/fr/datasets/bases-statistiques-communale-et-departementale-de-la-delinquance-enregistree-par-la-police-et-la-gendarmerie-nationales/;;Vols sans violence contre des personnes;V0;;;;;;;;;;;;;;;;;;;;;;France;G0;Métropole;G0.1;Moitié sud;G0.1.2;PROVENCE ALPES COTE D AZUR;G0.1.2.4;;;;;;;;;;;;;;;;;;;;71160;68191;64871;62474;49899;53664;61903;;;;;;;;;;;;;;;;;;;14,16985668;13,55446054;12,83854282;12,29536669;9,786677535;10,52510598;12,14101885
data.gouv.fr;https://www.data.gouv.fr/fr/datasets/bases-statistiques-communale-et-departementale-de-la-delinquance-enregistree-par-la-police-et-la-gendarmerie-nationales/;;Vols sans violence contre des personnes;V0;;;;;;;;;;;;;;;;;;;;;;France;G0;Métropole;G0.1;Moitié sud;G0.1.2;CORSE;G0.1.2.5;;;;;;;;;;;;;;;;;;;;2284;2136;2061;1830;1412;1576;1719;;;;;;;;;;;;;;;;;;;6,911682377;6,377299679;6,087655145;5,375396546;4,108221972;4,585380898;5,001440205
;;;;;;;;;;;;;;;;;;;;;;;;;;;;;;;;;;;;;;;;;;;;;;;;;;;;;;;;;;;;;;;;;;;;;;;;;;;;;;;;;;;;
data.gouv.fr;https://www.data.gouv.fr/fr/datasets/bases-statistiques-communale-et-departementale-de-la-delinquance-enregistree-par-la-police-et-la-gendarmerie-nationales/;;Vols sans violence contre des personnes;V0;;;;;;;;;;;;;;;;;;;;;;France;G0;Métropole;G0.1;Moitié sud;G0.1.2;NOUVELLE AQUITAINE;G0.1.2.1;CHARENTE;G0.1.2.1.1;;;;;;;;;;;;;;;;;;2135;2164;2121;2040;1592;1713;2000;;;;;;;;;;;;;;;;;;;6,043228188;6,141882016;6,029370796;5,795207591;4,526353499;4,870379111;5,686373743
data.gouv.fr;https://www.data.gouv.fr/fr/datasets/bases-statistiques-communale-et-departementale-de-la-delinquance-enregistree-par-la-police-et-la-gendarmerie-nationales/;;Vols sans violence contre des personnes;V0;;;;;;;;;;;;;;;;;;;;;;France;G0;Métropole;G0.1;Moitié sud;G0.1.2;NOUVELLE AQUITAINE;G0.1.2.1;CHARENTE MARITIME;G0.1.2.1.2;;;;;;;;;;;;;;;;;;6243;6287;5734;5429;4069;4059;4700;;;;;;;;;;;;;;;;;;;9,721406871;9,757831331;8,863373585;8,334894175;6,205496646;6,190245978;7,167813771
data.gouv.fr;https://www.data.gouv.fr/fr/datasets/bases-statistiques-communale-et-departementale-de-la-delinquance-enregistree-par-la-police-et-la-gendarmerie-nationales/;;Vols sans violence contre des personnes;V0;;;;;;;;;;;;;;;;;;;;;;France;G0;Métropole;G0.1;Moitié sud;G0.1.2;NOUVELLE AQUITAINE;G0.1.2.1;CORREZE;G0.1.2.1.3;;;;;;;;;;;;;;;;;;1301;1224;1151;1169;727;900;993;;;;;;;;;;;;;;;;;;;5,386382926;5,06907862;4,784211686;4,869352239;3,039424725;3,762699109;4,151511351
data.gouv.fr;https://www.data.gouv.fr/fr/datasets/bases-statistiques-communale-et-departementale-de-la-delinquance-enregistree-par-la-police-et-la-gendarmerie-nationales/;;Vols sans violence contre des personnes;V0;;;;;;;;;;;;;;;;;;;;;;France;G0;Métropole;G0.1;Moitié sud;G0.1.2;NOUVELLE AQUITAINE;G0.1.2.1;CREUSE;G0.1.2.1.4;;;;;;;;;;;;;;;;;;426;481;457;407;335;326;447;;;;;;;;;;;;;;;;;;;3,564793895;4,054350208;3,889262402;3,490057196;2,88805552;2,810465968;3,85361438
data.gouv.fr;https://www.data.gouv.fr/fr/datasets/bases-statistiques-communale-et-departementale-de-la-delinquance-enregistree-par-la-police-et-la-gendarmerie-nationales/;;Vols sans violence contre des personnes;V0;;;;;;;;;;;;;;;;;;;;;;France;G0;Métropole;G0.1;Moitié sud;G0.1.2;NOUVELLE AQUITAINE;G0.1.2.1;DORDOGNE;G0.1.2.1.5;;;;;;;;;;;;;;;;;;2327;2117;2295;2048;1476;1695;2050;;;;;;;;;;;;;;;;;;;5,61008127;5,118397702;5,551282237;4,956161685;3,575520764;4,106035024;4,966001061
data.gouv.fr;https://www.data.gouv.fr/fr/datasets/bases-statistiques-communale-et-departementale-de-la-delinquance-enregistree-par-la-police-et-la-gendarmerie-nationales/;;Vols sans violence contre des personnes;V0;;;;;;;;;;;;;;;;;;;;;;France;G0;Métropole;G0.1;Moitié sud;G0.1.2;NOUVELLE AQUITAINE;G0.1.2.1;GIRONDE;G0.1.2.1.6;;;;;;;;;;;;;;;;;;19965;21235;20596;21368;16371;17881;18463;;;;;;;;;;;;;;;;;;;12,7435167;13,41114979;12,8576735;13,15966938;10,00433271;10,92709505;11,28275577
data.gouv.fr;https://www.data.gouv.fr/fr/datasets/bases-statistiques-communale-et-departementale-de-la-delinquance-enregistree-par-la-police-et-la-gendarmerie-nationales/;;Vols sans violence contre des personnes;V0;;;;;;;;;;;;;;;;;;;;;;France;G0;Métropole;G0.1;Moitié sud;G0.1.2;NOUVELLE AQUITAINE;G0.1.2.1;LANDES;G0.1.2.1.7;;;;;;;;;;;;;;;;;;3871;3556;3347;3164;2363;2485;3296;;;;;;;;;;;;;;;;;;;9,557788697;8,727579741;8,156352427;7,64823902;5,651460578;5,943241446;7,882866723
data.gouv.fr;https://www.data.gouv.fr/fr/datasets/bases-statistiques-communale-et-departementale-de-la-delinquance-enregistree-par-la-police-et-la-gendarmerie-nationales/;;Vols sans violence contre des personnes;V0;;;;;;;;;;;;;;;;;;;;;;France;G0;Métropole;G0.1;Moitié sud;G0.1.2;NOUVELLE AQUITAINE;G0.1.2.1;LOT ET GARONNE;G0.1.2.1.8;;;;;;;;;;;;;;;;;;2337;2428;2539;2374;1648;1811;2156;;;;;;;;;;;;;;;;;;;7,021539331;7,294752465;7,648281471;7,166338134;4,981199599;5,473878928;6,516666465
data.gouv.fr;https://www.data.gouv.fr/fr/datasets/bases-statistiques-communale-et-departementale-de-la-delinquance-enregistree-par-la-police-et-la-gendarmerie-nationales/;;Vols sans violence contre des personnes;V0;;;;;;;;;;;;;;;;;;;;;;France;G0;Métropole;G0.1;Moitié sud;G0.1.2;NOUVELLE AQUITAINE;G0.1.2.1;PYRENEES ATLANTIQUES;G0.1.2.1.9;;;;;;;;;;;;;;;;;;5280;5613;5156;4962;3285;3372;4858;;;;;;;;;;;;;;;;;;;7,833990617;8,287207168;7,584472132;7,269040947;4,779989523;4,906582853;7,068855131
data.gouv.fr;https://www.data.gouv.fr/fr/datasets/bases-statistiques-communale-et-departementale-de-la-delinquance-enregistree-par-la-police-et-la-gendarmerie-nationales/;;Vols sans violence contre des personnes;V0;;;;;;;;;;;;;;;;;;;;;;France;G0;Métropole;G0.1;Moitié sud;G0.1.2;NOUVELLE AQUITAINE;G0.1.2.1;DEUX SEVRES;G0.1.2.1.10;;;;;;;;;;;;;;;;;;1960;2092;1892;2060;1566;1537;1807;;;;;;;;;;;;;;;;;;;5,230251132;5,588338217;5,048039082;5,495121079;4,181787594;4,104347083;4,825344944
data.gouv.fr;https://www.data.gouv.fr/fr/datasets/bases-statistiques-communale-et-departementale-de-la-delinquance-enregistree-par-la-police-et-la-gendarmerie-nationales/;;Vols sans violence contre des personnes;V0;;;;;;;;;;;;;;;;;;;;;;France;G0;Métropole;G0.1;Moitié sud;G0.1.2;NOUVELLE AQUITAINE;G0.1.2.1;VIENNE;G0.1.2.1.11;;;;;;;;;;;;;;;;;;2853;2904;2636;2756;2223;2013;2830;;;;;;;;;;;;;;;;;;;6,542542579;6,647195085;6,023958719;6,285994503;5,059954658;4,581956243;6,441597698
data.gouv.fr;https://www.data.gouv.fr/fr/datasets/bases-statistiques-communale-et-departementale-de-la-delinquance-enregistree-par-la-police-et-la-gendarmerie-nationales/;;Vols sans violence contre des personnes;V0;;;;;;;;;;;;;;;;;;;;;;France;G0;Métropole;G0.1;Moitié sud;G0.1.2;NOUVELLE AQUITAINE;G0.1.2.1;HAUTE VIENNE;G0.1.2.1.12;;;;;;;;;;;;;;;;;;2163;2178;2048;2018;1595;1951;2294;;;;;;;;;;;;;;;;;;;5,768338409;5,816903741;5,487688874;5,419501073;4,286217192;5,24289012;6,164628362
;;;;;;;;;;;;;;;;;;;;;;;;;;;;;;;;;;;;;;;;;;;;;;;;;;;;;;;;;;;;;;;;;;;;;;;;;;;;;;;;;;;;
data.gouv.fr;https://www.data.gouv.fr/fr/datasets/bases-statistiques-communale-et-departementale-de-la-delinquance-enregistree-par-la-police-et-la-gendarmerie-nationales/;;Vols sans violence contre des personnes;V0;;;;;;;;;;;;;;;;;;;;;;France;G0;Métropole;G0.1;Moitié sud;G0.1.2;OCCITANIE;G0.1.2.2;ARIEGE;G0.1.2.2.1;;;;;;;;;;;;;;;;;;1005;888;917;899;722;673;901;;;;;;;;;;;;;;;;;;;6,565752252;5,798123445;5,990879751;5,864815673;4,689712512;4,371435624;5,852397469
data.gouv.fr;https://www.data.gouv.fr/fr/datasets/bases-statistiques-communale-et-departementale-de-la-delinquance-enregistree-par-la-police-et-la-gendarmerie-nationales/;;Vols sans violence contre des personnes;V0;;;;;;;;;;;;;;;;;;;;;;France;G0;Métropole;G0.1;Moitié sud;G0.1.2;OCCITANIE;G0.1.2.2;AUDE;G0.1.2.2.2;;;;;;;;;;;;;;;;;;3276;3422;2988;3048;2177;2330;2824;;;;;;;;;;;;;;;;;;;8,901569187;9,242154162;8,014892464;8,148207555;5,801975923;6,209739964;7,526311441
data.gouv.fr;https://www.data.gouv.fr/fr/datasets/bases-statistiques-communale-et-departementale-de-la-delinquance-enregistree-par-la-police-et-la-gendarmerie-nationales/;;Vols sans violence contre des personnes;V0;;;;;;;;;;;;;;;;;;;;;;France;G0;Métropole;G0.1;Moitié sud;G0.1.2;OCCITANIE;G0.1.2.2;AVEYRON;G0.1.2.2.3;;;;;;;;;;;;;;;;;;1154;1108;1098;1069;800;829;966;;;;;;;;;;;;;;;;;;;4,140697603;3,968396095;3,931622707;3,8233874;2,861701138;2,965437805;3,455504124
data.gouv.fr;https://www.data.gouv.fr/fr/datasets/bases-statistiques-communale-et-departementale-de-la-delinquance-enregistree-par-la-police-et-la-gendarmerie-nationales/;;Vols sans violence contre des personnes;V0;;;;;;;;;;;;;;;;;;;;;;France;G0;Métropole;G0.1;Moitié sud;G0.1.2;OCCITANIE;G0.1.2.2;GARD;G0.1.2.2.4;;;;;;;;;;;;;;;;;;7414;7266;6808;6724;5317;5460;6039;;;;;;;;;;;;;;;;;;;9,99183295;9,763793071;9,132640605;8,984056106;7,075587825;7,265884808;8,036387977
data.gouv.fr;https://www.data.gouv.fr/fr/datasets/bases-statistiques-communale-et-departementale-de-la-delinquance-enregistree-par-la-police-et-la-gendarmerie-nationales/;;Vols sans violence contre des personnes;V0;;;;;;;;;;;;;;;;;;;;;;France;G0;Métropole;G0.1;Moitié sud;G0.1.2;OCCITANIE;G0.1.2.2;HAUTE GARONNE;G0.1.2.2.5;;;;;;;;;;;;;;;;;;18925;20439;19487;20081;16254;16950;18092;;;;;;;;;;;;;;;;;;;14,03741184;14,99920744;14,11414152;14,34317187;11,48078378;11,97239357;12,77902917
data.gouv.fr;https://www.data.gouv.fr/fr/datasets/bases-statistiques-communale-et-departementale-de-la-delinquance-enregistree-par-la-police-et-la-gendarmerie-nationales/;;Vols sans violence contre des personnes;V0;;;;;;;;;;;;;;;;;;;;;;France;G0;Métropole;G0.1;Moitié sud;G0.1.2;OCCITANIE;G0.1.2.2;GERS;G0.1.2.2.6;;;;;;;;;;;;;;;;;;852;925;890;859;700;658;746;;;;;;;;;;;;;;;;;;;4,468593966;4,84062567;4,652791937;4,488522654;3,649273534;3,430317122;3,889082938
data.gouv.fr;https://www.data.gouv.fr/fr/datasets/bases-statistiques-communale-et-departementale-de-la-delinquance-enregistree-par-la-police-et-la-gendarmerie-nationales/;;Vols sans violence contre des personnes;V0;;;;;;;;;;;;;;;;;;;;;;France;G0;Métropole;G0.1;Moitié sud;G0.1.2;OCCITANIE;G0.1.2.2;HERAULT;G0.1.2.2.7;;;;;;;;;;;;;;;;;;20043;18920;17695;18459;14074;14695;15721;;;;;;;;;;;;;;;;;;;17,69831017;16,52557621;15,26457446;15,70146212;11,83710648;12,35940597;13,22233558
data.gouv.fr;https://www.data.gouv.fr/fr/datasets/bases-statistiques-communale-et-departementale-de-la-delinquance-enregistree-par-la-police-et-la-gendarmerie-nationales/;;Vols sans violence contre des personnes;V0;;;;;;;;;;;;;;;;;;;;;;France;G0;Métropole;G0.1;Moitié sud;G0.1.2;OCCITANIE;G0.1.2.2;LOT;G0.1.2.2.8;;;;;;;;;;;;;;;;;;714;816;851;845;604;675;790;;;;;;;;;;;;;;;;;;;4,118906009;4,694295511;4,892801086;4,853699725;3,457949276;3,864430068;4,52281445
data.gouv.fr;https://www.data.gouv.fr/fr/datasets/bases-statistiques-communale-et-departementale-de-la-delinquance-enregistree-par-la-police-et-la-gendarmerie-nationales/;;Vols sans violence contre des personnes;V0;;;;;;;;;;;;;;;;;;;;;;France;G0;Métropole;G0.1;Moitié sud;G0.1.2;OCCITANIE;G0.1.2.2;LOZERE;G0.1.2.2.9;;;;;;;;;;;;;;;;;;366;324;282;284;222;253;266;;;;;;;;;;;;;;;;;;;4,789196828;4,229709795;3,68531103;3,707378205;2,896924302;3,301449767;3,471089478
data.gouv.fr;https://www.data.gouv.fr/fr/datasets/bases-statistiques-communale-et-departementale-de-la-delinquance-enregistree-par-la-police-et-la-gendarmerie-nationales/;;Vols sans violence contre des personnes;V0;;;;;;;;;;;;;;;;;;;;;;France;G0;Métropole;G0.1;Moitié sud;G0.1.2;OCCITANIE;G0.1.2.2;HAUTES PYRENEES;G0.1.2.2.10;;;;;;;;;;;;;;;;;;1806;1966;1976;2039;1189;1197;1641;;;;;;;;;;;;;;;;;;;7,92699788;8,602809259;8,621629994;8,881938606;5,174334604;5,209149303;7,141365084
data.gouv.fr;https://www.data.gouv.fr/fr/datasets/bases-statistiques-communale-et-departementale-de-la-delinquance-enregistree-par-la-police-et-la-gendarmerie-nationales/;;Vols sans violence contre des personnes;V0;;;;;;;;;;;;;;;;;;;;;;France;G0;Métropole;G0.1;Moitié sud;G0.1.2;OCCITANIE;G0.1.2.2;PYRENEES ORIENTALES;G0.1.2.2.11;;;;;;;;;;;;;;;;;;5780;5830;5508;5359;4009;3981;4938;;;;;;;;;;;;;;;;;;;12,18460734;12,28786052;11,5627565;11,16507181;8,304247408;8,246248175;10,22857912
data.gouv.fr;https://www.data.gouv.fr/fr/datasets/bases-statistiques-communale-et-departementale-de-la-delinquance-enregistree-par-la-police-et-la-gendarmerie-nationales/;;Vols sans violence contre des personnes;V0;;;;;;;;;;;;;;;;;;;;;;France;G0;Métropole;G0.1;Moitié sud;G0.1.2;OCCITANIE;G0.1.2.2;TARN;G0.1.2.2.12;;;;;;;;;;;;;;;;;;2287;2144;2061;2161;1647;1555;1888;;;;;;;;;;;;;;;;;;;5,918001905;5,527340225;5,303708736;5,543242938;4,211565311;3,976310904;4,827829574
data.gouv.fr;https://www.data.gouv.fr/fr/datasets/bases-statistiques-communale-et-departementale-de-la-delinquance-enregistree-par-la-police-et-la-gendarmerie-nationales/;;Vols sans violence contre des personnes;V0;;;;;;;;;;;;;;;;;;;;;;France;G0;Métropole;G0.1;Moitié sud;G0.1.2;OCCITANIE;G0.1.2.2;TARN ET GARONNE;G0.1.2.2.13;;;;;;;;;;;;;;;;;;1614;1635;1504;1340;1041;1063;1279;;;;;;;;;;;;;;;;;;;6,282673601;6,328648456;5,804170976;5,140618946;3,968496012;4,052364324;4,875798655
;;;;;;;;;;;;;;;;;;;;;;;;;;;;;;;;;;;;;;;;;;;;;;;;;;;;;;;;;;;;;;;;;;;;;;;;;;;;;;;;;;;;
data.gouv.fr;https://www.data.gouv.fr/fr/datasets/bases-statistiques-communale-et-departementale-de-la-delinquance-enregistree-par-la-police-et-la-gendarmerie-nationales/;;Vols sans violence contre des personnes;V0;;;;;;;;;;;;;;;;;;;;;;France;G0;Métropole;G0.1;Moitié sud;G0.1.2;AUVERGNE RHONE ALPES;G0.1.2.3;AIN;G0.1.2.3.1;;;;;;;;;;;;;;;;;;3216;3180;3179;2975;2492;2988;3269;;;;;;;;;;;;;;;;;;;5,037396718;4,942877128;4,908636668;4,559862177;3,788063041;4,542027435;4,969172585
data.gouv.fr;https://www.data.gouv.fr/fr/datasets/bases-statistiques-communale-et-departementale-de-la-delinquance-enregistree-par-la-police-et-la-gendarmerie-nationales/;;Vols sans violence contre des personnes;V0;;;;;;;;;;;;;;;;;;;;;;France;G0;Métropole;G0.1;Moitié sud;G0.1.2;AUVERGNE RHONE ALPES;G0.1.2.3;ALLIER;G0.1.2.3.2;;;;;;;;;;;;;;;;;;1885;1867;1789;1900;1552;1527;1721;;;;;;;;;;;;;;;;;;;5,554180515;5,523864753;5,305913023;5,655182677;4,624167233;4,549680003;5,127700907
data.gouv.fr;https://www.data.gouv.fr/fr/datasets/bases-statistiques-communale-et-departementale-de-la-delinquance-enregistree-par-la-police-et-la-gendarmerie-nationales/;;Vols sans violence contre des personnes;V0;;;;;;;;;;;;;;;;;;;;;;France;G0;Métropole;G0.1;Moitié sud;G0.1.2;AUVERGNE RHONE ALPES;G0.1.2.3;ARDECHE;G0.1.2.3.3;;;;;;;;;;;;;;;;;;1626;1599;1550;1550;1300;1378;1494;;;;;;;;;;;;;;;;;;;5,000661219;4,909244977;4,745779318;4,721607905;3,947468306;4,184316405;4,536552038
data.gouv.fr;https://www.data.gouv.fr/fr/datasets/bases-statistiques-communale-et-departementale-de-la-delinquance-enregistree-par-la-police-et-la-gendarmerie-nationales/;;Vols sans violence contre des personnes;V0;;;;;;;;;;;;;;;;;;;;;;France;G0;Métropole;G0.1;Moitié sud;G0.1.2;AUVERGNE RHONE ALPES;G0.1.2.3;CANTAL;G0.1.2.3.4;;;;;;;;;;;;;;;;;;578;580;539;549;383;384;447;;;;;;;;;;;;;;;;;;;3,959744877;3,996059059;3,723275654;3,794266442;2,652740357;2,659666572;3,096018119
data.gouv.fr;https://www.data.gouv.fr/fr/datasets/bases-statistiques-communale-et-departementale-de-la-delinquance-enregistree-par-la-police-et-la-gendarmerie-nationales/;;Vols sans violence contre des personnes;V0;;;;;;;;;;;;;;;;;;;;;;France;G0;Métropole;G0.1;Moitié sud;G0.1.2;AUVERGNE RHONE ALPES;G0.1.2.3;DROME;G0.1.2.3.5;;;;;;;;;;;;;;;;;;4189;4129;4149;4066;3313;3158;3906;;;;;;;;;;;;;;;;;;;8,245965599;8,071499923;8,060505273;7,868225605;6,399347896;6,099951903;7,544779017
data.gouv.fr;https://www.data.gouv.fr/fr/datasets/bases-statistiques-communale-et-departementale-de-la-delinquance-enregistree-par-la-police-et-la-gendarmerie-nationales/;;Vols sans violence contre des personnes;V0;;;;;;;;;;;;;;;;;;;;;;France;G0;Métropole;G0.1;Moitié sud;G0.1.2;AUVERGNE RHONE ALPES;G0.1.2.3;ISERE;G0.1.2.3.6;;;;;;;;;;;;;;;;;;11727;12901;13145;13684;10690;10728;11327;;;;;;;;;;;;;;;;;;;9,359795421;10,24928459;10,40312197;10,76491977;8,367820915;8,397566209;8,866445977
data.gouv.fr;https://www.data.gouv.fr/fr/datasets/bases-statistiques-communale-et-departementale-de-la-delinquance-enregistree-par-la-police-et-la-gendarmerie-nationales/;;Vols sans violence contre des personnes;V0;;;;;;;;;;;;;;;;;;;;;;France;G0;Métropole;G0.1;Moitié sud;G0.1.2;AUVERGNE RHONE ALPES;G0.1.2.3;LOIRE;G0.1.2.3.7;;;;;;;;;;;;;;;;;;5611;5209;5370;5139;4275;4615;6006;;;;;;;;;;;;;;;;;;;7,363546051;6,827526637;7,033942374;6,712084364;5,562726738;6,005142432;7,815143108
data.gouv.fr;https://www.data.gouv.fr/fr/datasets/bases-statistiques-communale-et-departementale-de-la-delinquance-enregistree-par-la-police-et-la-gendarmerie-nationales/;;Vols sans violence contre des personnes;V0;;;;;;;;;;;;;;;;;;;;;;France;G0;Métropole;G0.1;Moitié sud;G0.1.2;AUVERGNE RHONE ALPES;G0.1.2.3;HAUTE LOIRE;G0.1.2.3.8;;;;;;;;;;;;;;;;;;902;834;924;871;717;719;756;;;;;;;;;;;;;;;;;;;3,967643035;3,669434142;4,060610322;3,827393769;3,151800746;3,16059238;3,323237607
data.gouv.fr;https://www.data.gouv.fr/fr/datasets/bases-statistiques-communale-et-departementale-de-la-delinquance-enregistree-par-la-police-et-la-gendarmerie-nationales/;;Vols sans violence contre des personnes;V0;;;;;;;;;;;;;;;;;;;;;;France;G0;Métropole;G0.1;Moitié sud;G0.1.2;AUVERGNE RHONE ALPES;G0.1.2.3;PUY DE DOME;G0.1.2.3.9;;;;;;;;;;;;;;;;;;4517;4455;4540;4187;3220;4092;4077;;;;;;;;;;;;;;;;;;;6,941755033;6,81461494;6,888724342;6,323321533;4,865136012;6,182651106;6,159987429
data.gouv.fr;https://www.data.gouv.fr/fr/datasets/bases-statistiques-communale-et-departementale-de-la-delinquance-enregistree-par-la-police-et-la-gendarmerie-nationales/;;Vols sans violence contre des personnes;V0;;;;;;;;;;;;;;;;;;;;;;France;G0;Métropole;G0.1;Moitié sud;G0.1.2;AUVERGNE RHONE ALPES;G0.1.2.3;RHONE;G0.1.2.3.10;;;;;;;;;;;;;;;;;;30306;32930;33687;33789;26423;33533;33625;;;;;;;;;;;;;;;;;;;16,50740807;17,86451504;18,11592644;18,01362337;14,02913928;17,80415273;17,8529996
data.gouv.fr;https://www.data.gouv.fr/fr/datasets/bases-statistiques-communale-et-departementale-de-la-delinquance-enregistree-par-la-police-et-la-gendarmerie-nationales/;;Vols sans violence contre des personnes;V0;;;;;;;;;;;;;;;;;;;;;;France;G0;Métropole;G0.1;Moitié sud;G0.1.2;AUVERGNE RHONE ALPES;G0.1.2.3;SAVOIE;G0.1.2.3.11;;;;;;;;;;;;;;;;;;5475;5328;4852;4484;3201;2563;4160;;;;;;;;;;;;;;;;;;;12,74201093;12,3569603;11,18683771;10,27417662;7,279135873;5,828311541;9,459920409
data.gouv.fr;https://www.data.gouv.fr/fr/datasets/bases-statistiques-communale-et-departementale-de-la-delinquance-enregistree-par-la-police-et-la-gendarmerie-nationales/;;Vols sans violence contre des personnes;V0;;;;;;;;;;;;;;;;;;;;;;France;G0;Métropole;G0.1;Moitié sud;G0.1.2;AUVERGNE RHONE ALPES;G0.1.2.3;HAUTE SAVOIE;G0.1.2.3.12;;;;;;;;;;;;;;;;;;7223;7118;7230;6680;5456;5960;7746;;;;;;;;;;;;;;;;;;;9,012797349;8,816389219;8,852710729;8,086246844;6,532520121;7,135964062;9,274358661
;;;;;;;;;;;;;;;;;;;;;;;;;;;;;;;;;;;;;;;;;;;;;;;;;;;;;;;;;;;;;;;;;;;;;;;;;;;;;;;;;;;;
data.gouv.fr;https://www.data.gouv.fr/fr/datasets/bases-statistiques-communale-et-departementale-de-la-delinquance-enregistree-par-la-police-et-la-gendarmerie-nationales/;;Vols sans violence contre des personnes;V0;;;;;;;;;;;;;;;;;;;;;;France;G0;Métropole;G0.1;Moitié sud;G0.1.2;PROVENCE ALPES COTE D AZUR;G0.1.2.4;ALPES DE HAUTE PROVENCE;G0.1.2.4.1;;;;;;;;;;;;;;;;;;1354;1332;1224;1120;903;983;1050;;;;;;;;;;;;;;;;;;;8,328976102;8,12616295;7,46032133;6,816466636;5,457809261;5,941336106;6,346289838
data.gouv.fr;https://www.data.gouv.fr/fr/datasets/bases-statistiques-communale-et-departementale-de-la-delinquance-enregistree-par-la-police-et-la-gendarmerie-nationales/;;Vols sans violence contre des personnes;V0;;;;;;;;;;;;;;;;;;;;;;France;G0;Métropole;G0.1;Moitié sud;G0.1.2;PROVENCE ALPES COTE D AZUR;G0.1.2.4;HAUTES ALPES;G0.1.2.4.2;;;;;;;;;;;;;;;;;;1416;1383;1234;1195;843;763;992;;;;;;;;;;;;;;;;;;;10,03493803;9,788794202;8,770558217;8,461974225;5,995519363;5,426549554;7,055225632
data.gouv.fr;https://www.data.gouv.fr/fr/datasets/bases-statistiques-communale-et-departementale-de-la-delinquance-enregistree-par-la-police-et-la-gendarmerie-nationales/;;Vols sans violence contre des personnes;V0;;;;;;;;;;;;;;;;;;;;;;France;G0;Métropole;G0.1;Moitié sud;G0.1.2;PROVENCE ALPES COTE D AZUR;G0.1.2.4;ALPES MARITIMES;G0.1.2.4.3;;;;;;;;;;;;;;;;;;19035;16426;17360;16970;13053;13855;16345;;;;;;;;;;;;;;;;;;;17,56475938;15,16278812;15,98204414;15,50787136;11,89436947;12,62518111;14,89415989
data.gouv.fr;https://www.data.gouv.fr/fr/datasets/bases-statistiques-communale-et-departementale-de-la-delinquance-enregistree-par-la-police-et-la-gendarmerie-nationales/;;Vols sans violence contre des personnes;V0;;;;;;;;;;;;;;;;;;;;;;France;G0;Métropole;G0.1;Moitié sud;G0.1.2;PROVENCE ALPES COTE D AZUR;G0.1.2.4;BOUCHES DU RHONE;G0.1.2.4.4;;;;;;;;;;;;;;;;;;31559;31889;28753;27336;22428;23911;27321;;;;;;;;;;;;;;;;;;;15,62545644;15,75417383;14,13370416;13,37960266;10,95079758;11,67489392;13,33987608
data.gouv.fr;https://www.data.gouv.fr/fr/datasets/bases-statistiques-communale-et-departementale-de-la-delinquance-enregistree-par-la-police-et-la-gendarmerie-nationales/;;Vols sans violence contre des personnes;V0;;;;;;;;;;;;;;;;;;;;;;France;G0;Métropole;G0.1;Moitié sud;G0.1.2;PROVENCE ALPES COTE D AZUR;G0.1.2.4;VAR;G0.1.2.4.5;;;;;;;;;;;;;;;;;;12330;11676;11190;10708;9025;9944;11429;;;;;;;;;;;;;;;;;;;11,67811589;11,02820334;10,48050149;9,945101332;8,316523665;9,163380757;10,53180598
data.gouv.fr;https://www.data.gouv.fr/fr/datasets/bases-statistiques-communale-et-departementale-de-la-delinquance-enregistree-par-la-police-et-la-gendarmerie-nationales/;;Vols sans violence contre des personnes;V0;;;;;;;;;;;;;;;;;;;;;;France;G0;Métropole;G0.1;Moitié sud;G0.1.2;PROVENCE ALPES COTE D AZUR;G0.1.2.4;VAUCLUSE;G0.1.2.4.6;;;;;;;;;;;;;;;;;;5466;5485;5110;5145;3647;4208;4766;;;;;;;;;;;;;;;;;;;9,777930428;9,803763859;9,128374238;9,163462275;6,490005178;7,488330625;8,481317434
;;;;;;;;;;;;;;;;;;;;;;;;;;;;;;;;;;;;;;;;;;;;;;;;;;;;;;;;;;;;;;;;;;;;;;;;;;;;;;;;;;;;
data.gouv.fr;https://www.data.gouv.fr/fr/datasets/bases-statistiques-communale-et-departementale-de-la-delinquance-enregistree-par-la-police-et-la-gendarmerie-nationales/;;Vols sans violence contre des personnes;V0;;;;;;;;;;;;;;;;;;;;;;France;G0;Métropole;G0.1;Moitié sud;G0.1.2;CORSE;G0.1.2.5;CORSE DU SUD;G0.1.2.5.1;;;;;;;;;;;;;;;;;;1159;1078;1054;934;733;847;898;;;;;;;;;;;;;;;;;;;7,511195505;6,85536951;6,677098313;5,892484244;4,558060865;5,26695437;5,584090937
data.gouv.fr;https://www.data.gouv.fr/fr/datasets/bases-statistiques-communale-et-departementale-de-la-delinquance-enregistree-par-la-police-et-la-gendarmerie-nationales/;;Vols sans violence contre des personnes;V0;;;;;;;;;;;;;;;;;;;;;;France;G0;Métropole;G0.1;Moitié sud;G0.1.2;CORSE;G0.1.2.5;HAUTE CORSE;G0.1.2.5.2;;;;;;;;;;;;;;;;;;1125;1058;1007;896;679;729;821;;;;;;;;;;;;;;;;;;;6,386529815;5,95422339;5,572741711;4,924889932;3,71267504;3,9860679;4,489110762
;;;;;;;;;;;;;;;;;;;;;;;;;;;;;;;;;;;;;;;;;;;;;;;;;;;;;;;;;;;;;;;;;;;;;;;;;;;;;;;;;;;;
;;;;;;;;;;;;;;;;;;;;;;;;;;;;;;;;;;;;;;;;;;;;;;;;;;;;;;;;;;;;;;;;;;;;;;;;;;;;;;;;;;;;
data.gouv.fr;https://www.data.gouv.fr/fr/datasets/bases-statistiques-communale-et-departementale-de-la-delinquance-enregistree-par-la-police-et-la-gendarmerie-nationales/;;Vols sans violence contre des personnes;V0;;;;;;;;;;;;;;;;;;;;;;France;G0;Outre-mer;G0.2;GUADELOUPE;G0.2.1;;;;;;;;;;;;;;;;;;;;;;3514;3155;3065;2832;2397;2353;2751;;;;;;;;;;;;;;;;;;;8,916292406;8,08449903;7,907045139;7,370412686;6,249364505;6,134649428;7,172299438
data.gouv.fr;https://www.data.gouv.fr/fr/datasets/bases-statistiques-communale-et-departementale-de-la-delinquance-enregistree-par-la-police-et-la-gendarmerie-nationales/;;Vols sans violence contre des personnes;V0;;;;;;;;;;;;;;;;;;;;;;France;G0;Outre-mer;G0.2;MARTINIQUE;G0.2.2;;;;;;;;;;;;;;;;;;;;;;2568;2584;2221;2324;1602;1543;1805;;;;;;;;;;;;;;;;;;;6,821079473;6,93516267;6,022511884;6,375717405;4,43490899;4,271575888;4,996885598
data.gouv.fr;https://www.data.gouv.fr/fr/datasets/bases-statistiques-communale-et-departementale-de-la-delinquance-enregistree-par-la-police-et-la-gendarmerie-nationales/;;Vols sans violence contre des personnes;V0;;;;;;;;;;;;;;;;;;;;;;France;G0;Outre-mer;G0.2;GUYANE;G0.2.3;;;;;;;;;;;;;;;;;;;;;;2612;2347;2179;2461;1952;1929;2053;;;;;;;;;;;;;;;;;;;9,697347709;8,734648307;7,891267818;8,736926562;6,845928041;6,765263929;7,200148703
data.gouv.fr;https://www.data.gouv.fr/fr/datasets/bases-statistiques-communale-et-departementale-de-la-delinquance-enregistree-par-la-police-et-la-gendarmerie-nationales/;;Vols sans violence contre des personnes;V0;;;;;;;;;;;;;;;;;;;;;;France;G0;Outre-mer;G0.2;LA REUNION;G0.2.4;;;;;;;;;;;;;;;;;;;;;;4688;4372;4018;3981;2956;2882;3354;;;;;;;;;;;;;;;;;;;5,496386548;5,121482934;4,694139102;4,622565925;3,424931322;3,339192175;3,886068895
data.gouv.fr;https://www.data.gouv.fr/fr/datasets/bases-statistiques-communale-et-departementale-de-la-delinquance-enregistree-par-la-police-et-la-gendarmerie-nationales/;;Vols sans violence contre des personnes;V0;;;;;;;;;;;;;;;;;;;;;;France;G0;Outre-mer;G0.2;MAYOTTE;G0.2.5;;;;;;;;;;;;;;;;;;;;;;1355;1410;1173;1265;1110;1177;1136;;;;;;;;;;;;;;;;;;;5,282280386;5,496690291;4,572778518;4,931427814;4,327181718;4,588371966;4,428539128
